site_id,location_lat,location_long,trendy_nee_iav_value,trendy_nee_iav_method,trendy_nee_iav_bin,trendy_nee_iav_bin_label,trendy_nee_iav_bin_30
AR-Bal,-37.7596,-58.3024,65.00223541259766,exact,6,54.4–70.9 gC m-2 yr-1,24
AR-CCa,-35.621,-61.3181,57.4251823425293,exact,6,54.4–70.9 gC m-2 yr-1,22
AR-CCg,-35.9244,-61.1855,57.4251823425293,exact,6,54.4–70.9 gC m-2 yr-1,22
AR-TF1,-54.9733,-66.7335,28.187585830688477,exact,3,21.3–31.9 gC m-2 yr-1,9
AR-TF2,-54.8269,-68.4549,27.713947296142575,exact,3,21.3–31.9 gC m-2 yr-1,9
BR-CST,-7.9682,-38.3842,104.47744750976562,exact,7,>70.9 gC m-2 yr-1,29
BR-ITA,-23.0604,-48.6467,77.517822265625,exact,7,>70.9 gC m-2 yr-1,27
BR-Ji3,-10.1866,-61.8725,71.5263900756836,exact,7,>70.9 gC m-2 yr-1,26
BR-Ma2,-2.6091,-60.2093,85.653778076171875,exact,7,>70.9 gC m-2 yr-1,28
BR-Ma3,-2.3907,-59.8835,82.2235336303711,exact,7,>70.9 gC m-2 yr-1,28
BR-Npw,-16.498,-56.412,58.21345138549805,exact,6,54.4–70.9 gC m-2 yr-1,22
BR-Sa1,-2.8567,-54.9589,114.85386657714844,exact,7,>70.9 gC m-2 yr-1,30
BR-Sa3,-3.018,-54.9714,91.98081970214844,exact,7,>70.9 gC m-2 yr-1,29
BR-SM1,-30.2771,-53.1479,70.94609832763672,exact,7,>70.9 gC m-2 yr-1,26
BR-Xpw,-16.373,-56.461,58.21345138549805,exact,6,54.4–70.9 gC m-2 yr-1,22
CA-ARB,52.695,-83.9452,30.60662078857422,exact,3,21.3–31.9 gC m-2 yr-1,10
CA-ARF,52.7008,-83.955,30.60662078857422,exact,3,21.3–31.9 gC m-2 yr-1,10
CA-BOU,50.5244,-63.2064,37.23420715332031,exact,4,31.9–42.1 gC m-2 yr-1,14
CA-Ca1,49.8673,-125.3336,44.40263366699219,exact,5,42.1–54.4 gC m-2 yr-1,17
CA-Ca2,49.8705,-125.2909,44.40263366699219,exact,5,42.1–54.4 gC m-2 yr-1,17
CA-Ca3,49.5346,-124.9004,20.422119140625,exact,2,5.0–21.3 gC m-2 yr-1,6
CA-Cbo,44.3184,-79.9341,60.69626235961914,exact,6,54.4–70.9 gC m-2 yr-1,23
CA-CF1,58.6658,-93.83,18.46669578552246,exact,2,5.0–21.3 gC m-2 yr-1,5
CA-CF2,58.6658,-93.83,18.46669578552246,exact,2,5.0–21.3 gC m-2 yr-1,5
CA-CF3,58.6658,-93.8304,18.46669578552246,exact,2,5.0–21.3 gC m-2 yr-1,5
CA-DB2,49.119,-122.9951,38.33341598510742,exact,4,31.9–42.1 gC m-2 yr-1,14
CA-DBB,49.1293,-122.9849,38.33341598510742,exact,4,31.9–42.1 gC m-2 yr-1,14
CA-DSM,49.0887,-122.8954,38.33341598510742,exact,4,31.9–42.1 gC m-2 yr-1,14
CA-EM1,50.3623,-100.2024,36.165771484375,exact,4,31.9–42.1 gC m-2 yr-1,13
CA-EM2,50.3706,-100.5339,40.66569137573242,exact,4,31.9–42.1 gC m-2 yr-1,15
CA-Gro,48.2167,-82.1556,48.11235046386719,exact,5,42.1–54.4 gC m-2 yr-1,18
CA-HPC,68.3203,-133.5188,16.49397850036621,exact,2,5.0–21.3 gC m-2 yr-1,5
CA-KLP,51.5902,-81.7684,35.88179397583008,exact,4,31.9–42.1 gC m-2 yr-1,13
CA-LP1,55.1119,-122.8414,36.75981521606445,exact,4,31.9–42.1 gC m-2 yr-1,14
CA-LU1,59.5951,-117.2862,34.024681091308594,exact,4,31.9–42.1 gC m-2 yr-1,12
CA-LU2,59.4405,-117.2422,37.28579330444336,exact,4,31.9–42.1 gC m-2 yr-1,14
CA-MA1,50.1645,-97.8762,40.64723587036133,exact,4,31.9–42.1 gC m-2 yr-1,15
CA-MA2,50.171,-97.8762,40.64723587036133,exact,4,31.9–42.1 gC m-2 yr-1,15
CA-MA3,50.1774,-97.8686,40.64723587036133,exact,4,31.9–42.1 gC m-2 yr-1,15
CA-Man,55.8796,-98.4808,41.65699005126953,exact,4,31.9–42.1 gC m-2 yr-1,16
CA-Mer,45.4094,-75.5186,49.607208251953125,exact,5,42.1–54.4 gC m-2 yr-1,19
CA-Mtk,72.6695,-77.9981,0.0721597671508789,exact,1,0–5 gC m-2 yr-1,1
CA-Na1,46.4722,-67.1,41.79808807373047,exact,4,31.9–42.1 gC m-2 yr-1,16
CA-Ojp,53.9163,-104.692,53.89105987548828,exact,5,42.1–54.4 gC m-2 yr-1,21
CA-PB1,54.9417,-83.4579,23.615110397338867,exact,3,21.3–31.9 gC m-2 yr-1,7
CA-PB2,54.9389,-83.4736,23.615110397338867,exact,3,21.3–31.9 gC m-2 yr-1,7
CA-Qc2,49.7598,-74.5711,28.86690902709961,exact,3,21.3–31.9 gC m-2 yr-1,10
CA-Qfo,49.6925,-74.3421,29.308134078979492,exact,3,21.3–31.9 gC m-2 yr-1,10
CA-RBM,49.1313,-123.1964,21.452747344970703,exact,3,21.3–31.9 gC m-2 yr-1,6
CA-SCB,61.3089,-121.2984,32.91255187988281,exact,4,31.9–42.1 gC m-2 yr-1,12
CA-SCC,61.3079,-121.2992,32.91255187988281,exact,4,31.9–42.1 gC m-2 yr-1,12
CA-SF1,54.485,-105.8176,45.97138595581055,exact,5,42.1–54.4 gC m-2 yr-1,18
CA-SF2,54.2539,-105.8775,45.97138595581055,exact,5,42.1–54.4 gC m-2 yr-1,18
CA-SF3,54.0916,-106.0053,47.115135192871094,exact,5,42.1–54.4 gC m-2 yr-1,18
CA-SJ2,53.945,-104.649,53.89105987548828,exact,5,42.1–54.4 gC m-2 yr-1,21
CA-SMC,63.1534,-123.2522,31.574865341186523,exact,3,21.3–31.9 gC m-2 yr-1,11
CA-TP1,42.6609,-80.5595,51.04986572265625,exact,5,42.1–54.4 gC m-2 yr-1,20
CA-TP2,42.7744,-80.4588,49.97174835205078,exact,5,42.1–54.4 gC m-2 yr-1,19
CA-TP3,42.7068,-80.3483,49.97174835205078,exact,5,42.1–54.4 gC m-2 yr-1,19
CA-TP4,42.7102,-80.3574,49.97174835205078,exact,5,42.1–54.4 gC m-2 yr-1,19
CA-TPA,42.6947,-80.3487,49.97174835205078,exact,5,42.1–54.4 gC m-2 yr-1,19
CA-TPD,42.6353,-80.5577,51.04986572265625,exact,5,42.1–54.4 gC m-2 yr-1,20
CA-TVC,68.7462,-133.5017,13.924711227416992,exact,2,5.0–21.3 gC m-2 yr-1,4
CL-ACF,-40.1726,-73.4439,77.52131652832031,exact,7,>70.9 gC m-2 yr-1,27
CL-SDF,-41.883,-73.676,55.87565231323242,exact,6,54.4–70.9 gC m-2 yr-1,21
CL-SDP,-41.879,-73.666,55.87565231323242,exact,6,54.4–70.9 gC m-2 yr-1,21
CR-Fsc,10.4189,-85.4732,41.24126052856445,exact,4,31.9–42.1 gC m-2 yr-1,16
MX-Aog,26.9968,-108.7892,92.8602294921875,exact,7,>70.9 gC m-2 yr-1,29
MX-PMm,20.8462,-86.8992,59.85200119018555,exact,6,54.4–70.9 gC m-2 yr-1,23
MX-Tes,27.8446,-109.2977,105.4043960571289,exact,7,>70.9 gC m-2 yr-1,30
PE-QFR,-3.8344,-73.319,49.48711395263672,exact,5,42.1–54.4 gC m-2 yr-1,19
PR-xGU,17.9696,-66.8687,55.10775375366211,exact,6,54.4–70.9 gC m-2 yr-1,21
PR-xLA,18.0212,-67.0769,64.544403076171875,exact,6,54.4–70.9 gC m-2 yr-1,24
US-A03,70.4953,-149.8823,28.22292709350586,exact,3,21.3–31.9 gC m-2 yr-1,9
US-A10,71.3242,-156.6149,1.6785470247268677,exact,1,0–5 gC m-2 yr-1,1
US-A32,36.8193,-97.8198,56.668819427490234,exact,6,54.4–70.9 gC m-2 yr-1,22
US-A37,36.3106,-97.928,53.72172164916992,exact,5,42.1–54.4 gC m-2 yr-1,21
US-A39,36.3776,-96.069,51.31850051879883,exact,5,42.1–54.4 gC m-2 yr-1,20
US-A74,36.8085,-97.5489,56.668819427490234,exact,6,54.4–70.9 gC m-2 yr-1,22
US-ABa,27.1301,-81.2011,66.49152374267578,exact,6,54.4–70.9 gC m-2 yr-1,25
US-ABb,27.1346,-81.2031,66.49152374267578,exact,6,54.4–70.9 gC m-2 yr-1,25
US-ABc,27.1633,-81.1873,66.49152374267578,exact,6,54.4–70.9 gC m-2 yr-1,25
US-ABd,27.1699,-81.2152,66.49152374267578,exact,6,54.4–70.9 gC m-2 yr-1,25
US-ABe,27.1656,-81.2161,66.49152374267578,exact,6,54.4–70.9 gC m-2 yr-1,25
US-ADR,36.7653,-116.6933,7.41502857208252,exact,2,5.0–21.3 gC m-2 yr-1,2
US-Akn,33.3825,-81.5653,79.22498321533203,exact,7,>70.9 gC m-2 yr-1,27
US-ALQ,46.0308,-89.6067,46.80606842041016,exact,5,42.1–54.4 gC m-2 yr-1,18
US-AR1,36.4267,-99.42,56.65922546386719,exact,6,54.4–70.9 gC m-2 yr-1,22
US-AR2,36.6358,-99.5975,56.24404525756836,exact,6,54.4–70.9 gC m-2 yr-1,21
US-ARb,35.5497,-98.0402,54.286258697509766,exact,5,42.1–54.4 gC m-2 yr-1,21
US-ARc,35.5465,-98.04,54.286258697509766,exact,5,42.1–54.4 gC m-2 yr-1,21
US-ARM,36.6058,-97.4888,57.99056243896485,exact,6,54.4–70.9 gC m-2 yr-1,22
US-ASH,36.1697,-120.201,40.22392654418945,exact,4,31.9–42.1 gC m-2 yr-1,15
US-ASM,36.1777,-120.2026,40.22392654418945,exact,4,31.9–42.1 gC m-2 yr-1,15
US-Aud,31.5907,-110.5104,29.85690116882324,exact,3,21.3–31.9 gC m-2 yr-1,10
US-Bar,44.0646,-71.2881,42.572078704833984,exact,5,42.1–54.4 gC m-2 yr-1,16
US-Bi1,38.0992,-121.4993,34.23552322387695,exact,4,31.9–42.1 gC m-2 yr-1,12
US-Bi2,38.1091,-121.5351,35.703857421875,exact,4,31.9–42.1 gC m-2 yr-1,13
US-BRG,39.2167,-86.5406,60.3980598449707,exact,6,54.4–70.9 gC m-2 yr-1,23
US-BZB,64.6955,-148.3208,41.072532653808594,exact,4,31.9–42.1 gC m-2 yr-1,15
US-BZF,64.7013,-148.3121,41.072532653808594,exact,4,31.9–42.1 gC m-2 yr-1,15
US-BZo,64.6936,-148.33,41.072532653808594,exact,4,31.9–42.1 gC m-2 yr-1,15
US-CAK,64.8618,-163.7002,28.820152282714844,exact,3,21.3–31.9 gC m-2 yr-1,10
US-CdM,37.5241,-109.7471,35.1580810546875,exact,4,31.9–42.1 gC m-2 yr-1,13
US-Ced,39.8379,-74.3791,62.422760009765625,exact,6,54.4–70.9 gC m-2 yr-1,23
US-CF1,46.7815,-117.0821,33.89189147949219,exact,4,31.9–42.1 gC m-2 yr-1,12
US-CF2,46.784,-117.0908,33.89189147949219,exact,4,31.9–42.1 gC m-2 yr-1,12
US-CF3,46.7551,-117.1261,33.89189147949219,exact,4,31.9–42.1 gC m-2 yr-1,12
US-CF4,46.7518,-117.1285,33.89189147949219,exact,4,31.9–42.1 gC m-2 yr-1,12
US-CGG,37.938,-121.9761,42.80757141113281,exact,5,42.1–54.4 gC m-2 yr-1,16
US-ChR,35.9311,-84.3324,64.25120544433594,exact,6,54.4–70.9 gC m-2 yr-1,24
US-CLF,40.6366,-77.9424,60.47190856933594,exact,6,54.4–70.9 gC m-2 yr-1,23
US-Cms,71.3202,-156.6223,1.6785470247268677,exact,1,0–5 gC m-2 yr-1,1
US-CMW,31.6637,-110.1777,32.373470306396484,exact,4,31.9–42.1 gC m-2 yr-1,11
US-Cop,38.09,-109.39,35.533748626708984,exact,4,31.9–42.1 gC m-2 yr-1,13
US-CRK,31.4629,-95.3415,82.70287322998047,exact,7,>70.9 gC m-2 yr-1,28
US-CRT,41.6285,-83.3471,31.81790542602539,exact,3,21.3–31.9 gC m-2 yr-1,11
US-CS1,44.1031,-89.5379,45.65890121459961,exact,5,42.1–54.4 gC m-2 yr-1,17
US-CS2,44.1467,-89.5002,45.65890121459961,exact,5,42.1–54.4 gC m-2 yr-1,17
US-CS3,44.1394,-89.5727,45.65890121459961,exact,5,42.1–54.4 gC m-2 yr-1,17
US-CS4,44.1597,-89.5475,45.65890121459961,exact,5,42.1–54.4 gC m-2 yr-1,17
US-CS5,44.1095,-89.5377,45.65890121459961,exact,5,42.1–54.4 gC m-2 yr-1,17
US-CS6,44.4297,-89.544,45.65890121459961,exact,5,42.1–54.4 gC m-2 yr-1,17
US-CS8,44.4338,-89.5364,45.65890121459961,exact,5,42.1–54.4 gC m-2 yr-1,17
US-Cst,33.0442,-91.9204,93.57884216308594,exact,7,>70.9 gC m-2 yr-1,29
US-Cwt,35.0592,-83.4275,63.82705307006836,exact,6,54.4–70.9 gC m-2 yr-1,24
US-DFC,43.3448,-89.7117,52.75017166137695,exact,5,42.1–54.4 gC m-2 yr-1,20
US-DFK,43.3453,-89.7154,52.75017166137695,exact,5,42.1–54.4 gC m-2 yr-1,20
US-Dix,39.9712,-74.4346,62.422760009765625,exact,6,54.4–70.9 gC m-2 yr-1,23
US-Dk1,35.9712,-79.0934,75.05833435058594,exact,7,>70.9 gC m-2 yr-1,26
US-Dk2,35.9736,-79.1004,75.05833435058594,exact,7,>70.9 gC m-2 yr-1,26
US-Dk3,35.9782,-79.0942,75.05833435058594,exact,7,>70.9 gC m-2 yr-1,26
US-Dmg,38.0015,-121.6691,35.703857421875,exact,4,31.9–42.1 gC m-2 yr-1,13
US-DPW,28.0521,-81.4361,68.95140838623047,exact,6,54.4–70.9 gC m-2 yr-1,25
US-DS1,38.1335,-121.539,35.703857421875,exact,4,31.9–42.1 gC m-2 yr-1,13
US-DS2,38.1375,-121.514,35.703857421875,exact,4,31.9–42.1 gC m-2 yr-1,13
US-DS3,38.1235,-121.549,35.703857421875,exact,4,31.9–42.1 gC m-2 yr-1,13
US-EA4,29.6633,-98.3816,85.88706970214844,exact,7,>70.9 gC m-2 yr-1,28
US-EA5,29.3584,-99.9576,73.096954345703125,exact,7,>70.9 gC m-2 yr-1,26
US-EA6,29.6561,-99.9588,67.3167953491211,exact,6,54.4–70.9 gC m-2 yr-1,25
US-EDN,37.6156,-122.114,42.380252838134766,exact,5,42.1–54.4 gC m-2 yr-1,16
US-EKH,36.8094,-121.7523,48.088775634765625,exact,5,42.1–54.4 gC m-2 yr-1,18
US-EKN,36.8357,-121.7328,48.088775634765625,exact,5,42.1–54.4 gC m-2 yr-1,18
US-EKP,36.8558,-121.7488,48.088775634765625,exact,5,42.1–54.4 gC m-2 yr-1,18
US-Elm,25.5519,-80.7826,87.9400405883789,exact,7,>70.9 gC m-2 yr-1,28
US-EML,63.8784,-149.2536,31.578067779541016,exact,3,21.3–31.9 gC m-2 yr-1,11
US-Esm,25.4379,-80.5946,65.82170867919922,exact,6,54.4–70.9 gC m-2 yr-1,24
US-EvM,25.3539,-80.381,57.34371566772461,exact,6,54.4–70.9 gC m-2 yr-1,22
US-Fcr,65.3968,-148.9348,36.422367095947266,exact,4,31.9–42.1 gC m-2 yr-1,13
US-Fmf,35.1426,-111.7273,62.31810760498047,exact,6,54.4–70.9 gC m-2 yr-1,23
US-Fo1,70.085,-148.5671,19.478357315063477,exact,2,5.0–21.3 gC m-2 yr-1,6
US-Fo2,70.0229,-148.6598,19.478357315063477,exact,2,5.0–21.3 gC m-2 yr-1,6
US-Fuf,35.089,-111.762,62.31810760498047,exact,6,54.4–70.9 gC m-2 yr-1,23
US-Fwf,35.4454,-111.7718,62.31810760498047,exact,6,54.4–70.9 gC m-2 yr-1,23
US-GLE,41.3665,-106.2399,21.373937606811523,exact,3,21.3–31.9 gC m-2 yr-1,6
US-Ha1,42.5378,-72.1715,48.78166198730469,exact,5,42.1–54.4 gC m-2 yr-1,19
US-HB1,33.3455,-79.1957,56.17129898071289,exact,6,54.4–70.9 gC m-2 yr-1,21
US-HB2,33.3242,-79.244,56.17129898071289,exact,6,54.4–70.9 gC m-2 yr-1,21
US-HB3,33.3482,-79.2322,56.17129898071289,exact,6,54.4–70.9 gC m-2 yr-1,21
US-HB4,33.2015,-79.2975,56.17129898071289,exact,6,54.4–70.9 gC m-2 yr-1,21
US-HBK,43.9397,-71.7181,53.44877243041992,exact,5,42.1–54.4 gC m-2 yr-1,20
US-Hn2,46.6889,-119.4641,20.421329498291016,exact,2,5.0–21.3 gC m-2 yr-1,6
US-Hn3,46.6878,-119.4614,20.421329498291016,exact,2,5.0–21.3 gC m-2 yr-1,6
US-Ho2,45.209,-68.747,51.57353210449219,exact,5,42.1–54.4 gC m-2 yr-1,20
US-Ho3,45.2072,-68.7265,51.57353210449219,exact,5,42.1–54.4 gC m-2 yr-1,20
US-HRA,34.5852,-91.7517,74.98115539550781,exact,7,>70.9 gC m-2 yr-1,26
US-HRC,34.5888,-91.7517,74.98115539550781,exact,7,>70.9 gC m-2 yr-1,26
US-Hsm,38.2368,-122.0212,48.097923278808594,exact,5,42.1–54.4 gC m-2 yr-1,18
US-HVs,69.1672,-148.8569,29.1363582611084,exact,3,21.3–31.9 gC m-2 yr-1,10
US-HWB,40.8608,-77.8488,60.47190856933594,exact,6,54.4–70.9 gC m-2 yr-1,23
US-IAB,42.0001,-93.7016,50.43274688720703,exact,5,42.1–54.4 gC m-2 yr-1,19
US-IAC,41.9984,-93.7016,54.425987243652344,exact,6,54.4–70.9 gC m-2 yr-1,21
US-IAM,41.9994,-93.7042,54.425987243652344,exact,6,54.4–70.9 gC m-2 yr-1,21
US-ICh,68.6068,-149.2958,24.626209259033203,exact,3,21.3–31.9 gC m-2 yr-1,8
US-ICs,68.6058,-149.311,24.626209259033203,exact,3,21.3–31.9 gC m-2 yr-1,8
US-ICt,68.6063,-149.3041,24.626209259033203,exact,3,21.3–31.9 gC m-2 yr-1,8
US-Jo1,32.582,-106.635,19.15228271484375,exact,2,5.0–21.3 gC m-2 yr-1,5
US-Jo2,32.5849,-106.6032,19.15228271484375,exact,2,5.0–21.3 gC m-2 yr-1,5
US-KFS,39.0561,-95.1907,51.02814102172851,exact,5,42.1–54.4 gC m-2 yr-1,20
US-Kon,39.0824,-96.5603,53.822113037109375,exact,5,42.1–54.4 gC m-2 yr-1,21
US-KPL,60.5382,-150.5061,42.00193405151367,exact,4,31.9–42.1 gC m-2 yr-1,16
US-KS1,28.4583,-80.6709,58.07012939453125,exact,6,54.4–70.9 gC m-2 yr-1,22
US-KS2,28.6086,-80.6715,55.89546203613281,exact,6,54.4–70.9 gC m-2 yr-1,21
US-KS3,28.7084,-80.7427,55.89546203613281,exact,6,54.4–70.9 gC m-2 yr-1,21
US-LA2,29.8587,-90.2869,64.19868469238281,exact,6,54.4–70.9 gC m-2 yr-1,24
US-LA3,29.4936,-89.9153,35.96445846557617,exact,4,31.9–42.1 gC m-2 yr-1,13
US-Lin,36.3566,-119.0922,31.211713790893555,exact,3,21.3–31.9 gC m-2 yr-1,11
US-Los,46.0827,-89.9786,46.80606842041016,exact,5,42.1–54.4 gC m-2 yr-1,18
US-LS1,31.5615,-110.1403,32.373470306396484,exact,4,31.9–42.1 gC m-2 yr-1,11
US-MBP,47.5051,-93.4893,60.456729888916016,exact,6,54.4–70.9 gC m-2 yr-1,23
US-Me1,44.5794,-121.5,47.92609405517578,exact,5,42.1–54.4 gC m-2 yr-1,18
US-Me3,44.3154,-121.6078,43.99048614501953,exact,5,42.1–54.4 gC m-2 yr-1,17
US-Me5,44.4372,-121.5668,43.99048614501953,exact,5,42.1–54.4 gC m-2 yr-1,17
US-Me6,44.3232,-121.6044,43.99048614501953,exact,5,42.1–54.4 gC m-2 yr-1,17
US-Me7,44.4534,-121.5619,43.99048614501953,exact,5,42.1–54.4 gC m-2 yr-1,17
US-MEF,39.1006,-105.1024,66.75727844238281,exact,6,54.4–70.9 gC m-2 yr-1,25
US-MMS,39.3232,-86.4133,59.03190994262695,exact,6,54.4–70.9 gC m-2 yr-1,22
US-MN1,45.6168,-96.1269,47.65911865234375,exact,5,42.1–54.4 gC m-2 yr-1,18
US-MN2,45.627,-96.1271,47.65911865234375,exact,5,42.1–54.4 gC m-2 yr-1,18
US-MN3,45.6091,-96.1265,47.65911865234375,exact,5,42.1–54.4 gC m-2 yr-1,18
US-Mo1,39.2298,-92.1167,61.06671142578125,exact,6,54.4–70.9 gC m-2 yr-1,23
US-Mo2,38.9488,-91.9945,63.36971664428711,exact,6,54.4–70.9 gC m-2 yr-1,24
US-Mo3,39.2322,-92.1493,61.06671142578125,exact,6,54.4–70.9 gC m-2 yr-1,23
US-MOz,38.7441,-92.2,67.75593566894531,exact,6,54.4–70.9 gC m-2 yr-1,25
US-Mpj,34.4382,-106.2385,32.67795181274414,exact,4,31.9–42.1 gC m-2 yr-1,11
US-MtB,32.416,-110.7256,31.398038864135746,exact,3,21.3–31.9 gC m-2 yr-1,11
US-Myb,38.0499,-121.765,35.703857421875,exact,4,31.9–42.1 gC m-2 yr-1,13
US-MZA,43.0441,-76.7897,44.0565071105957,exact,5,42.1–54.4 gC m-2 yr-1,17
US-NC1,35.8118,-76.7119,70.90606689453125,exact,7,>70.9 gC m-2 yr-1,26
US-NC2,35.803,-76.6685,70.90606689453125,exact,7,>70.9 gC m-2 yr-1,26
US-NC3,35.799,-76.656,70.90606689453125,exact,7,>70.9 gC m-2 yr-1,26
US-NC4,35.7817,-75.9135,50.05698776245117,exact,5,42.1–54.4 gC m-2 yr-1,19
US-NC5,36.1565,-78.7878,79.237762451171875,exact,7,>70.9 gC m-2 yr-1,27
US-Ne1,41.1651,-96.4766,43.7060546875,exact,5,42.1–54.4 gC m-2 yr-1,17
US-Ne2,41.1649,-96.4701,43.7060546875,exact,5,42.1–54.4 gC m-2 yr-1,17
US-Ne3,41.1797,-96.4397,43.7060546875,exact,5,42.1–54.4 gC m-2 yr-1,17
US-NGB,71.28,-156.6092,1.6785470247268677,exact,1,0–5 gC m-2 yr-1,1
US-NGC,64.8618,-163.7002,28.820152282714844,exact,3,21.3–31.9 gC m-2 yr-1,10
US-NR1,40.0329,-105.547,30.316959381103516,exact,3,21.3–31.9 gC m-2 yr-1,10
US-NR3,40.052,-105.5864,30.316959381103516,exact,3,21.3–31.9 gC m-2 yr-1,10
US-NSa,36.6029,-119.5061,30.50186538696289,exact,3,21.3–31.9 gC m-2 yr-1,10
US-NSb,36.3354,-120.1183,40.22392654418945,exact,4,31.9–42.1 gC m-2 yr-1,15
US-Oho,41.5545,-83.8438,57.55900955200195,exact,6,54.4–70.9 gC m-2 yr-1,22
US-ONA,27.3836,-81.9509,51.73332214355469,exact,5,42.1–54.4 gC m-2 yr-1,20
US-OPE,39.0293,-76.8457,59.05137252807617,exact,6,54.4–70.9 gC m-2 yr-1,22
US-OWC,41.3793,-82.5124,52.18299865722656,exact,5,42.1–54.4 gC m-2 yr-1,20
US-PAS,27.3944,-81.951,51.73332214355469,exact,5,42.1–54.4 gC m-2 yr-1,20
US-PFb,45.972,-90.3232,47.80511474609375,exact,5,42.1–54.4 gC m-2 yr-1,18
US-PFc,45.9677,-90.3088,47.80511474609375,exact,5,42.1–54.4 gC m-2 yr-1,18
US-PFd,45.9689,-90.301,47.80511474609375,exact,5,42.1–54.4 gC m-2 yr-1,18
US-PFf,45.9458,-90.2944,47.80511474609375,exact,5,42.1–54.4 gC m-2 yr-1,18
US-PFg,45.9735,-90.2723,47.80511474609375,exact,5,42.1–54.4 gC m-2 yr-1,18
US-PFh,45.9557,-90.2406,47.80511474609375,exact,5,42.1–54.4 gC m-2 yr-1,18
US-PFi,45.9749,-90.2327,47.80511474609375,exact,5,42.1–54.4 gC m-2 yr-1,18
US-PFj,45.9619,-90.227,47.80511474609375,exact,5,42.1–54.4 gC m-2 yr-1,18
US-PFk,45.9149,-90.3425,47.80511474609375,exact,5,42.1–54.4 gC m-2 yr-1,18
US-PFL,45.9409,-90.3177,47.80511474609375,exact,5,42.1–54.4 gC m-2 yr-1,18
US-PFm,45.9207,-90.3099,47.80511474609375,exact,5,42.1–54.4 gC m-2 yr-1,18
US-PFn,45.9392,-90.2823,47.80511474609375,exact,5,42.1–54.4 gC m-2 yr-1,18
US-PFp,45.9365,-90.2641,47.80511474609375,exact,5,42.1–54.4 gC m-2 yr-1,18
US-PFq,45.9271,-90.2475,47.80511474609375,exact,5,42.1–54.4 gC m-2 yr-1,18
US-PFr,45.9245,-90.2475,47.80511474609375,exact,5,42.1–54.4 gC m-2 yr-1,18
US-PFt,45.9197,-90.2288,47.80511474609375,exact,5,42.1–54.4 gC m-2 yr-1,18
US-PLo,42.7496,-70.9157,37.20917510986328,exact,4,31.9–42.1 gC m-2 yr-1,14
US-Prr,65.1237,-147.4876,32.2696418762207,exact,4,31.9–42.1 gC m-2 yr-1,11
US-PSH,36.2347,-119.9247,29.78864097595215,exact,3,21.3–31.9 gC m-2 yr-1,10
US-PSL,36.8276,-120.1397,32.70863723754883,exact,4,31.9–42.1 gC m-2 yr-1,12
US-RC1,46.7837,-117.0777,33.89189147949219,exact,4,31.9–42.1 gC m-2 yr-1,12
US-RC2,46.7776,-117.0807,33.89189147949219,exact,4,31.9–42.1 gC m-2 yr-1,12
US-RC3,46.991,-118.598,29.85625648498535,exact,3,21.3–31.9 gC m-2 yr-1,10
US-RC4,46.758,-116.949,41.46653747558594,exact,4,31.9–42.1 gC m-2 yr-1,16
US-RC5,47.01,-119.248,23.85581398010254,exact,3,21.3–31.9 gC m-2 yr-1,7
US-RGA,34.4159,-91.6733,81.62554168701172,exact,7,>70.9 gC m-2 yr-1,28
US-RGB,39.5782,-121.8579,45.709983825683594,exact,5,42.1–54.4 gC m-2 yr-1,17
US-RGF,37.6995,-121.1369,36.260311126708984,exact,4,31.9–42.1 gC m-2 yr-1,13
US-RGo,39.6805,-122.0026,49.357059478759766,exact,5,42.1–54.4 gC m-2 yr-1,19
US-RGW,33.6216,-91.4306,83.94859313964844,exact,7,>70.9 gC m-2 yr-1,28
US-Rls,43.1439,-116.7356,35.03424835205078,exact,4,31.9–42.1 gC m-2 yr-1,13
US-Rms,43.0645,-116.7486,35.03424835205078,exact,4,31.9–42.1 gC m-2 yr-1,13
US-Ro1,44.7143,-93.0898,37.06844329833984,exact,4,31.9–42.1 gC m-2 yr-1,14
US-Ro2,44.7288,-93.0888,37.06844329833984,exact,4,31.9–42.1 gC m-2 yr-1,14
US-Ro3,44.7217,-93.0893,37.06844329833984,exact,4,31.9–42.1 gC m-2 yr-1,14
US-Ro4,44.6781,-93.0723,37.06844329833984,exact,4,31.9–42.1 gC m-2 yr-1,14
US-Ro5,44.691,-93.0576,37.06844329833984,exact,4,31.9–42.1 gC m-2 yr-1,14
US-Ro6,44.6946,-93.0578,37.06844329833984,exact,4,31.9–42.1 gC m-2 yr-1,14
US-Rpf,65.1198,-147.429,32.2696418762207,exact,4,31.9–42.1 gC m-2 yr-1,11
US-RRC,37.3344,-77.2065,75.794677734375,exact,7,>70.9 gC m-2 yr-1,27
US-Rwe,43.0653,-116.7591,35.03424835205078,exact,4,31.9–42.1 gC m-2 yr-1,13
US-Rwf,43.1207,-116.7231,35.03424835205078,exact,4,31.9–42.1 gC m-2 yr-1,13
US-Rws,43.1675,-116.7132,35.03424835205078,exact,4,31.9–42.1 gC m-2 yr-1,13
US-Sag,69.5131,-148.5676,20.473501205444336,exact,2,5.0–21.3 gC m-2 yr-1,6
US-SD1,41.2048,-86.0296,55.5615234375,exact,6,54.4–70.9 gC m-2 yr-1,21
US-SD2,41.1785,-85.9977,58.00476837158203,exact,6,54.4–70.9 gC m-2 yr-1,22
US-Seg,34.3603,-106.7003,16.321208953857422,exact,2,5.0–21.3 gC m-2 yr-1,4
US-Ses,34.335,-106.7448,16.321208953857422,exact,2,5.0–21.3 gC m-2 yr-1,4
US-SHC,39.4315,-120.2398,36.820274353027344,exact,4,31.9–42.1 gC m-2 yr-1,14
US-Slt,39.9138,-74.596,68.30303192138672,exact,6,54.4–70.9 gC m-2 yr-1,25
US-Sne,38.0369,-121.7547,35.703857421875,exact,4,31.9–42.1 gC m-2 yr-1,13
US-Snf,38.0402,-121.7272,35.703857421875,exact,4,31.9–42.1 gC m-2 yr-1,13
US-SP1,29.7381,-82.2188,75.44515228271484,exact,7,>70.9 gC m-2 yr-1,27
US-SRC,31.9083,-110.8395,29.85690116882324,exact,3,21.3–31.9 gC m-2 yr-1,10
US-SRG,31.7894,-110.8277,29.85690116882324,exact,3,21.3–31.9 gC m-2 yr-1,10
US-SRM,31.8214,-110.8661,29.85690116882324,exact,3,21.3–31.9 gC m-2 yr-1,10
US-Srr,38.2006,-122.0264,48.097923278808594,exact,5,42.1–54.4 gC m-2 yr-1,18
US-SRS,31.8173,-110.8508,29.85690116882324,exact,3,21.3–31.9 gC m-2 yr-1,10
US-SSH,40.6658,-77.9041,60.47190856933594,exact,6,54.4–70.9 gC m-2 yr-1,23
US-Sta,41.3966,-106.8024,39.68846893310547,exact,4,31.9–42.1 gC m-2 yr-1,15
US-StJ,39.0882,-75.4372,47.951385498046875,exact,5,42.1–54.4 gC m-2 yr-1,18
US-Syv,46.2421,-89.3459,54.891868591308594,exact,6,54.4–70.9 gC m-2 yr-1,21
US-TaS,25.1908,-80.6391,65.82170867919922,exact,6,54.4–70.9 gC m-2 yr-1,24
US-TKs,68.6337,-149.5769,33.11748123168945,exact,4,31.9–42.1 gC m-2 yr-1,12
US-TLR,35.9168,-76.1463,63.5955696105957,exact,6,54.4–70.9 gC m-2 yr-1,24
US-Ton,38.4309,-120.966,42.84930419921875,exact,5,42.1–54.4 gC m-2 yr-1,16
US-Tw1,38.1074,-121.6469,35.703857421875,exact,4,31.9–42.1 gC m-2 yr-1,13
US-Tw2,38.0969,-121.6365,35.703857421875,exact,4,31.9–42.1 gC m-2 yr-1,13
US-Tw3,38.1152,-121.6469,35.703857421875,exact,4,31.9–42.1 gC m-2 yr-1,13
US-Tw4,38.1027,-121.6413,35.703857421875,exact,4,31.9–42.1 gC m-2 yr-1,13
US-Tw5,38.1072,-121.6426,35.703857421875,exact,4,31.9–42.1 gC m-2 yr-1,13
US-Twt,38.1087,-121.6531,35.703857421875,exact,4,31.9–42.1 gC m-2 yr-1,13
US-Uaf,64.8663,-147.8555,31.384281158447266,exact,3,21.3–31.9 gC m-2 yr-1,11
US-UC1,40.7536,-78.0056,52.85396957397461,exact,5,42.1–54.4 gC m-2 yr-1,20
US-UC2,40.7559,-77.9998,60.47190856933594,exact,6,54.4–70.9 gC m-2 yr-1,23
US-UiA,40.0646,-88.1961,57.67061996459961,exact,6,54.4–70.9 gC m-2 yr-1,22
US-UiB,40.0628,-88.1984,57.67061996459961,exact,6,54.4–70.9 gC m-2 yr-1,22
US-UiC,40.0628,-88.1961,57.67061996459961,exact,6,54.4–70.9 gC m-2 yr-1,22
US-UiD,40.0646,-88.1985,57.67061996459961,exact,6,54.4–70.9 gC m-2 yr-1,22
US-UiE,40.0629,-88.2033,57.67061996459961,exact,6,54.4–70.9 gC m-2 yr-1,22
US-UiF,40.0665,-88.2015,57.67061996459961,exact,6,54.4–70.9 gC m-2 yr-1,22
US-UiG,40.0629,-88.2009,57.67061996459961,exact,6,54.4–70.9 gC m-2 yr-1,22
US-UMd,45.5625,-84.6975,18.45685386657715,exact,2,5.0–21.3 gC m-2 yr-1,5
US-UTB,40.7848,-113.8299,8.597027778625488,exact,2,5.0–21.3 gC m-2 yr-1,2
US-UTD,38.1038,-109.5952,26.923784255981445,exact,3,21.3–31.9 gC m-2 yr-1,9
US-UTE,37.7353,-111.5708,30.043155670166016,exact,3,21.3–31.9 gC m-2 yr-1,10
US-UTJ,37.2818,-109.5348,22.334257125854492,exact,3,21.3–31.9 gC m-2 yr-1,7
US-UTL,40.1877,-109.6579,15.016839027404783,exact,2,5.0–21.3 gC m-2 yr-1,4
US-UTM,38.5879,-109.5775,24.037017822265625,exact,3,21.3–31.9 gC m-2 yr-1,7
US-UTP,41.0604,-112.1013,29.769990921020508,exact,3,21.3–31.9 gC m-2 yr-1,10
US-UTV,40.1266,-109.9546,15.016839027404783,exact,2,5.0–21.3 gC m-2 yr-1,4
US-UTW,39.4453,-110.7288,18.91976547241211,exact,2,5.0–21.3 gC m-2 yr-1,5
US-Var,38.4133,-120.9508,42.84930419921875,exact,5,42.1–54.4 gC m-2 yr-1,16
US-Vcm,35.8885,-106.5322,36.61842727661133,exact,4,31.9–42.1 gC m-2 yr-1,13
US-Vcp,35.8641,-106.5965,36.61842727661133,exact,4,31.9–42.1 gC m-2 yr-1,13
US-VT1,40.4064,-87.5214,62.613243103027344,exact,6,54.4–70.9 gC m-2 yr-1,24
US-VT2,40.4018,-87.5213,62.613243103027344,exact,6,54.4–70.9 gC m-2 yr-1,24
US-WCr,45.8058,-90.0795,47.80511474609375,exact,5,42.1–54.4 gC m-2 yr-1,18
US-Whs,31.7438,-110.0522,32.373470306396484,exact,4,31.9–42.1 gC m-2 yr-1,11
US-Wjs,34.4258,-105.8617,33.044376373291016,exact,4,31.9–42.1 gC m-2 yr-1,12
US-Wkg,31.7365,-109.9419,25.938570022583008,exact,3,21.3–31.9 gC m-2 yr-1,8
US-WPT,41.4646,-82.9962,52.18299865722656,exact,5,42.1–54.4 gC m-2 yr-1,20
US-WT1,34.3674,-101.8154,42.00157928466797,exact,4,31.9–42.1 gC m-2 yr-1,16
US-xAB,45.7624,-122.3303,45.87887954711914,exact,5,42.1–54.4 gC m-2 yr-1,18
US-xAE,35.4106,-99.0588,54.51464080810547,exact,6,54.4–70.9 gC m-2 yr-1,21
US-xBA,71.2824,-156.6194,1.6785470247268677,exact,1,0–5 gC m-2 yr-1,1
US-xBL,39.0603,-78.0716,65.5875244140625,exact,6,54.4–70.9 gC m-2 yr-1,24
US-xBN,65.154,-147.5026,36.35524368286133,exact,4,31.9–42.1 gC m-2 yr-1,13
US-xBR,44.0639,-71.2873,42.572078704833984,exact,5,42.1–54.4 gC m-2 yr-1,16
US-xCL,33.4012,-97.57,72.04655456542969,exact,7,>70.9 gC m-2 yr-1,26
US-xCP,40.8155,-104.7456,48.89785385131836,exact,5,42.1–54.4 gC m-2 yr-1,19
US-xDC,47.1617,-99.1066,37.53191757202149,exact,4,31.9–42.1 gC m-2 yr-1,14
US-xDJ,63.881100000000004,-145.7514,29.150310516357425,exact,3,21.3–31.9 gC m-2 yr-1,10
US-xDL,32.5417,-87.8039,83.41522979736328,exact,7,>70.9 gC m-2 yr-1,28
US-xDS,28.125,-81.4362,68.95140838623047,exact,6,54.4–70.9 gC m-2 yr-1,25
US-xGR,35.689,-83.5019,67.10722351074219,exact,6,54.4–70.9 gC m-2 yr-1,25
US-xHE,63.8757,-149.2133,31.578067779541016,exact,3,21.3–31.9 gC m-2 yr-1,11
US-xJE,31.1948,-84.4686,82.2308578491211,exact,7,>70.9 gC m-2 yr-1,28
US-xJR,32.5907,-106.8425,19.15228271484375,exact,2,5.0–21.3 gC m-2 yr-1,5
US-xKZ,39.1008,-96.5631,53.822113037109375,exact,5,42.1–54.4 gC m-2 yr-1,21
US-xLE,31.8539,-88.1612,85.16783142089844,exact,7,>70.9 gC m-2 yr-1,28
US-xMB,38.2483,-109.3883,35.533748626708984,exact,4,31.9–42.1 gC m-2 yr-1,13
US-xML,37.3783,-80.5248,69.607330322265625,exact,6,54.4–70.9 gC m-2 yr-1,25
US-xNG,46.7697,-100.9154,48.59869766235352,exact,5,42.1–54.4 gC m-2 yr-1,19
US-xNQ,40.1776,-112.4524,43.0838623046875,exact,5,42.1–54.4 gC m-2 yr-1,16
US-xNW,40.0543,-105.5824,30.316959381103516,exact,3,21.3–31.9 gC m-2 yr-1,10
US-xPU,19.5531,-155.3173,59.17036437988281,exact,6,54.4–70.9 gC m-2 yr-1,22
US-xRM,40.2759,-105.5459,30.316959381103516,exact,3,21.3–31.9 gC m-2 yr-1,10
US-xRN,35.9641,-84.2826,64.25120544433594,exact,6,54.4–70.9 gC m-2 yr-1,24
US-xSB,29.6893,-81.9934,78.32198333740234,exact,7,>70.9 gC m-2 yr-1,27
US-xSC,38.8929,-78.1395,70.03092956542969,exact,6,54.4–70.9 gC m-2 yr-1,25
US-xSE,38.8901,-76.56,72.65914154052734,exact,7,>70.9 gC m-2 yr-1,26
US-xSJ,37.1088,-119.7323,41.66837310791016,exact,4,31.9–42.1 gC m-2 yr-1,16
US-xSL,40.4619,-103.0293,48.39796829223633,exact,5,42.1–54.4 gC m-2 yr-1,18
US-xSP,37.0334,-119.26220000000001,48.532012939453125,exact,5,42.1–54.4 gC m-2 yr-1,19
US-xSR,31.9107,-110.8355,29.85690116882324,exact,3,21.3–31.9 gC m-2 yr-1,10
US-xST,45.5089,-89.5864,48.38981246948242,exact,5,42.1–54.4 gC m-2 yr-1,18
US-xTE,37.0058,-119.006,48.532012939453125,exact,5,42.1–54.4 gC m-2 yr-1,19
US-xTL,68.6611,-149.3705,24.626209259033203,exact,3,21.3–31.9 gC m-2 yr-1,8
US-xTR,45.4937,-89.5857,48.152679443359375,exact,5,42.1–54.4 gC m-2 yr-1,18
US-xUK,39.0404,-95.1921,51.02814102172851,exact,5,42.1–54.4 gC m-2 yr-1,20
US-xUN,46.2339,-89.5373,46.80606842041016,exact,5,42.1–54.4 gC m-2 yr-1,18
US-xWD,47.1282,-99.2414,37.53191757202149,exact,4,31.9–42.1 gC m-2 yr-1,14
US-xWR,45.8205,-121.9519,43.27487564086914,exact,5,42.1–54.4 gC m-2 yr-1,16
US-xYE,44.9535,-110.5391,31.66269302368164,exact,3,21.3–31.9 gC m-2 yr-1,11
US-YK1,61.2723,-163.2228,36.54438018798828,exact,4,31.9–42.1 gC m-2 yr-1,13
US-YK2,61.2548,-163.259,36.54438018798828,exact,4,31.9–42.1 gC m-2 yr-1,13
US-ZF2,40.7939,-87.5355,56.80087661743164,exact,6,54.4–70.9 gC m-2 yr-1,22
ZA-Uby,-27.3952,32.5889,67.859771728515625,exact,6,54.4–70.9 gC m-2 yr-1,25
ZA-Spk,-28.70408,29.52614,81.37833404541016,exact,7,>70.9 gC m-2 yr-1,28
ZA-Jks,-33.99029,18.95543,50.01709747314453,exact,5,42.1–54.4 gC m-2 yr-1,19
ZA-BfS,-28.8906,24.86112,54.86598205566406,exact,6,54.4–70.9 gC m-2 yr-1,21
ZA-BfK,-28.856483,24.83985,54.86598205566406,exact,6,54.4–70.9 gC m-2 yr-1,21
KR-WdE,34.35956,126.67779,41.025882720947266,exact,4,31.9–42.1 gC m-2 yr-1,15
KR-UAO,36.41682,128.79904,70.35918426513672,exact,6,54.4–70.9 gC m-2 yr-1,26
KR-TwC,37.30493,127.31743,54.884273529052734,exact,6,54.4–70.9 gC m-2 yr-1,21
KR-TwB,37.30406,127.31395,54.884273529052734,exact,6,54.4–70.9 gC m-2 yr-1,21
KR-SmM,37.93894,126.95471,55.51242446899414,exact,6,54.4–70.9 gC m-2 yr-1,21
KR-ScC,37.22141,129.29863,49.8387565612793,exact,5,42.1–54.4 gC m-2 yr-1,19
KR-PcD,37.48184,128.51604,58.62106704711914,exact,6,54.4–70.9 gC m-2 yr-1,22
KR-Nj2,35.0269,126.8219,57.109405517578125,exact,6,54.4–70.9 gC m-2 yr-1,22
KR-Nj1,35.02753,126.82093,57.109405517578125,exact,6,54.4–70.9 gC m-2 yr-1,22
KR-Kw2,37.74869,127.14888,52.42661666870117,exact,5,42.1–54.4 gC m-2 yr-1,20
KR-Kw1,37.74843,127.16261,52.42661666870117,exact,5,42.1–54.4 gC m-2 yr-1,20
KR-JjM,33.31798,126.56772,36.540828704833984,exact,4,31.9–42.1 gC m-2 yr-1,13
KR-Hnm,34.5538,126.56992,61.555023193359375,exact,6,54.4–70.9 gC m-2 yr-1,23
KR-HcM,37.61938,127.84571,51.97231674194336,exact,5,42.1–54.4 gC m-2 yr-1,20
KR-HPK,34.47722,126.48105,36.5148811340332,exact,4,31.9–42.1 gC m-2 yr-1,13
KR-GmS,35.75089,126.81378,59.22224044799805,exact,6,54.4–70.9 gC m-2 yr-1,22
KR-GmR,35.74862,126.86432,59.22224044799805,exact,6,54.4–70.9 gC m-2 yr-1,22
KR-GmP,35.74502,126.85222,59.22224044799805,exact,6,54.4–70.9 gC m-2 yr-1,22
KR-CmF,37.1599,127.65365,57.94718933105469,exact,6,54.4–70.9 gC m-2 yr-1,22
KR-CRK,38.2013,127.2497,57.47812271118164,exact,6,54.4–70.9 gC m-2 yr-1,22
KR-AdC,36.50565,126.35909,31.61201286315918,exact,3,21.3–31.9 gC m-2 yr-1,11
TH-Mae,18.42264,99.72025,66.027435302734375,exact,6,54.4–70.9 gC m-2 yr-1,24
TH-Kog,18.81267,98.90225,60.40032196044922,exact,6,54.4–70.9 gC m-2 yr-1,23
RU-Tur,64.208885,100.463554,23.764801025390625,exact,3,21.3–31.9 gC m-2 yr-1,7
RU-SkP,62.25471,129.61855,23.064035415649418,exact,3,21.3–31.9 gC m-2 yr-1,7
RU-Sk2,62.241356,129.65047,23.064035415649418,exact,3,21.3–31.9 gC m-2 yr-1,7
RU-NeF,62.315617,129.49997,25.00353240966797,exact,3,21.3–31.9 gC m-2 yr-1,8
RU-NeC,62.314842,129.50008,23.064035415649418,exact,3,21.3–31.9 gC m-2 yr-1,7
RU-NeB,62.325935,129.48734,25.00353240966797,exact,3,21.3–31.9 gC m-2 yr-1,8
RU-Ege,60.015514,133.824,26.715673446655273,exact,3,21.3–31.9 gC m-2 yr-1,9
MY-LHP,4.201007,114.03908,74.27616882324219,exact,7,>70.9 gC m-2 yr-1,26
MN-Udg,48.25649,106.85116,32.81156539916992,exact,4,31.9–42.1 gC m-2 yr-1,12
MN-Nkh,47.693592,107.48934,33.367652893066406,exact,4,31.9–42.1 gC m-2 yr-1,12
MN-Kbu,47.21397,108.737335,22.132034301757812,exact,3,21.3–31.9 gC m-2 yr-1,7
MN-Hst,47.59293,105.85497,27.458324432373047,exact,3,21.3–31.9 gC m-2 yr-1,9
KH-Kmp,12.744579,105.47857,60.69278335571289,exact,6,54.4–70.9 gC m-2 yr-1,23
JP-Ynf,26.751,128.21266,20.49367904663086,exact,2,5.0–21.3 gC m-2 yr-1,6
JP-Yms,34.79028,135.84094,46.70840072631836,exact,5,42.1–54.4 gC m-2 yr-1,18
JP-Toc,42.70973,141.5659,38.52272415161133,exact,4,31.9–42.1 gC m-2 yr-1,14
JP-Tmk,42.739307,141.51483,38.52272415161133,exact,4,31.9–42.1 gC m-2 yr-1,14
JP-Tmd,42.735912,141.52315,38.52272415161133,exact,4,31.9–42.1 gC m-2 yr-1,14
JP-Tkb,36.173378,140.17664,47.12636947631836,exact,5,42.1–54.4 gC m-2 yr-1,18
JP-Tgf,36.11353,140.09488,47.12636947631836,exact,5,42.1–54.4 gC m-2 yr-1,18
JP-Tef,45.05581,142.10712,31.485828399658203,exact,3,21.3–31.9 gC m-2 yr-1,11
JP-Tak,36.146168,137.42311,43.283966064453125,exact,5,42.1–54.4 gC m-2 yr-1,16
JP-Ta2,36.140038,137.37071,43.283966064453125,exact,5,42.1–54.4 gC m-2 yr-1,16
JP-Srk,40.565483,140.12779,36.392059326171875,exact,4,31.9–42.1 gC m-2 yr-1,13
JP-Spp,42.986843,141.38533,33.401344299316406,exact,4,31.9–42.1 gC m-2 yr-1,12
JP-Shn,35.865753,137.93256,37.800010681152344,exact,4,31.9–42.1 gC m-2 yr-1,14
JP-Sb2,45.10339,141.6808,37.29892349243164,exact,4,31.9–42.1 gC m-2 yr-1,14
JP-Sb1,45.104702,141.68797,37.29892349243164,exact,4,31.9–42.1 gC m-2 yr-1,14
JP-SMF,35.261528,137.07875,51.407814025878906,exact,5,42.1–54.4 gC m-2 yr-1,20
JP-Om2,34.542454,135.50822,46.70840072631836,exact,5,42.1–54.4 gC m-2 yr-1,18
JP-Nuf,35.152416,136.9719,40.63343048095703,exact,4,31.9–42.1 gC m-2 yr-1,15
JP-NsM,36.91604,139.936,42.169769287109375,exact,5,42.1–54.4 gC m-2 yr-1,16
JP-NsC,36.915054,139.93684,42.169769287109375,exact,5,42.1–54.4 gC m-2 yr-1,16
JP-Nkm,35.808064,137.83388,37.800010681152344,exact,4,31.9–42.1 gC m-2 yr-1,14
JP-Mse,36.05393,140.02693,47.12636947631836,exact,5,42.1–54.4 gC m-2 yr-1,18
JP-MMF,44.321884,142.26152,38.08851623535156,exact,4,31.9–42.1 gC m-2 yr-1,14
JP-MBF,44.38406,142.31862,38.08851623535156,exact,4,31.9–42.1 gC m-2 yr-1,14
JP-Kzw,36.406788,138.57257,45.450008392333984,exact,5,42.1–54.4 gC m-2 yr-1,17
JP-Khw,33.13658,130.70834,49.973541259765625,exact,5,42.1–54.4 gC m-2 yr-1,19
JP-KaP,36.08313,140.24033,47.12636947631836,exact,5,42.1–54.4 gC m-2 yr-1,18
JP-Hc3,34.539673,133.91173,51.04599380493164,exact,5,42.1–54.4 gC m-2 yr-1,20
JP-Hc2,34.537518,133.92755,51.04599380493164,exact,5,42.1–54.4 gC m-2 yr-1,20
JP-Fmt,35.638744,139.37975,53.929805755615234,exact,5,42.1–54.4 gC m-2 yr-1,21
JP-Fjy,35.45454,138.76225,42.72028732299805,exact,5,42.1–54.4 gC m-2 yr-1,16
JP-Fhk,35.443554,138.7647,42.72028732299805,exact,5,42.1–54.4 gC m-2 yr-1,16
JP-BBY,43.322998,141.81065,48.0760498046875,exact,5,42.1–54.4 gC m-2 yr-1,18
JP-Api,40.001358,140.93658,48.213356018066406,exact,5,42.1–54.4 gC m-2 yr-1,18
ID-Pag,-2.3239167,113.90439,104.00338745117188,exact,7,>70.9 gC m-2 yr-1,29
ID-PaD,-2.3460708,114.03641,173.5821075439453,exact,7,>70.9 gC m-2 yr-1,30
ID-PaB,-2.340796,114.0379,173.5821075439453,exact,7,>70.9 gC m-2 yr-1,30
CN-Lsh,45.27984,127.57821,49.61929702758789,exact,5,42.1–54.4 gC m-2 yr-1,19
CN-HaM,37.607433,101.332,15.018617630004885,exact,2,5.0–21.3 gC m-2 yr-1,4
UK-AMo,55.792545,-3.2436917,25.151599884033203,exact,3,21.3–31.9 gC m-2 yr-1,8
SE-Svb,64.25611,19.7745,44.53844451904297,exact,5,42.1–54.4 gC m-2 yr-1,17
SE-Sto,68.35594,19.045208,17.753250122070312,exact,2,5.0–21.3 gC m-2 yr-1,5
SE-Nor,60.0865,17.479504,47.059288024902344,exact,5,42.1–54.4 gC m-2 yr-1,18
SE-Htm,56.09763,13.41897,49.28578567504883,exact,5,42.1–54.4 gC m-2 yr-1,19
SE-Deg,64.18203,19.55654,44.53844451904297,exact,5,42.1–54.4 gC m-2 yr-1,17
NO-Hur,60.37163,11.07949,50.71678924560547,exact,5,42.1–54.4 gC m-2 yr-1,19
NL-Loo,52.166447,5.74355,56.976280212402344,exact,6,54.4–70.9 gC m-2 yr-1,22
IT-TrF,45.82376,7.56089,39.55758285522461,exact,4,31.9–42.1 gC m-2 yr-1,15
IT-Tor,45.84444,7.578055,39.55758285522461,exact,4,31.9–42.1 gC m-2 yr-1,15
IT-Ren,46.58686,11.43369,44.0641975402832,exact,5,42.1–54.4 gC m-2 yr-1,17
IT-Noe,40.606174,8.151694,27.429397583007812,exact,3,21.3–31.9 gC m-2 yr-1,9
IT-Niv,45.49091,7.13943,43.15439987182617,exact,5,42.1–54.4 gC m-2 yr-1,16
IT-MBo,46.01468,11.045831,55.9025993347168,exact,6,54.4–70.9 gC m-2 yr-1,21
IT-Lsn,45.740482,12.750297,58.54705429077149,exact,6,54.4–70.9 gC m-2 yr-1,22
IT-Cp2,41.704266,12.357293,31.610042572021484,exact,3,21.3–31.9 gC m-2 yr-1,11
IT-BFt,45.197754,10.741966,77.722198486328125,exact,7,>70.9 gC m-2 yr-1,27
IT-BCi,40.52375,14.957444,53.0421142578125,exact,5,42.1–54.4 gC m-2 yr-1,20
IE-Cra,53.32308,-7.64177,45.26111602783203,exact,5,42.1–54.4 gC m-2 yr-1,17
GL-ZaH,74.4733,-20.550869,0.11772771179676056,exact,1,0–5 gC m-2 yr-1,1
GL-ZaF,74.48152,-20.555773,0.11772771179676056,exact,1,0–5 gC m-2 yr-1,1
GL-NuF,64.130936,-51.386066,21.138744354248047,exact,2,5.0–21.3 gC m-2 yr-1,6
GL-Dsk,69.25349,-53.51413,1.4648982286453247,exact,1,0–5 gC m-2 yr-1,1
GF-Guy,5.2787,-52.9248,73.87804412841797,exact,7,>70.9 gC m-2 yr-1,26
FR-Tou,43.572857,1.37474,50.953880310058594,exact,5,42.1–54.4 gC m-2 yr-1,20
FR-Pue,43.7413,3.5957,56.376224517822266,exact,6,54.4–70.9 gC m-2 yr-1,21
FR-Mej,48.1184,-1.79635,59.898826599121094,exact,6,54.4–70.9 gC m-2 yr-1,23
FR-Lus,46.414246,0.1206518,61.515995025634766,exact,6,54.4–70.9 gC m-2 yr-1,23
FR-Lqu,45.6444,2.7349,55.00970077514648,exact,6,54.4–70.9 gC m-2 yr-1,21
FR-Lam,43.496437,1.237878,59.21127700805664,exact,6,54.4–70.9 gC m-2 yr-1,22
FR-LGt,47.322918,2.284102,77.87329864501953,exact,7,>70.9 gC m-2 yr-1,27
FR-Hes,48.6741,7.06465,55.150936126708984,exact,6,54.4–70.9 gC m-2 yr-1,21
FR-Gri,48.84422,1.95191,55.271724700927734,exact,6,54.4–70.9 gC m-2 yr-1,21
FR-Fon,48.476357,2.780096,59.57022476196289,exact,6,54.4–70.9 gC m-2 yr-1,23
FR-FBn,43.24079,5.67865,63.422359466552734,exact,6,54.4–70.9 gC m-2 yr-1,24
FR-EM2,49.87211,3.02065,53.777217864990234,exact,5,42.1–54.4 gC m-2 yr-1,21
FR-CLt,45.0414,6.41053,42.452598571777344,exact,5,42.1–54.4 gC m-2 yr-1,16
FR-Bil,44.493652,-0.956092,84.231475830078125,exact,7,>70.9 gC m-2 yr-1,28
FR-Aur,43.54965,1.106103,50.953880310058594,exact,5,42.1–54.4 gC m-2 yr-1,20
FI-Var,67.7549,29.61,31.269350051879883,exact,3,21.3–31.9 gC m-2 yr-1,11
FI-Sod,67.36239,26.63859,37.17333984375,exact,4,31.9–42.1 gC m-2 yr-1,14
FI-Sii,61.83265,24.19285,52.12794494628906,exact,5,42.1–54.4 gC m-2 yr-1,20
FI-Let,60.64183,23.95952,58.0905876159668,exact,6,54.4–70.9 gC m-2 yr-1,22
FI-Ken,67.98721,24.24301,36.01344299316406,exact,4,31.9–42.1 gC m-2 yr-1,13
FI-Hyy,61.847410000000004,24.29477,52.12794494628906,exact,5,42.1–54.4 gC m-2 yr-1,20
FI-Ant,63.16347,27.234991,40.53716278076172,exact,4,31.9–42.1 gC m-2 yr-1,15
ES-LMa,39.94033,-5.77465,46.196258544921875,exact,5,42.1–54.4 gC m-2 yr-1,18
DK-Vng,56.037476,9.160709,64.73236846923828,exact,6,54.4–70.9 gC m-2 yr-1,24
DK-Sor,55.48587,11.644645,62.24641799926758,exact,6,54.4–70.9 gC m-2 yr-1,23
DK-Skj,55.91273,8.40481,54.465843200683594,exact,6,54.4–70.9 gC m-2 yr-1,21
DK-RCW,55.680683,12.101398,56.34376525878906,exact,6,54.4–70.9 gC m-2 yr-1,21
DK-Gds,56.0737,9.3341,64.73236846923828,exact,6,54.4–70.9 gC m-2 yr-1,24
DE-Tha,50.962597,13.565333,56.02064514160156,exact,6,54.4–70.9 gC m-2 yr-1,21
DE-RuW,50.50493,6.3309627,44.152530670166016,exact,5,42.1–54.4 gC m-2 yr-1,17
DE-RuS,50.865906,6.4471445,44.152530670166016,exact,5,42.1–54.4 gC m-2 yr-1,17
DE-RuR,50.621914,6.304126,44.152530670166016,exact,5,42.1–54.4 gC m-2 yr-1,17
DE-Msr,47.80918,11.456168,42.40987777709961,exact,5,42.1–54.4 gC m-2 yr-1,16
DE-Kli,50.893044,13.5223,56.02064514160156,exact,6,54.4–70.9 gC m-2 yr-1,21
DE-Hzd,50.96381,13.48978,49.15177154541016,exact,5,42.1–54.4 gC m-2 yr-1,19
DE-HoH,52.08656,11.22235,69.9301528930664,exact,6,54.4–70.9 gC m-2 yr-1,25
DE-Har,47.93391,7.59814,56.92365264892578,exact,6,54.4–70.9 gC m-2 yr-1,22
DE-Hai,51.079212,10.452168,64.78155517578125,exact,6,54.4–70.9 gC m-2 yr-1,24
DE-Gwg,47.570835,11.032604,42.40987777709961,exact,5,42.1–54.4 gC m-2 yr-1,16
DE-GsB,52.029648,11.10478,69.9301528930664,exact,6,54.4–70.9 gC m-2 yr-1,25
DE-Gri,50.950005,13.512533,56.02064514160156,exact,6,54.4–70.9 gC m-2 yr-1,21
DE-Geb,51.09973,10.91463,69.19615173339844,exact,6,54.4–70.9 gC m-2 yr-1,25
DE-Fen,47.832905,11.060701,42.40987777709961,exact,5,42.1–54.4 gC m-2 yr-1,16
DE-Brs,52.29663,10.44871,63.77831268310547,exact,6,54.4–70.9 gC m-2 yr-1,24
DE-Amv,52.1757,6.95537,53.549034118652344,exact,5,42.1–54.4 gC m-2 yr-1,20
CZ-wet,49.02465,14.77035,47.036380767822266,exact,5,42.1–54.4 gC m-2 yr-1,18
CZ-Lnz,48.68155,16.946331,49.407745361328125,exact,5,42.1–54.4 gC m-2 yr-1,19
CZ-BK1,49.502075,18.536882,41.18720245361328,exact,4,31.9–42.1 gC m-2 yr-1,16
CH-Dav,46.81533,9.85591,33.9597053527832,exact,4,31.9–42.1 gC m-2 yr-1,12
CD-Ygb,0.814444,24.502472,43.90672302246094,exact,5,42.1–54.4 gC m-2 yr-1,17
BE-Vie,50.304962,5.998099,54.98711013793945,exact,6,54.4–70.9 gC m-2 yr-1,21
BE-Maa,50.97987,5.631851,50.61510467529297,exact,5,42.1–54.4 gC m-2 yr-1,19
BE-Lon,50.55162,4.746234,59.07903289794922,exact,6,54.4–70.9 gC m-2 yr-1,22
BE-Dor,50.311874,4.968113,48.67517852783203,exact,5,42.1–54.4 gC m-2 yr-1,19
BE-Bra,51.30761,4.51984,61.55887222290039,exact,6,54.4–70.9 gC m-2 yr-1,23
VU-Coc,-15.444423,167.19131,207.1141815185547,exact,7,>70.9 gC m-2 yr-1,30
ML-Kem,15.2875,-1.543056,28.226442337036133,exact,3,21.3–31.9 gC m-2 yr-1,9
KE-Mkt,-3.425859,38.140663,97.374664306640625,exact,7,>70.9 gC m-2 yr-1,29
KE-Kpt,-1.6141866,37.13311,71.89302062988281,exact,7,>70.9 gC m-2 yr-1,26
KE-Chk,-3.6663,38.350185,106.95777893066406,exact,7,>70.9 gC m-2 yr-1,30
KE-Aq2,-1.566199,37.100166,71.89302062988281,exact,7,>70.9 gC m-2 yr-1,26
KE-Aq1,-1.57781,37.067047,71.89302062988281,exact,7,>70.9 gC m-2 yr-1,26
IT-SR2,43.73202,10.29091,52.1485481262207,exact,5,42.1–54.4 gC m-2 yr-1,20
ID-JOP,-1.69306,103.39139,86.7739486694336,exact,7,>70.9 gC m-2 yr-1,28
CR-AqC,9.938369,-83.7289,55.593994140625,exact,6,54.4–70.9 gC m-2 yr-1,21
CN-SnB,31.6905,121.6563,45.11442565917969,exact,5,42.1–54.4 gC m-2 yr-1,17
CN-Sb2,42.39117,117.37017,37.27970504760742,exact,4,31.9–42.1 gC m-2 yr-1,14
CN-Sb1,42.40907,117.31461,37.27970504760742,exact,4,31.9–42.1 gC m-2 yr-1,14
BW-Nxr,-19.548056,23.179167,48.236324310302734,exact,5,42.1–54.4 gC m-2 yr-1,18
BW-Gum,-18.964722,22.37111,48.203392028808594,exact,5,42.1–54.4 gC m-2 yr-1,18
BJ-Nhu,9.74,1.6,41.51643753051758,exact,4,31.9–42.1 gC m-2 yr-1,16
BJ-Db1,6.607338,2.543043,58.62825393676758,exact,6,54.4–70.9 gC m-2 yr-1,22
BJ-Bfg,9.791,1.718,41.51643753051758,exact,4,31.9–42.1 gC m-2 yr-1,16
ZM-Mon,-15.4391,23.2525,65.62340545654297,exact,6,54.4–70.9 gC m-2 yr-1,24
UK-HpF,52.24809,-0.0498267,63.01848983764648,exact,6,54.4–70.9 gC m-2 yr-1,24
UK-HgF,52.552177,0.515057,72.101837158203125,exact,7,>70.9 gC m-2 yr-1,26
UK-Gwr,54.85464,-5.988278,22.041160583496097,exact,3,21.3–31.9 gC m-2 yr-1,7
UK-Gnn,54.96185,-6.760763,34.40928268432617,exact,4,31.9–42.1 gC m-2 yr-1,12
UK-GaB,55.10994,-6.529928,18.318689346313477,exact,2,5.0–21.3 gC m-2 yr-1,5
UK-Cvn,52.43339,0.162177,77.66748046875,exact,7,>70.9 gC m-2 yr-1,27
UK-CCr,52.2542,-3.93357,35.79903030395508,exact,4,31.9–42.1 gC m-2 yr-1,13
UK-BnB,54.82326,-6.66984,34.40928268432617,exact,4,31.9–42.1 gC m-2 yr-1,12
UK-Ags,53.3097,-4.30044,30.74314308166504,exact,3,21.3–31.9 gC m-2 yr-1,11
SN-Nkr,14.49581,-16.45357,38.45710754394531,exact,4,31.9–42.1 gC m-2 yr-1,14
SN-Dhr,15.40256,-15.43214,38.76972198486328,exact,4,31.9–42.1 gC m-2 yr-1,14
SJ-Adv,78.186,15.923,0.6241936683654785,exact,1,0–5 gC m-2 yr-1,1
SE-Trb,64.180916,19.837284,44.53844451904297,exact,5,42.1–54.4 gC m-2 yr-1,17
SE-St1,68.35415,19.050333,17.753250122070312,exact,2,5.0–21.3 gC m-2 yr-1,5
SE-Srj,64.17498,19.56381,44.53844451904297,exact,5,42.1–54.4 gC m-2 yr-1,17
SE-Ros,64.16522,19.79074,44.53844451904297,exact,5,42.1–54.4 gC m-2 yr-1,17
SE-Hmr,64.15955,19.551497,44.53844451904297,exact,5,42.1–54.4 gC m-2 yr-1,17
SE-HfM,64.15955,19.551497,44.53844451904297,exact,5,42.1–54.4 gC m-2 yr-1,17
SD-Dem,13.2829,30.4783,27.595870971679688,exact,3,21.3–31.9 gC m-2 yr-1,9
RU-Ha1,54.72517,90.00215,30.178674697875977,exact,3,21.3–31.9 gC m-2 yr-1,10
RU-Fyo,56.46153,32.922085,54.028594970703125,exact,5,42.1–54.4 gC m-2 yr-1,21
RU-Fy4,56.4727,33.0413,59.994590759277344,exact,6,54.4–70.9 gC m-2 yr-1,23
RU-Fy3,56.4435,33.0478,59.994590759277344,exact,6,54.4–70.9 gC m-2 yr-1,23
RU-Fy2,56.4476,32.90188,54.028594970703125,exact,5,42.1–54.4 gC m-2 yr-1,21
RU-Che,68.61304,161.34143,12.271635055541992,exact,2,5.0–21.3 gC m-2 yr-1,3
RU-Ch2,68.61689,161.35089,12.271635055541992,exact,2,5.0–21.3 gC m-2 yr-1,3
PA-SPs,9.31378,-79.63143,34.816104888916016,exact,4,31.9–42.1 gC m-2 yr-1,13
PA-SPn,9.31814,-79.6346,34.816104888916016,exact,4,31.9–42.1 gC m-2 yr-1,13
NO-Ikr,69.34,25.3,33.70724105834961,exact,4,31.9–42.1 gC m-2 yr-1,12
NO-Fns,60.59384,7.5271025,15.554174423217772,exact,2,5.0–21.3 gC m-2 yr-1,4
NO-And,69.1422,16.01975,21.082517623901367,exact,2,5.0–21.3 gC m-2 yr-1,6
NL-Vkp,51.980934,5.618825,56.2205810546875,exact,6,54.4–70.9 gC m-2 yr-1,21
NL-Hrw,51.972466,5.641228,56.2205810546875,exact,6,54.4–70.9 gC m-2 yr-1,21
IT-SRo,43.72786,10.284445,52.1485481262207,exact,5,42.1–54.4 gC m-2 yr-1,20
IT-PT1,45.20087,9.061039,79.16117095947266,exact,7,>70.9 gC m-2 yr-1,27
IT-NiG,45.51919,7.171434,34.065650939941406,exact,4,31.9–42.1 gC m-2 yr-1,12
IT-MtM,46.687134,10.579597,26.59264373779297,exact,3,21.3–31.9 gC m-2 yr-1,9
IT-Lav,45.9562,11.28132,59.2973518371582,exact,6,54.4–70.9 gC m-2 yr-1,22
IT-CA3,42.38,12.0222,54.64630508422851,exact,6,54.4–70.9 gC m-2 yr-1,21
IT-CA2,42.37722,12.026039,54.64630508422851,exact,6,54.4–70.9 gC m-2 yr-1,21
IT-CA1,42.38041,12.026561,54.64630508422851,exact,6,54.4–70.9 gC m-2 yr-1,21
IT-Bsn,45.11924,7.160429,43.15439987182617,exact,5,42.1–54.4 gC m-2 yr-1,16
IT-BsB,45.11823,7.161995,43.15439987182617,exact,5,42.1–54.4 gC m-2 yr-1,16
IT-Arz,45.61902,10.00228,55.64316177368164,exact,6,54.4–70.9 gC m-2 yr-1,21
IL-Yat,31.345045,35.051987,28.296772003173828,exact,3,21.3–31.9 gC m-2 yr-1,9
IL-RmH,32.5555,34.947285,36.42707824707031,exact,4,31.9–42.1 gC m-2 yr-1,13
IE-Gwr,52.6365,-7.011306,43.37502670288086,exact,5,42.1–54.4 gC m-2 yr-1,16
IE-CaN,52.85879,-6.918136,39.52168273925781,exact,4,31.9–42.1 gC m-2 yr-1,15
IE-CaC,52.85879,-6.918136,39.52168273925781,exact,4,31.9–42.1 gC m-2 yr-1,15
GH-Ank,5.268543,-2.694206,61.98714828491211,exact,6,54.4–70.9 gC m-2 yr-1,23
FR-Nzn,48.005814,-2.81721,55.76102828979492,exact,6,54.4–70.9 gC m-2 yr-1,21
FR-Mau,43.385,1.29306,59.21127700805664,exact,6,54.4–70.9 gC m-2 yr-1,22
FR-LBr,44.71711,-0.7693,73.2486801147461,exact,7,>70.9 gC m-2 yr-1,26
FI-Sar,63.15143,27.199064,40.53716278076172,exact,4,31.9–42.1 gC m-2 yr-1,15
FI-Ruk,64.68398,25.106318,50.17327499389648,exact,5,42.1–54.4 gC m-2 yr-1,19
FI-Rk2,61.182884,25.262684,38.289512634277344,exact,4,31.9–42.1 gC m-2 yr-1,14
FI-Qvd,60.295242,22.391607,29.970354080200195,exact,3,21.3–31.9 gC m-2 yr-1,10
FI-Pap,63.13806,27.246117,40.53716278076172,exact,4,31.9–42.1 gC m-2 yr-1,15
FI-Nsv,62.8639,24.08382,47.7381706237793,exact,5,42.1–54.4 gC m-2 yr-1,18
FI-Jok,60.8986,23.51345,58.0905876159668,exact,6,54.4–70.9 gC m-2 yr-1,22
ES-Yst,38.338932,-2.3506052,50.960693359375,exact,5,42.1–54.4 gC m-2 yr-1,20
ES-VDA,42.15111,1.4473800000000001,68.14273834228516,exact,6,54.4–70.9 gC m-2 yr-1,25
ES-TzM,39.265785,-1.9397246,39.20989608764648,exact,4,31.9–42.1 gC m-2 yr-1,15
ES-Srn,40.15047,-0.8380832,49.49042892456055,exact,5,42.1–54.4 gC m-2 yr-1,19
ES-Pzb,38.362118,-4.767329,55.47065353393555,exact,6,54.4–70.9 gC m-2 yr-1,21
ES-Pdu,37.016975,-3.609228,37.07941818237305,exact,4,31.9–42.1 gC m-2 yr-1,14
ES-Mzn,40.089497,-0.827409,49.49042892456055,exact,5,42.1–54.4 gC m-2 yr-1,19
ES-MtN,36.99234,-6.4826016,49.39533996582031,exact,5,42.1–54.4 gC m-2 yr-1,19
ES-MtB,37.020206,-6.5544033,51.541290283203125,exact,5,42.1–54.4 gC m-2 yr-1,20
ES-Mcd,39.58819,-0.39969,54.396575927734375,exact,5,42.1–54.4 gC m-2 yr-1,21
ES-LM2,39.934593,-5.775881,46.196258544921875,exact,5,42.1–54.4 gC m-2 yr-1,18
ES-LM1,39.94269,-5.778683,46.196258544921875,exact,5,42.1–54.4 gC m-2 yr-1,18
ES-LJu,36.926594,-2.752115,32.72272872924805,exact,4,31.9–42.1 gC m-2 yr-1,12
ES-Hen,38.411087,-1.697534,43.473777770996094,exact,5,42.1–54.4 gC m-2 yr-1,17
ES-HeB,38.40475,-1.726215,43.473777770996094,exact,5,42.1–54.4 gC m-2 yr-1,17
ES-HdD,38.49679,-5.111296,51.52048873901367,exact,5,42.1–54.4 gC m-2 yr-1,20
ES-Gdn,37.91084,-3.228489,39.12420272827149,exact,4,31.9–42.1 gC m-2 yr-1,15
ES-FtD,36.99854,-6.434575,49.39533996582031,exact,5,42.1–54.4 gC m-2 yr-1,19
ES-Dnn,36.9968,-6.5118,37.393798828125,exact,4,31.9–42.1 gC m-2 yr-1,14
ES-Crg,39.11926,-0.95852,50.69047546386719,exact,5,42.1–54.4 gC m-2 yr-1,19
ES-Cnd,37.914997,-3.227659,39.12420272827149,exact,4,31.9–42.1 gC m-2 yr-1,15
ES-Amo,36.833405,-2.2522173,21.89553451538086,exact,3,21.3–31.9 gC m-2 yr-1,6
ES-Agu,36.939384,-2.034044,21.89553451538086,exact,3,21.3–31.9 gC m-2 yr-1,6
ES-Abr,38.70184,-6.785881,50.371681213378906,exact,5,42.1–54.4 gC m-2 yr-1,19
EE-Stg,58.023636,26.070753,56.22913360595703,exact,6,54.4–70.9 gC m-2 yr-1,21
EE-Rng,57.913143,26.694048,45.39779281616211,exact,5,42.1–54.4 gC m-2 yr-1,17
EE-Pts,58.562298,24.369932,57.196327209472656,exact,6,54.4–70.9 gC m-2 yr-1,22
DK-Fou,56.4842,9.58722,62.70928192138672,exact,6,54.4–70.9 gC m-2 yr-1,24
DK-Eng,55.69053,12.19175,56.34376525878906,exact,6,54.4–70.9 gC m-2 yr-1,21
DE-Zrk,53.875942,12.88901,68.4772720336914,exact,6,54.4–70.9 gC m-2 yr-1,25
DE-Spw,51.89225,14.03369,61.57086181640625,exact,6,54.4–70.9 gC m-2 yr-1,23
DE-SfS,47.80629,11.32757,42.40987777709961,exact,5,42.1–54.4 gC m-2 yr-1,16
DE-Seh,50.870625,6.449653,44.152530670166016,exact,5,42.1–54.4 gC m-2 yr-1,17
DE-SbM,51.764927,10.51799,55.11741256713867,exact,6,54.4–70.9 gC m-2 yr-1,21
DE-RuM,50.929787,6.2969923,44.152530670166016,exact,5,42.1–54.4 gC m-2 yr-1,17
DE-RuC,50.5031,6.336,44.152530670166016,exact,5,42.1–54.4 gC m-2 yr-1,17
DE-Rns,51.494953,9.932118,58.83162307739258,exact,6,54.4–70.9 gC m-2 yr-1,22
DE-Obe,50.7864,13.72168,56.02064514160156,exact,6,54.4–70.9 gC m-2 yr-1,21
DE-Lnf,51.328217,10.3678,64.78155517578125,exact,6,54.4–70.9 gC m-2 yr-1,24
DE-Lkb,49.099617,13.3046665,45.57429122924805,exact,5,42.1–54.4 gC m-2 yr-1,17
DE-Hte,54.213055,12.179944,40.222755432128906,exact,4,31.9–42.1 gC m-2 yr-1,15
DE-Hdn,53.86825,13.268543,69.31431579589844,exact,6,54.4–70.9 gC m-2 yr-1,25
DE-Etn,48.268486,7.878243,68.03113555908203,exact,6,54.4–70.9 gC m-2 yr-1,25
DE-Akm,53.86617,13.68342,68.30003356933594,exact,6,54.4–70.9 gC m-2 yr-1,25
CZ-Stn,49.035976,17.9699,45.723358154296875,exact,5,42.1–54.4 gC m-2 yr-1,17
CZ-RAJ,49.44372,16.696512,54.23108673095703,exact,5,42.1–54.4 gC m-2 yr-1,21
CZ-LnG,48.704224,16.926247,49.407745361328125,exact,5,42.1–54.4 gC m-2 yr-1,19
CZ-KrP,49.573257,15.078773,56.621463775634766,exact,6,54.4–70.9 gC m-2 yr-1,22
CZ-BK2,49.49443,18.54285,51.19175338745117,exact,5,42.1–54.4 gC m-2 yr-1,20
CH-Tnk,47.48058,8.911775,44.98716354370117,exact,5,42.1–54.4 gC m-2 yr-1,17
CH-Rtb,47.3804,8.9934,44.98716354370117,exact,5,42.1–54.4 gC m-2 yr-1,17
CH-Rh2,47.3,9.5,43.28763961791992,exact,5,42.1–54.4 gC m-2 yr-1,16
CH-Rh1,47.3,9.5,43.28763961791992,exact,5,42.1–54.4 gC m-2 yr-1,16
CH-Oe3,47.28542,7.732438,50.23239517211914,exact,5,42.1–54.4 gC m-2 yr-1,19
CH-Oe2,47.286415,7.73375,50.23239517211914,exact,5,42.1–54.4 gC m-2 yr-1,19
CH-Oe1,47.28583,7.731944,50.23239517211914,exact,5,42.1–54.4 gC m-2 yr-1,19
CH-Lae,47.478333,8.364389,45.52302551269531,exact,5,42.1–54.4 gC m-2 yr-1,17
CH-Fru,47.115833,8.537778,44.98716354370117,exact,5,42.1–54.4 gC m-2 yr-1,17
CH-Frk,46.577637,8.421592,31.072772979736328,exact,3,21.3–31.9 gC m-2 yr-1,11
CH-For,46.527206,6.7595406,43.721412658691406,exact,5,42.1–54.4 gC m-2 yr-1,17
CH-Crs,47.0436,7.0475,52.924285888671875,exact,5,42.1–54.4 gC m-2 yr-1,20
CH-Cha,47.21022,8.410444,45.52302551269531,exact,5,42.1–54.4 gC m-2 yr-1,17
CH-Aws,46.58311,9.790639,33.9597053527832,exact,4,31.9–42.1 gC m-2 yr-1,12
CG-Tch,-4.2891665,11.656417,50.66840744018555,exact,5,42.1–54.4 gC m-2 yr-1,19
BE-Lcr,51.11218,3.85043,54.19868087768555,exact,5,42.1–54.4 gC m-2 yr-1,21
AT-Zoe,47.842247,14.444137,42.11095428466797,exact,5,42.1–54.4 gC m-2 yr-1,16
AT-PsM,47.58145,14.347197,42.11095428466797,exact,5,42.1–54.4 gC m-2 yr-1,16
AT-Nsd,47.76914,16.758492,57.992401123046875,exact,6,54.4–70.9 gC m-2 yr-1,22
AT-Neu,47.116318,11.320229,35.680198669433594,exact,4,31.9–42.1 gC m-2 yr-1,13
AT-Mmg,47.316563,10.970089,32.9818000793457,exact,4,31.9–42.1 gC m-2 yr-1,12
CN-Zha,38.97514,100.4464,10.811590194702148,exact,2,5.0–21.3 gC m-2 yr-1,3
CN-Yuc,36.8287,116.5701,45.7232780456543,exact,5,42.1–54.4 gC m-2 yr-1,17
CN-You,38.01419,100.24206,15.728437423706056,exact,2,5.0–21.3 gC m-2 yr-1,4
CN-Yan,37.82861,107.49278,41.001930236816406,exact,4,31.9–42.1 gC m-2 yr-1,15
CN-YaS,37.70877,107.22655,41.001930236816406,exact,4,31.9–42.1 gC m-2 yr-1,15
CN-Xi2,43.55444,116.6714,28.189359664916992,exact,3,21.3–31.9 gC m-2 yr-1,9
CN-Wnb,40.42876,106.74229,14.929871559143066,exact,2,5.0–21.3 gC m-2 yr-1,4
CN-Sdq,42.00119,101.13741,0.3936249911785126,exact,1,0–5 gC m-2 yr-1,1
CN-Qng,33.46807,108.49102,46.27263641357422,exact,5,42.1–54.4 gC m-2 yr-1,18
CN-Nmn,42.94611,120.72694,33.02229309082031,exact,4,31.9–42.1 gC m-2 yr-1,12
CN-Mxn,31.6948,103.8951,36.18243789672851,exact,4,31.9–42.1 gC m-2 yr-1,13
CN-Lch,37.88936,114.69289,36.286651611328125,exact,4,31.9–42.1 gC m-2 yr-1,13
CN-Jzh,41.14806,121.20167,48.1234016418457,exact,5,42.1–54.4 gC m-2 yr-1,18
CN-Jng,37.83869,101.1145,15.018617630004885,exact,2,5.0–21.3 gC m-2 yr-1,4
CN-Huz,38.76519,100.3186,10.811590194702148,exact,2,5.0–21.3 gC m-2 yr-1,3
CN-HeM,41.99029,101.13349,0.41269877552986145,exact,1,0–5 gC m-2 yr-1,1
CN-HeD,42.1135,100.9872,0.21802707016468048,exact,1,0–5 gC m-2 yr-1,1
CN-HaW,37.607655,101.32899,15.018617630004885,exact,2,5.0–21.3 gC m-2 yr-1,4
CN-Ha2,37.6086,101.3269,15.018617630004885,exact,2,5.0–21.3 gC m-2 yr-1,4
CN-GuT,34.35481,100.4872,11.848326683044434,exact,2,5.0–21.3 gC m-2 yr-1,3
CN-Erg,50.1869,119.3889,33.89810562133789,exact,4,31.9–42.1 gC m-2 yr-1,12
CN-Dzo,19.546,109.475,38.73168182373047,exact,4,31.9–42.1 gC m-2 yr-1,14
CN-Du2,42.0467,116.2836,29.0601863861084,exact,3,21.3–31.9 gC m-2 yr-1,10
CN-Dsh,38.83992,98.9406,5.753652095794678,exact,2,5.0–21.3 gC m-2 yr-1,2
CN-Dmn,38.85551,100.37223,10.811590194702148,exact,2,5.0–21.3 gC m-2 yr-1,3
CN-Din,23.1733,112.5361,49.52372360229492,exact,5,42.1–54.4 gC m-2 yr-1,19
CN-Dda,41.64397,110.33147,20.682897567749023,exact,2,5.0–21.3 gC m-2 yr-1,6
CN-Dan,30.4978,91.0664,20.307825088500977,exact,2,5.0–21.3 gC m-2 yr-1,6
CN-DaW,30.4691,91.0624,20.307825088500977,exact,2,5.0–21.3 gC m-2 yr-1,6
CN-BeO,40.02621,116.39143,43.54001998901367,exact,5,42.1–54.4 gC m-2 yr-1,17
CN-Ash,24.53806,101.02917,66.5440444946289,exact,6,54.4–70.9 gC m-2 yr-1,25
CN-Aro,38.04734,100.46432,15.728437423706056,exact,2,5.0–21.3 gC m-2 yr-1,4
NZ-BFm,-43.593528,171.929611,89.121124267578125,exact,7,>70.9 gC m-2 yr-1,28
AU-Fog,-12.5452,131.3072,104.62977600097656,exact,7,>70.9 gC m-2 yr-1,29
AU-Rgf,-32.506102,116.966827,47.90945053100586,exact,5,42.1–54.4 gC m-2 yr-1,18
AU-Dry,-15.2588,132.3706,78.772796630859375,exact,7,>70.9 gC m-2 yr-1,27
NZ-BFu,-43.591833,171.926833,89.121124267578125,exact,7,>70.9 gC m-2 yr-1,28
AU-Wgt,-42.09139,147.07944,87.1514892578125,exact,7,>70.9 gC m-2 yr-1,28
AU-APL,-36.862222,147.320833,114.90354919433594,exact,7,>70.9 gC m-2 yr-1,30
AU-Col,-33.42,116.237,78.54926300048828,exact,7,>70.9 gC m-2 yr-1,27
AU-Ctr,-16.103219,145.446922,90.015625,exact,7,>70.9 gC m-2 yr-1,28
AU-Gin,-31.376351,115.71377,58.41329574584961,exact,6,54.4–70.9 gC m-2 yr-1,22
NZ-ADw,-43.64935,172.34952,58.43816757202149,exact,6,54.4–70.9 gC m-2 yr-1,22
NZ-Kop,-37.387875,175.55389,51.993892669677734,exact,5,42.1–54.4 gC m-2 yr-1,20
AU-GWW,-30.1914,120.65417,26.77400016784668,exact,3,21.3–31.9 gC m-2 yr-1,9
NZ-Lau,-45.038904,169.681109,38.11355209350586,exact,4,31.9–42.1 gC m-2 yr-1,14
AU-Lit,-13.17904,130.79455,76.7517318725586,exact,7,>70.9 gC m-2 yr-1,27
AU-Emr,-23.85872,148.4746,64.9056625366211,exact,6,54.4–70.9 gC m-2 yr-1,24
AU-How,-12.4952,131.15005,80.72465515136719,exact,7,>70.9 gC m-2 yr-1,27
AU-Rob,-17.11746943,145.6301375,98.32994079589844,exact,7,>70.9 gC m-2 yr-1,29
AU-Sno,-36.375649,148.43585,105.05025482177734,exact,7,>70.9 gC m-2 yr-1,30
AU-DaS,-14.1592,131.3881,86.56181335449219,exact,7,>70.9 gC m-2 yr-1,28
AU-Whr,-36.6732,145.0294,88.3248062133789,exact,7,>70.9 gC m-2 yr-1,28
AU-Wom,-37.422506,144.094046,95.95996856689452,exact,7,>70.9 gC m-2 yr-1,29
AU-Tum,-35.6566,148.1516,104.82339477539062,exact,7,>70.9 gC m-2 yr-1,30
AU-Cpr,-34.0027,140.5877,24.76468849182129,exact,3,21.3–31.9 gC m-2 yr-1,8
NZ-ADd,-43.64405,172.35465,58.43816757202149,exact,6,54.4–70.9 gC m-2 yr-1,22
AU-Ya1,-33.613469,150.734864,102.77889251708984,exact,7,>70.9 gC m-2 yr-1,29
AU-MvA,-30.543,150.02,86.405242919921875,exact,7,>70.9 gC m-2 yr-1,28
AU-Ync,-34.9878,146.2908,59.644283294677734,exact,6,54.4–70.9 gC m-2 yr-1,23
AU-MvB,-30.697,150.09,86.405242919921875,exact,7,>70.9 gC m-2 yr-1,28
AU-Rig,-36.6499,145.5759,91.47701263427734,exact,7,>70.9 gC m-2 yr-1,29
AU-Wrr,-43.09502,146.65452,66.09375762939453,exact,6,54.4–70.9 gC m-2 yr-1,24
AU-Wac,-37.4259,145.1878,95.8881607055664,exact,7,>70.9 gC m-2 yr-1,29
NZ-Oxf,-43.2609,172.21588,45.749610900878906,exact,5,42.1–54.4 gC m-2 yr-1,17
AU-Cum,-33.615278000000004,150.723611,102.77889251708984,exact,7,>70.9 gC m-2 yr-1,29
AU-TTE,-22.287,133.64,36.68415832519531,exact,4,31.9–42.1 gC m-2 yr-1,13
AU-Otw,-38.525,142.81,47.51198196411133,exact,5,42.1–54.4 gC m-2 yr-1,18
AU-Wel,-32.5727,148.9843,89.08380126953125,exact,7,>70.9 gC m-2 yr-1,28
AU-Cow,-16.238189,145.42715,90.015625,exact,7,>70.9 gC m-2 yr-1,28
NZ-Cla,-43.78628,171.59558,89.121124267578125,exact,7,>70.9 gC m-2 yr-1,28
AU-RDF,-14.563639,132.477567,86.57793426513672,exact,7,>70.9 gC m-2 yr-1,28
AU-Stp,-17.1507,133.3502,33.32110595703125,exact,4,31.9–42.1 gC m-2 yr-1,12
AU-Sam,-27.38806,152.87778,150.64134216308594,exact,7,>70.9 gC m-2 yr-1,30
AU-Lox,-34.47035,140.65512,24.76468849182129,exact,3,21.3–31.9 gC m-2 yr-1,8
AU-Ya2,-33.620812,150.763284,102.77889251708984,exact,7,>70.9 gC m-2 yr-1,29
AU-Sil,-42.090556,147.0875,87.1514892578125,exact,7,>70.9 gC m-2 yr-1,28
AU-Ade,-13.0769,131.1178,95.2620086669922,exact,7,>70.9 gC m-2 yr-1,29
AU-Lon,-23.52327,144.31042,45.623252868652344,exact,5,42.1–54.4 gC m-2 yr-1,17
NZ-ScF,-37.46,175.22,64.9305648803711,exact,6,54.4–70.9 gC m-2 yr-1,24
AU-Boy,-32.477093000000004,116.938559,48.43199157714844,exact,5,42.1–54.4 gC m-2 yr-1,19
AU-Fle,-19.887285,146.189138,111.85671997070312,exact,7,>70.9 gC m-2 yr-1,30
AU-ASM,-22.283,133.249,32.19010543823242,exact,4,31.9–42.1 gC m-2 yr-1,11
AU-DaP,-14.0633,131.3181,86.56181335449219,exact,7,>70.9 gC m-2 yr-1,28
