site_id,igbp_class,location_lat,location_long,n_years_nee,n_years_gpp,n_years_ter,n_years_le,n_years_h,nep_median,gpp_median,ter_median,et_median,h_median,nep_source,gpp_source,ter_source,gpp_partition,ter_partition,vut_frac_nee,network
AR-SLu,MF,-33.4648,-66.4598,1,1,1,1,1,1269.67,2550.07,1179.32,356.5738306285714,67.8983,VUT,VUT,VUT,NT,NT,1,fluxnet2015
AR-Vir,ENF,-28.2395,-56.1886,0,0,0,1,1,NA,NA,NA,1172.322333844898,-5.2878,NA,NA,NA,NA,NA,NA,fluxnet2015
AT-Neu,GRA,47.1167,11.3175,11,11,11,11,11,-326.481,2167.86,2610.75,458.8062859102041,0.85649,VUT,VUT,VUT,NT,NT,1,fluxnet2015
AU-Ade,WSA,-13.0769,131.1178,1,1,1,1,1,271.71,1379.32,1125.01,995.5212018612244,54.9765,VUT,VUT,VUT,NT,NT,1,fluxnet2015
AU-ASM,SAV,-22.283,133.249,4,4,4,4,4,-4.956341,213.3255,236.28699999999998,240.84953529795916,89.968,VUT,VUT,VUT,NT,NT,1,fluxnet2015
AU-Cpr,SAV,-34.0021,140.5891,3,3,3,3,3,210.228,610.842,401.929,308.81494520816324,68.7593,VUT,VUT,VUT,NT,NT,1,fluxnet2015
AU-Cum,EBF,-33.6152,150.7236,2,2,2,2,2,162.8363,1229.25,1025.6085,696.9972544163265,42.752849999999995,VUT,VUT,VUT,NT,NT,1,fluxnet2015
AU-DaP,GRA,-14.0633,131.3181,4,4,4,4,4,195.0653,1329.9099999999999,1143.155,735.122055379592,52.98075,VUT,VUT,VUT,NT,NT,1,fluxnet2015
AU-DaS,SAV,-14.1593,131.3881,6,6,6,6,6,275.666,1574.165,1277.455,876.9947204571428,52.2685,VUT,VUT,VUT,NT,NT,1,fluxnet2015
AU-Dry,SAV,-15.2588,132.3706,2,2,2,2,2,311.7765,1243.4899999999998,922.4480000000001,766.5637295020408,55.009150000000005,VUT,VUT,VUT,NT,NT,1,fluxnet2015
AU-Emr,GRA,-23.8587,148.4746,2,2,2,2,2,-52.6618,462.44500000000005,516.838,390.84667229387753,57.8561,VUT,VUT,VUT,NT,NT,1,fluxnet2015
AU-Fog,WET,-12.5452,131.3072,2,2,2,2,2,467.2545,939.64,457.571,1482.7377001959185,28.228099999999998,VUT,VUT,VUT,NT,NT,1,fluxnet2015
AU-Gin,WSA,-31.3764,115.7138,1,1,1,2,2,352.083,1147.27,793.639,494.54108169795916,71.80795,VUT,VUT,VUT,NT,NT,1,fluxnet2015
AU-GWW,SAV,-30.1913,120.6541,2,2,2,2,2,105.12299999999999,459.204,355.09799999999996,275.25826785306117,61.34095,VUT,VUT,VUT,NT,NT,1,fluxnet2015
AU-How,WSA,-12.4943,131.1523,8,8,8,9,9,701.795,2083.4700000000003,1398.505,1127.6367722448979,41.2393,VUT,VUT,VUT,NT,NT,1,fluxnet2015
AU-Lox,DBF,-34.4704,140.6551,0,0,0,0,0,NA,NA,NA,NA,NA,NA,NA,NA,NA,NA,NA,fluxnet2015
AU-RDF,WSA,-14.5636,132.4776,1,1,1,1,1,-329.078,647.128,975.977,649.1063423020408,62.1659,VUT,VUT,VUT,NT,NT,1,fluxnet2015
AU-Rig,GRA,-36.6499,145.5759,3,3,3,3,3,158.731,1088.55,946.838,475.3076905469387,37.3462,VUT,VUT,VUT,NT,NT,1,fluxnet2015
AU-Rob,EBF,-17.1175,145.6301,1,1,1,1,1,743.947,1994.35,1250.4,1025.9762179591837,32.3386,VUT,VUT,VUT,NT,NT,1,fluxnet2015
AU-Stp,GRA,-17.1507,133.3502,5,5,5,5,5,33.2614,445.999,385.675,543.0328762775509,66.3412,VUT,VUT,VUT,NT,NT,1,fluxnet2015
AU-TTE,GRA,-22.287,133.64,2,2,2,2,2,-155.2725,18.344550000000005,172.14350000000002,223.04010034285716,85.50630000000001,VUT,VUT,VUT,NT,NT,1,fluxnet2015
AU-Tum,EBF,-35.6566,148.1517,10,10,10,11,11,640.7365,3287.8450000000003,2697.135,855.9644782040817,33.3585,VUT,VUT,VUT,NT,NT,1,fluxnet2015
AU-Wac,EBF,-37.4259,145.1878,2,2,2,2,2,1804.5749999999998,2196.71,393.459,729.4816174040816,20.540349999999997,VUT,VUT,VUT,NT,NT,1,fluxnet2015
AU-Whr,EBF,-36.6732,145.0294,3,3,3,3,3,365.435,1260.61,902.549,500.69416966530616,60.1968,VUT,VUT,VUT,NT,NT,1,fluxnet2015
AU-Wom,EBF,-37.4222,144.0944,4,4,4,5,5,1234.7150000000001,2301.43,1047.51,737.6105975510204,25.5122,VUT,VUT,VUT,NT,NT,1,fluxnet2015
AU-Ync,GRA,-34.9893,146.2907,1,1,1,1,1,33.2736,347.785,309.23,238.86140649795917,59.8021,VUT,VUT,VUT,NT,NT,1,fluxnet2015
BE-Bra,MF,51.3076,4.5198,13,13,13,15,17,117.541,1345.79,1254.22,318.42262432653064,18.705,VUT,VUT,VUT,NT,NT,1,fluxnet2015
BE-Lon,CRO,50.5516,4.7462,10,10,10,10,10,393.8945,1544.155,1125.025,355.32183115102043,6.015265,VUT,VUT,VUT,NT,NT,1,fluxnet2015
BE-Vie,MF,50.3049,5.9981,17,17,17,17,18,456.302,1780.92,1216.3,310.87584969795915,19.50175,VUT,VUT,VUT,NT,NT,1,fluxnet2015
BR-Sa1,EBF,-2.8567,-54.9589,5,5,5,7,7,-20.2223,3332.91,3401.24,1112.6037620571428,19.5503,VUT,VUT,VUT,NT,NT,1,fluxnet2015
BR-Sa3,EBF,-3.018,-54.9714,3,3,3,3,3,83.1141,2956.81,2934.48,1198.1879732571429,23.8306,VUT,VUT,VUT,NT,NT,1,fluxnet2015
CA-Gro,MF,48.2167,-82.1556,10,10,10,10,10,117.19899999999998,1026.36,882.7675,376.51436963265303,29.5439,BOTH,BOTH,BOTH,NT,NT,0.9,fluxnet2015
CA-Man,ENF,55.8796,-98.4808,6,6,6,11,12,24.704639999999998,670.9304999999999,622.332,276.7691684571429,35.47155,VUT,VUT,VUT,NT,NT,1,fluxnet2015
CA-NS1,ENF,55.8792,-98.4839,2,2,2,2,2,59.33355,723.4784999999999,661.877,218.3940487836735,37.5425,VUT,VUT,VUT,NT,NT,1,fluxnet2015
CA-NS2,ENF,55.9058,-98.5247,2,2,2,3,3,173.00400000000002,691.0645,466.3795,221.92978804897962,37.579,VUT,VUT,VUT,NT,NT,1,fluxnet2015
CA-NS3,ENF,55.9117,-98.3822,3,3,3,3,3,69.7693,587.764,563.131,277.002308277551,36.036,VUT,VUT,VUT,NT,NT,1,fluxnet2015
CA-NS4,ENF,55.9144,-98.3806,0,0,0,1,2,NA,NA,NA,136.34686491428573,27.740099999999998,NA,NA,NA,NA,NA,NA,fluxnet2015
CA-NS5,ENF,55.8631,-98.485,1,1,1,2,3,82.4726,689.628,611.192,206.52066279183674,28.1579,VUT,VUT,VUT,NT,NT,1,fluxnet2015
CA-NS6,OSH,55.9167,-98.9644,3,3,3,3,3,7.84429,415.646,405.235,209.9559329632653,25.0639,VUT,VUT,VUT,NT,NT,1,fluxnet2015
CA-NS7,OSH,56.6358,-99.9483,2,2,2,2,2,-94.6897,387.414,456.243,240.4521671510204,32.0802,VUT,VUT,VUT,NT,NT,1,fluxnet2015
CA-Oas,DBF,53.6289,-106.1978,14,14,14,14,14,106.575,1116.41,1000.8499999999999,369.5214630857143,22.897750000000002,VUT,VUT,VUT,NT,NT,1,fluxnet2015
CA-Obs,ENF,53.9872,-105.1178,11,11,11,11,11,38.1077,845.91,795.637,306.2465429877551,34.8417,VUT,VUT,VUT,NT,NT,1,fluxnet2015
CA-Qfo,ENF,49.6925,-74.3421,7,7,7,7,7,-8.31646,654.573,671.275,281.17177567346937,34.265,VUT,VUT,VUT,NT,NT,1,fluxnet2015
CA-SF1,ENF,54.485,-105.8176,0,0,0,3,3,NA,NA,NA,461.12093926530616,28.8755,NA,NA,NA,NA,NA,NA,fluxnet2015
CA-SF2,ENF,54.2539,-105.8775,0,0,0,3,3,NA,NA,NA,368.1960438857143,32.6915,NA,NA,NA,NA,NA,NA,fluxnet2015
CA-SF3,OSH,54.0916,-106.0053,0,0,0,3,3,NA,NA,NA,306.05462125714286,30.2571,NA,NA,NA,NA,NA,NA,fluxnet2015
CA-TP1,ENF,42.6609,-80.5595,5,5,5,5,6,183.085,1331.03,1095.45,356.9344889142857,30.69075,VUT,VUT,VUT,NT,NT,1,fluxnet2015
CA-TP2,ENF,42.7744,-80.4588,0,0,0,0,0,NA,NA,NA,NA,NA,NA,NA,NA,NA,NA,NA,fluxnet2015
CA-TP3,ENF,42.7068,-80.3483,7,7,7,7,7,423.584,1713.55,1263.47,484.31384316734693,33.7124,VUT,VUT,VUT,NT,NT,1,fluxnet2015
CA-TP4,ENF,42.7102,-80.3574,12,12,12,12,12,85.0445,1502.545,1389.8049999999998,455.73940241632647,31.86315,VUT,VUT,VUT,NT,NT,1,fluxnet2015
CA-TPD,DBF,42.6353,-80.5577,3,3,3,3,3,361.733,1488.01,1228.07,366.0101970612245,25.066,VUT,VUT,VUT,NT,NT,1,fluxnet2015
CG-Tch,SAV,-4.2892,11.6564,0,0,0,1,2,NA,NA,NA,507.0907019755103,42.24425,NA,NA,NA,NA,NA,NA,fluxnet2015
CH-Cha,GRA,47.2102,8.4104,8,8,8,8,8,109.9675,2581.395,2467.8149999999996,701.2085839346939,10.51747,VUT,VUT,VUT,NT,NT,1,fluxnet2015
CH-Dav,ENF,46.8153,9.8559,17,17,17,17,17,302.506,1229.84,839.423,519.1070632163264,14.2815,VUT,VUT,VUT,NT,NT,1,fluxnet2015
CH-Fru,GRA,47.1158,8.5378,7,7,7,7,7,283.893,1995.7,1693.15,621.9809750204081,7.03954,VUT,VUT,VUT,NT,NT,1,fluxnet2015
CH-Lae,MF,47.4783,8.3644,10,10,10,10,10,669.4455,1897.085,1076.2,768.1705909714285,32.8725,VUT,VUT,VUT,NT,NT,1,fluxnet2015
CH-Oe1,GRA,47.2858,7.7319,6,6,6,7,7,252.365,1840.4250000000002,1658.87,621.7607158530612,1.65002,VUT,VUT,VUT,NT,NT,1,fluxnet2015
CH-Oe2,CRO,47.2864,7.7337,11,11,11,11,11,170.499,1416.25,1340.96,692.668710955102,10.0284,VUT,VUT,VUT,NT,NT,1,fluxnet2015
CN-Cha,MF,42.4025,128.0958,3,3,3,3,3,264.892,1533.6,1256.76,460.93416979591836,21.4864,VUT,VUT,VUT,NT,NT,1,fluxnet2015
CN-Cng,GRA,44.5934,123.5092,2,2,2,2,2,213.2345,590.0885,376.34950000000003,418.5407204081632,30.6635,VUT,VUT,VUT,NT,NT,1,fluxnet2015
CN-Dan,GRA,30.4978,91.0664,2,2,2,2,2,98.89085,318.5575,220.5355,593.3054211428571,31.22705,VUT,VUT,VUT,NT,NT,1,fluxnet2015
CN-Din,EBF,23.1733,112.5361,2,2,2,2,2,476.423,1458.435,957.491,610.7503336163265,18.188699999999997,VUT,VUT,VUT,NT,NT,1,fluxnet2015
CN-Du2,GRA,42.0467,116.2836,2,2,2,2,2,58.159549999999996,297.971,240.15800000000002,346.6698964897959,35.9161,VUT,VUT,VUT,NT,NT,1,fluxnet2015
CN-Du3,GRA,42.0551,116.2809,0,0,0,0,0,NA,NA,NA,NA,NA,NA,NA,NA,NA,NA,NA,fluxnet2015
CN-Ha2,WET,37.6086,101.3269,3,3,3,3,3,181.977,860.858,656.295,567.2420637061224,45.4832,VUT,VUT,VUT,NT,NT,1,fluxnet2015
CN-HaM,GRA,37.37,101.18,3,3,3,3,3,127.672,519.556,512.548,362.4461203591837,28.9496,VUT,VUT,VUT,NT,NT,1,fluxnet2015
CN-Qia,ENF,26.7414,115.0581,3,3,3,3,3,580.321,1748.04,1167.71,669.5144490122449,18.9697,VUT,VUT,VUT,NT,NT,1,fluxnet2015
CN-Sw2,GRA,41.7902,111.8971,1,1,1,1,1,-171.39,47.0101,217.612,266.0434486530612,33.7762,VUT,VUT,VUT,NT,NT,1,fluxnet2015
CZ-BK1,ENF,49.5021,18.5369,7,7,7,10,11,863.232,1882.68,1015.88,305.3326606530612,29.6148,VUT,VUT,VUT,NT,NT,1,fluxnet2015
CZ-BK2,GRA,49.4944,18.5429,4,4,4,4,4,-41.938627499999996,1134.98,1169.78,193.47513737142856,9.780629999999999,VUT,VUT,VUT,NT,NT,1,fluxnet2015
CZ-wet,WET,49.0247,14.7704,8,8,8,8,8,53.378,1140.375,1065.49,473.8154668897959,14.87745,VUT,VUT,VUT,NT,NT,1,fluxnet2015
DE-Akm,WET,53.8662,13.6834,2,2,2,2,2,88.25135,1521.495,1426.74,426.31355049795917,14.501750000000001,VUT,VUT,VUT,NT,NT,1,fluxnet2015
DE-Geb,CRO,51.0997,10.9146,14,14,14,14,14,216.06349999999998,1133.79,862.3515,368.84716089795916,11.79415,VUT,VUT,VUT,NT,NT,1,fluxnet2015
DE-Gri,GRA,50.95,13.5126,11,11,11,11,11,154.382,1674.81,1559.82,377.0064105795919,3.51241,VUT,VUT,VUT,NT,NT,1,fluxnet2015
DE-Hai,DBF,51.0792,10.4522,12,12,12,10,13,566.6265,1652.525,1085.9850000000001,410.52766613877554,14.8927,VUT,VUT,VUT,NT,NT,1,fluxnet2015
DE-Kli,CRO,50.8931,13.5224,7,7,7,7,10,63.6952,1239.85,1134.77,319.0769615020408,7.729115,VUT,VUT,VUT,NT,NT,1,fluxnet2015
DE-Lkb,ENF,49.0996,13.3047,1,1,1,2,3,-265.56,536.5,771.787,468.66384969795917,29.5588,VUT,VUT,VUT,NT,NT,1,fluxnet2015
DE-Lnf,DBF,51.3282,10.3678,7,7,7,7,7,647.055,1733.14,1090.98,382.64684855510205,21.311,VUT,VUT,VUT,NT,NT,1,fluxnet2015
DE-Obe,ENF,50.7867,13.7213,7,7,7,7,7,377.797,1771.24,1481.85,377.8616859428571,19.0023,VUT,VUT,VUT,NT,NT,1,fluxnet2015
DE-RuR,GRA,50.6219,6.3041,3,3,3,3,3,83.3263,1767.11,1555,530.631383510204,1.87685,VUT,VUT,VUT,NT,NT,1,fluxnet2015
DE-RuS,CRO,50.8659,6.4471,1,1,1,2,2,543.312,1769.59,1218.19,625.9404877714286,-1.589814,VUT,VUT,VUT,NT,NT,1,fluxnet2015
DE-Seh,CRO,50.8706,6.4497,2,2,2,2,2,305.2865,1284.405,975.964,556.3836731755102,2.9073135,VUT,VUT,VUT,NT,NT,1,fluxnet2015
DE-SfN,WET,47.8064,11.3275,1,1,1,2,2,412.05,832.048,452.889,457.84732128979596,27.29465,VUT,VUT,VUT,NT,NT,1,fluxnet2015
DE-Spw,WET,51.8922,14.0337,4,4,4,4,4,435.023,1708.04,1262.005,408.9472100081633,16.5379,VUT,VUT,VUT,NT,NT,1,fluxnet2015
DE-Tha,ENF,50.9626,13.5651,18,18,18,18,18,629.711,1980.575,1373.485,393.102074644898,26.05475,VUT,VUT,VUT,NT,NT,1,fluxnet2015
DE-Zrk,WET,53.8759,12.889,1,1,1,1,1,-109.404,700.922,810.579,466.81805211428565,4.4041,VUT,VUT,VUT,NT,NT,1,fluxnet2015
DK-Eng,GRA,55.6905,12.1918,2,2,2,2,2,100.46754999999999,813.2235000000001,714.086,310.2872038530612,3.1038769999999998,VUT,VUT,VUT,NT,NT,1,fluxnet2015
DK-Fou,CRO,56.4842,9.5872,0,0,0,0,0,NA,NA,NA,NA,NA,NA,NA,NA,NA,NA,NA,fluxnet2015
DK-Sor,DBF,55.4859,11.6446,17,17,17,17,17,150.14,1948.65,1795.48,426.4681183346939,-3.22814,VUT,VUT,VUT,NT,NT,1,fluxnet2015
ES-Amo,OSH,36.8336,-2.2523,4,4,4,4,4,-183.53199999999998,-25.569580000000002,134.589,190.53384024489793,65.9269,VUT,VUT,VUT,NT,NT,1,fluxnet2015
ES-LgS,OSH,37.0979,-2.9658,2,2,2,2,2,101.26905,432.672,326.45950000000005,370.07146697142855,39.832049999999995,VUT,VUT,VUT,NT,NT,1,fluxnet2015
ES-LJu,OSH,36.9266,-2.7521,6,6,6,9,9,-2.421345,148.3475,137.71800000000002,266.30234977959185,57.417,VUT,VUT,VUT,NT,NT,1,fluxnet2015
ES-Ln2,OSH,36.9695,-3.4758,0,0,0,0,0,NA,NA,NA,NA,NA,NA,NA,NA,NA,NA,NA,fluxnet2015
FI-Hyy,ENF,61.8474,24.2948,17,17,17,17,18,216.98,1081.19,907.035,328.29306876734694,15.970949999999998,VUT,VUT,VUT,NT,NT,1,fluxnet2015
FI-Jok,CRO,60.8986,23.5134,2,2,2,2,2,-125.99775,470.343,596.0074999999999,223.31703438367344,3.272645,VUT,VUT,VUT,NT,NT,1,fluxnet2015
FI-Let,ENF,60.6418,23.9595,2,2,2,3,3,-13.48745,1488.555,1521.6,369.18270191020406,24.0573,VUT,VUT,VUT,NT,NT,1,fluxnet2015
FI-Lom,WET,67.9972,24.2092,3,3,3,3,3,57.1033,435.012,401.459,246.66708225306127,9.39608,VUT,VUT,VUT,NT,NT,1,fluxnet2015
FI-Sod,ENF,67.3624,26.6386,13,13,13,13,13,-99.4447,605.185,702.285,286.02391768163267,34.6572,VUT,VUT,VUT,NT,NT,1,fluxnet2015
FR-Fon,DBF,48.4764,2.7801,9,9,9,9,10,661.665,1852.71,1167.87,629.207021387755,14.0317,VUT,VUT,VUT,NT,NT,1,fluxnet2015
FR-Gri,CRO,48.8442,1.9519,5,5,5,10,10,257.591,1302.63,1027.27,494.0091107265306,8.89807,VUT,VUT,VUT,NT,NT,1,fluxnet2015
FR-LBr,ENF,44.7171,-0.7693,7,7,7,10,10,324.674,1909.22,1357.37,589.5861325714286,21.7812,VUT,VUT,VUT,NT,NT,1,fluxnet2015
FR-Pue,EBF,43.7413,3.5957,13,13,13,14,14,214.311,1265.46,1025.79,376.661209077551,25.25575,VUT,VUT,VUT,NT,NT,1,fluxnet2015
GF-Guy,EBF,5.2788,-52.9249,11,11,11,11,11,139.313,3707.54,3520.95,1385.5332078367346,21.4048,VUT,VUT,VUT,NT,NT,1,fluxnet2015
GH-Ank,EBF,5.2685,-2.6942,0,0,0,0,1,NA,NA,NA,NA,22.8457,NA,NA,NA,NA,NA,NA,fluxnet2015
GL-NuF,WET,64.1308,-51.3861,0,0,0,0,0,NA,NA,NA,NA,NA,NA,NA,NA,NA,NA,NA,fluxnet2015
GL-ZaF,WET,74.4814,-20.5545,0,0,0,0,0,NA,NA,NA,NA,NA,NA,NA,NA,NA,NA,NA,fluxnet2015
GL-ZaH,GRA,74.4733,-20.5503,0,0,0,0,0,NA,NA,NA,NA,NA,NA,NA,NA,NA,NA,NA,fluxnet2015
IT-BCi,CRO,40.5237,14.9574,9,9,9,9,9,319.212,1868.69,1454.47,731.1007154938776,14.218,VUT,VUT,VUT,NT,NT,1,fluxnet2015
IT-CA1,DBF,42.3804,12.0266,2,2,2,2,3,327.209,1358.105,1005.9565,654.0454287183674,37.851,VUT,VUT,VUT,NT,NT,1,fluxnet2015
IT-CA2,CRO,42.3772,12.026,3,3,3,3,3,73.6953,883.676,849.934,474.4369584,27.2469,VUT,VUT,VUT,NT,NT,1,fluxnet2015
IT-CA3,DBF,42.38,12.0222,2,2,2,2,2,392.17650000000003,1157.647,747.5195,604.0826635591836,25.262050000000002,VUT,VUT,VUT,NT,NT,1,fluxnet2015
IT-Col,DBF,41.8494,13.5881,5,5,5,5,10,509.243,1225.55,733.422,398.077870922449,33.223,VUT,VUT,VUT,NT,NT,1,fluxnet2015
IT-Cp2,EBF,41.7043,12.3573,1,1,1,1,2,604.29,2005.63,1405.14,408.3205662367347,48.304500000000004,VUT,VUT,VUT,NT,NT,1,fluxnet2015
IT-Cpz,EBF,41.7052,12.3761,4,4,4,6,8,411.37,1932.705,1495.84,405.5602422857143,48.35955,VUT,VUT,VUT,NT,NT,1,fluxnet2015
IT-Isp,DBF,45.8126,8.6336,2,2,2,2,2,284.85,2095.795,2055.51,522.4682696326531,12.0508,VUT,VUT,VUT,NT,NT,1,fluxnet2015
IT-La2,ENF,45.9542,11.2853,1,1,1,1,1,1049.84,2086.02,1043.67,539.3142317387756,49.9314,VUT,VUT,VUT,NT,NT,1,fluxnet2015
IT-Lav,ENF,45.9562,11.2813,11,11,11,11,12,1757.59,2218.05,431.077,606.4481954938775,41.52865,VUT,VUT,VUT,NT,NT,1,fluxnet2015
IT-MBo,GRA,46.0147,11.0458,11,11,11,11,11,41.3937,1431.72,1344.21,474.31588026122455,4.38257,VUT,VUT,VUT,NT,NT,1,fluxnet2015
IT-Noe,CSH,40.6062,8.1517,8,8,8,8,8,177.276,1102.895,928.3979999999999,431.00468434285716,61.524100000000004,VUT,VUT,VUT,NT,NT,1,fluxnet2015
IT-PT1,DBF,45.2009,9.061,1,1,1,1,1,542.653,1456.29,966.946,517.4325783183674,20.5447,VUT,VUT,VUT,NT,NT,1,fluxnet2015
IT-Ren,ENF,46.5869,11.4337,10,10,10,12,12,711.848,1468.245,700.4335,622.9753614367347,63.132450000000006,BOTH,BOTH,BOTH,NT,NT,0.9,fluxnet2015
IT-Ro1,DBF,42.4081,11.93,7,7,7,7,7,250.867,1497.7,1269.47,423.765757322449,38.1676,VUT,VUT,VUT,NT,NT,1,fluxnet2015
IT-Ro2,DBF,42.3903,11.9209,8,8,8,8,9,760.9205,1500.125,807.1175000000001,484.32285962448975,32.7162,VUT,VUT,VUT,NT,NT,1,fluxnet2015
IT-SR2,ENF,43.732,10.2909,2,2,2,2,2,365.6755,2318.6549999999997,1985.5949999999998,470.0285548897959,26.60765,VUT,VUT,VUT,NT,NT,1,fluxnet2015
IT-SRo,ENF,43.7279,10.2844,10,10,10,12,12,385.6335,1927.21,1550.145,515.9010686693878,34.079899999999995,VUT,VUT,VUT,NT,NT,1,fluxnet2015
IT-Tor,GRA,45.8444,7.5781,5,5,5,6,6,48.3613,800.139,795.933,444.9338225632654,13.2859,VUT,VUT,VUT,NT,NT,1,fluxnet2015
JP-MBF,DBF,44.3869,142.3186,1,1,1,1,1,398.759,1034.93,652.567,451.00576241632655,22.3864,VUT,VUT,VUT,NT,NT,1,fluxnet2015
JP-SMF,MF,35.2617,137.0788,3,3,3,3,3,-13.2071,1575.38,1547.03,765.5229727346939,20.9204,VUT,VUT,VUT,NT,NT,1,fluxnet2015
MY-PSO,EBF,2.973,102.3062,6,6,6,6,6,915.088,2473.465,1498.425,1269.7354927836734,44.9666,VUT,VUT,VUT,NT,NT,1,fluxnet2015
NL-Hor,GRA,52.2403,5.0713,5,5,5,3,6,229.626,1580.77,1189.32,513.6327856653062,-0.7778885,VUT,VUT,VUT,NT,NT,1,fluxnet2015
NL-Loo,ENF,52.1666,5.7436,16,16,16,16,17,503.221,1643.5749999999998,1172.585,569.1426040653062,15.5258,VUT,VUT,VUT,NT,NT,1,fluxnet2015
PA-SPn,DBF,9.3181,-79.6346,1,1,1,1,1,493.912,2061.93,1542.33,1154.7415304816325,26.7749,VUT,VUT,VUT,NT,NT,1,fluxnet2015
PA-SPs,GRA,9.3138,-79.6314,2,2,2,2,2,-276.9785,2366.105,2646.67,993.896307477551,28.4176,VUT,VUT,VUT,NT,NT,1,fluxnet2015
RU-Che,WET,68.613,161.3414,0,0,0,0,0,NA,NA,NA,NA,NA,NA,NA,NA,NA,NA,NA,fluxnet2015
RU-Cok,OSH,70.8291,147.4943,0,0,0,0,0,NA,NA,NA,NA,NA,NA,NA,NA,NA,NA,NA,fluxnet2015
RU-Fyo,ENF,56.4615,32.9221,13,13,13,16,16,-122.447,1509.49,1583.33,370.10173650612245,22.56195,VUT,VUT,VUT,NT,NT,1,fluxnet2015
RU-Ha1,GRA,54.7252,90.0022,0,0,0,0,0,NA,NA,NA,NA,NA,NA,NA,NA,NA,NA,NA,fluxnet2015
RU-Sam,GRA,72.3738,126.4958,NA,NA,NA,NA,NA,NA,NA,NA,NA,NA,NA,NA,NA,NA,NA,NA,fluxnet2015
RU-SkP,DNF,62.255,129.168,NA,NA,NA,NA,NA,NA,NA,NA,NA,NA,NA,NA,NA,NA,NA,NA,fluxnet2015
RU-Tks,GRA,71.5943,128.8878,NA,NA,NA,NA,NA,NA,NA,NA,NA,NA,NA,NA,NA,NA,NA,NA,fluxnet2015
RU-Vrk,CSH,67.0547,62.9405,NA,NA,NA,NA,NA,NA,NA,NA,NA,NA,NA,NA,NA,NA,NA,NA,fluxnet2015
SD-Dem,SAV,13.2829,30.4783,1,1,1,2,2,57.6546,460.308,402.279,385.2088104489796,55.57715,VUT,VUT,VUT,NT,NT,1,fluxnet2015
SE-St1,WET,68.3541,19.0503,NA,NA,NA,NA,NA,NA,NA,NA,NA,NA,NA,NA,NA,NA,NA,NA,fluxnet2015
SJ-Adv,WET,78.186,15.923,0,0,0,0,0,NA,NA,NA,NA,NA,NA,NA,NA,NA,NA,NA,fluxnet2015
SJ-Blv,SNO,78.9216,11.8311,1,1,1,1,1,2.82291,40.6549,38.553,82.43708123755103,-9.46904,VUT,VUT,VUT,NT,NT,1,fluxnet2015
SN-Dhr,SAV,15.4028,-15.4322,1,1,1,1,1,191.48,983.022,791.542,498.71698942040814,50.999,VUT,VUT,VUT,NT,NT,1,fluxnet2015
US-AR1,GRA,36.4267,-99.42,2,2,2,2,2,-57.2742,514.71,562.331,508.40646068571436,39.3585,VUT,VUT,VUT,NT,NT,1,fluxnet2015
US-AR2,GRA,36.6358,-99.5975,2,2,2,2,2,17.226800000000004,323.1347,298.672,405.8552092408163,43.0553,VUT,VUT,VUT,NT,NT,1,fluxnet2015
US-ARb,GRA,35.5497,-98.0402,1,1,1,1,2,-156.647,686.301,839.877,591.4564033959183,46.19855,VUT,VUT,VUT,NT,NT,1,fluxnet2015
US-ARc,GRA,35.5465,-98.04,2,2,2,2,2,-3.1825000000000045,1092.0385,1092.362,717.187678089796,45.585899999999995,VUT,VUT,VUT,NT,NT,1,fluxnet2015
US-ARM,CRO,36.6058,-97.4888,8,8,8,10,10,8.327955,595.0135,616.6355,499.9342111346939,34.04755,VUT,VUT,VUT,NT,NT,1,fluxnet2015
US-Atq,WET,70.4696,-157.4089,3,3,3,4,4,7.5823,195.764,165.963,182.24771613061225,1.486685,VUT,VUT,VUT,NT,NT,1,fluxnet2015
US-Blo,ENF,38.8953,-120.6328,7,7,7,7,7,321.78,1486.67,710.555,669.7115230040816,43.8648,BOTH,BOTH,BOTH,NT,NT,0.7142857142857143,fluxnet2015
US-Cop,GRA,38.09,-109.39,2,2,2,2,3,22.6413,79.16145,56.057950000000005,142.25071224489795,44.5008,BOTH,BOTH,BOTH,NT,NT,0.5,fluxnet2015
US-CRT,CRO,41.6285,-83.3471,3,3,3,3,3,102.116,897.707,881.513,722.806862987755,15.8008,VUT,VUT,VUT,NT,NT,1,fluxnet2015
US-GBT,ENF,41.3658,-106.2397,1,1,1,4,6,580.356,733.732,187.392,578.6807276571428,34.6178,VUT,VUT,VUT,NT,NT,1,fluxnet2015
US-GLE,ENF,41.3665,-106.2399,9,9,9,10,10,-98.4597,619.937,657.616,598.2792853224489,32.883700000000005,VUT,VUT,VUT,NT,NT,1,fluxnet2015
US-Goo,GRA,34.2547,-89.8735,2,2,2,3,3,163.34765,1531.37,1367.92,651.6167815836734,26.1167,VUT,VUT,VUT,NT,NT,1,fluxnet2015
US-Ha1,DBF,42.5378,-72.1715,16,16,16,11,21,172.9325,1422.66,1186.455,424.02594651428575,29.3571,VUT,VUT,VUT,NT,NT,1,fluxnet2015
US-IB2,GRA,41.8406,-88.241,7,7,7,7,7,283.993,1300.58,1052.05,630.7050413387755,15.551,VUT,VUT,VUT,NT,NT,1,fluxnet2015
US-Ivo,WET,68.4865,-155.7503,1,1,1,3,3,-0.728395,269.654,269.089,179.6541966367347,0.233065,VUT,VUT,VUT,NT,NT,1,fluxnet2015
US-KS1,ENF,28.4583,-80.6709,0,0,0,0,0,NA,NA,NA,NA,NA,NA,NA,NA,NA,NA,NA,fluxnet2015
US-KS2,CSH,28.6086,-80.6715,3,3,3,4,4,326.383,1805.02,1484.44,943.9071369795918,31.69495,VUT,VUT,VUT,NT,NT,1,fluxnet2015
US-Lin,CRO,36.3566,-119.0922,1,1,1,1,1,308.99,562.397,254.951,452.8425435428571,49.249,VUT,VUT,VUT,NT,NT,1,fluxnet2015
US-Los,WET,46.0827,-89.9792,7,7,7,9,9,44.6396,782.794,712.006,302.5729807346939,24.629,VUT,VUT,VUT,NT,NT,1,fluxnet2015
US-LWW,GRA,34.9604,-97.9789,2,2,2,2,2,-249.4536,390.27185,637.8645,434.19908630204077,41.56095,VUT,VUT,VUT,NT,NT,1,fluxnet2015
US-Me1,ENF,44.5794,-121.5,0,0,0,0,0,NA,NA,NA,NA,NA,NA,NA,NA,NA,NA,NA,fluxnet2015
US-Me2,ENF,44.4526,-121.5589,8,8,8,11,12,643.5350000000001,1692.52,1045.815,525.8320521795918,44.09815,BOTH,BOTH,BOTH,NT,NT,0.875,fluxnet2015
US-Me3,ENF,44.3154,-121.6078,4,4,4,4,4,79.25965,799.3305,726.7795,357.2713179918368,39.5591,VUT,VUT,VUT,NT,NT,1,fluxnet2015
US-Me4,ENF,44.4992,-121.6224,0,0,0,0,0,NA,NA,NA,NA,NA,NA,NA,NA,NA,NA,NA,fluxnet2015
US-Me5,ENF,44.4372,-121.5668,2,2,2,2,2,140.66049999999998,815.1685,674.2695000000001,367.80447203265305,44.0408,VUT,VUT,VUT,NT,NT,1,fluxnet2015
US-Me6,ENF,44.3233,-121.6078,3,3,3,4,4,135.994,891.909,750.15,374.2422224326531,44.71545,VUT,VUT,VUT,NT,NT,1,fluxnet2015
US-MMS,DBF,39.3232,-86.4131,16,16,16,16,16,421.08849999999995,1725.815,1291.085,494.55653848163263,24.447899999999997,VUT,VUT,VUT,NT,NT,1,fluxnet2015
US-Myb,WET,38.0499,-121.765,3,3,3,4,4,250.497,1697.08,1770.56,1285.4659903346937,13.58765,VUT,VUT,VUT,NT,NT,1,fluxnet2015
US-Ne1,CRO,41.1651,-96.4766,11,11,11,11,11,316.138,1605.1,1313.25,675.1213972897959,18.664,VUT,VUT,VUT,NT,NT,1,fluxnet2015
US-Ne2,CRO,41.1649,-96.4701,10,10,10,11,11,387.31100000000004,1591.155,1118.9650000000001,613.2878222693878,22.0173,VUT,VUT,VUT,NT,NT,1,fluxnet2015
US-Ne3,CRO,41.1797,-96.4397,11,11,11,11,11,46.846,1101.74,938.858,587.118199444898,24.827,VUT,VUT,VUT,NT,NT,1,fluxnet2015
US-NR1,ENF,40.0329,-105.5464,15,15,15,16,16,176.451,843.86,668.493,612.2676745469387,41.57005,VUT,VUT,VUT,NT,NT,1,fluxnet2015
US-Oho,DBF,41.5545,-83.8438,8,8,8,9,9,842.6205,1801.455,936.7055,604.9810891102042,24.3238,VUT,VUT,VUT,NT,NT,1,fluxnet2015
US-ORv,WET,40.0201,-83.0183,1,1,1,1,1,200.185,887.643,625.39,598.2676927346939,13.7412,VUT,VUT,VUT,NT,NT,1,fluxnet2015
US-PFa,MF,45.9459,-90.2723,16,15,15,15,16,-6.6378,1017.47,1015.38,363.4778606693877,20.02265,VUT,VUT,VUT,NT,NT,1,fluxnet2015
US-Prr,ENF,65.1237,-147.4876,2,2,2,3,3,124.267,477.19,336.193,198.3723616653061,17.6807,VUT,VUT,VUT,NT,NT,1,fluxnet2015
US-SRC,OSH,31.9083,-110.8395,3,3,3,3,3,2.09275,112.083,122.197,241.7093188897959,58.9835,VUT,VUT,VUT,NT,NT,1,fluxnet2015
US-SRG,GRA,31.7894,-110.8277,6,6,6,6,6,-3.56025,381.5695,425.5405,380.9472463836735,46.1774,VUT,VUT,VUT,NT,NT,1,fluxnet2015
US-SRM,WSA,31.8214,-110.8661,11,11,11,11,11,-26.7855,279.181,309.715,322.8394002612245,62.4139,VUT,VUT,VUT,NT,NT,1,fluxnet2015
US-Sta,OSH,41.3966,-106.8024,2,2,2,2,1,362.83299999999997,436.567,74.17585,501.67631946122447,5.11827,VUT,VUT,VUT,NT,NT,1,fluxnet2015
US-Syv,MF,46.242,-89.3477,4,4,4,5,7,67.8756,1103.3600000000001,1077.085,328.64471059591835,20.4799,VUT,VUT,VUT,NT,NT,1,fluxnet2015
US-Ton,WSA,38.4309,-120.966,12,12,12,13,13,113.8025,889.554,771.1395,362.06871722448983,54.2098,VUT,VUT,VUT,NT,NT,1,fluxnet2015
US-Tw1,WET,38.1074,-121.6469,1,1,1,2,2,566.687,2014.21,1426.58,1039.567239036735,30.1351,VUT,VUT,VUT,NT,NT,1,fluxnet2015
US-Tw2,CRO,38.0969,-121.6365,0,0,0,0,0,NA,NA,NA,NA,NA,NA,NA,NA,NA,NA,NA,fluxnet2015
US-Tw3,CRO,38.1152,-121.6469,0,0,0,1,1,NA,NA,NA,896.9404117224489,11.1802,NA,NA,NA,NA,NA,NA,fluxnet2015
US-Tw4,WET,38.1027,-121.6413,1,1,1,1,1,-252.366,738.566,993.163,1101.2520425142857,7.00723,VUT,VUT,VUT,NT,NT,1,fluxnet2015
US-Twt,CRO,38.1087,-121.6531,5,5,5,5,5,-179.133,1380.87,1474.47,1054.4385970285716,7.29406,BOTH,BOTH,BOTH,NT,NT,0.8,fluxnet2015
US-UMB,DBF,45.5598,-84.7138,15,15,15,15,15,269.145,1305.8,1024.37,465.9215586612244,28.726,VUT,VUT,VUT,NT,NT,1,fluxnet2015
US-UMd,DBF,45.5625,-84.6975,6,6,6,7,7,323.10400000000004,1320.21,1013.1125,386.7815381877551,32.3677,VUT,VUT,VUT,NT,NT,1,fluxnet2015
US-Var,GRA,38.4133,-120.9508,14,14,14,14,14,-13.982800000000001,637.2965,698.0745,294.4330520326531,46.86695,VUT,VUT,VUT,NT,NT,1,fluxnet2015
US-WCr,DBF,45.8059,-90.0799,10,10,10,9,10,359.4155,1175.66,918.4214999999999,359.7257264326531,24.953899999999997,BOTH,BOTH,BOTH,NT,NT,0.9,fluxnet2015
US-Whs,OSH,31.7438,-110.0522,7,7,7,7,7,-40.9496,119.033,122.187,251.48702262857145,64.9923,VUT,VUT,VUT,NT,NT,1,fluxnet2015
US-Wi0,ENF,46.6188,-91.0814,0,0,0,0,0,NA,NA,NA,NA,NA,NA,NA,NA,NA,NA,NA,fluxnet2015
US-Wi1,DBF,46.7305,-91.2329,0,0,0,0,0,NA,NA,NA,NA,NA,NA,NA,NA,NA,NA,NA,fluxnet2015
US-Wi2,ENF,46.6869,-91.1528,0,0,0,0,0,NA,NA,NA,NA,NA,NA,NA,NA,NA,NA,NA,fluxnet2015
US-Wi3,DBF,46.6347,-91.0987,0,0,0,0,0,NA,NA,NA,NA,NA,NA,NA,NA,NA,NA,NA,fluxnet2015
US-Wi4,ENF,46.7393,-91.1663,0,0,0,0,0,NA,NA,NA,NA,NA,NA,NA,NA,NA,NA,NA,fluxnet2015
US-Wi5,ENF,46.6531,-91.0858,0,0,0,0,0,NA,NA,NA,NA,NA,NA,NA,NA,NA,NA,NA,fluxnet2015
US-Wi6,OSH,46.6249,-91.2982,0,0,0,0,0,NA,NA,NA,NA,NA,NA,NA,NA,NA,NA,NA,fluxnet2015
US-Wi7,OSH,46.6491,-91.0693,0,0,0,0,0,NA,NA,NA,NA,NA,NA,NA,NA,NA,NA,NA,fluxnet2015
US-Wi8,DBF,46.7223,-91.2524,0,0,0,0,0,NA,NA,NA,NA,NA,NA,NA,NA,NA,NA,NA,fluxnet2015
US-Wi9,ENF,46.7385,-91.0746,0,0,0,0,0,NA,NA,NA,NA,NA,NA,NA,NA,NA,NA,NA,fluxnet2015
US-Wkg,GRA,31.7365,-109.9419,10,10,10,10,10,8.465055,226.651,241.6455,270.43768344489797,57.2271,VUT,VUT,VUT,NT,NT,1,fluxnet2015
US-WPT,WET,41.4646,-82.9962,3,3,3,3,3,-182.792,748.778,858.261,702.5365792653062,7.9618,VUT,VUT,VUT,NT,NT,1,fluxnet2015
ZA-Kru,SAV,-25.0197,31.4969,NA,NA,NA,NA,NA,NA,NA,NA,NA,NA,NA,NA,NA,NA,NA,NA,fluxnet2015
ZM-Mon,DBF,-15.4391,23.2525,1,1,1,1,1,-143.112,1586.21,1732.7,707.8047663673469,49.4345,VUT,VUT,VUT,NT,NT,1,fluxnet2015
