site_id,location_lat,location_long,trendy_nee_median_value,trendy_nee_median_method,trendy_nee_median_bin,trendy_nee_median_bin_label,trendy_nee_median_bin_30
AR-Bal,-37.7596,-58.3024,65.824310302734375,exact,6,54.3–70.2 gC m-2 yr-1,24
AR-CCa,-35.621,-61.3181,53.33772659301758,exact,5,41.8–54.3 gC m-2 yr-1,20
AR-CCg,-35.9244,-61.1855,53.33772659301758,exact,5,41.8–54.3 gC m-2 yr-1,20
AR-TF1,-54.9733,-66.7335,30.2711124420166,exact,3,20.5–31.7 gC m-2 yr-1,10
AR-TF2,-54.8269,-68.4549,27.65923118591309,exact,3,20.5–31.7 gC m-2 yr-1,9
BR-CST,-7.9682,-38.3842,82.70597076416016,exact,7,>70.2 gC m-2 yr-1,28
BR-ITA,-23.0604,-48.6467,82.89170837402344,exact,7,>70.2 gC m-2 yr-1,28
BR-Ji3,-10.1866,-61.8725,73.0145034790039,exact,7,>70.2 gC m-2 yr-1,26
BR-Ma2,-2.6091,-60.2093,74.04943084716797,exact,7,>70.2 gC m-2 yr-1,27
BR-Ma3,-2.3907,-59.8835,74.07829284667969,exact,7,>70.2 gC m-2 yr-1,27
BR-Npw,-16.498,-56.412,56.33428192138672,exact,6,54.3–70.2 gC m-2 yr-1,22
BR-Sa1,-2.8567,-54.9589,104.15416717529295,exact,7,>70.2 gC m-2 yr-1,30
BR-Sa3,-3.018,-54.9714,82.80094146728516,exact,7,>70.2 gC m-2 yr-1,28
BR-SM1,-30.2771,-53.1479,70.9883804321289,exact,7,>70.2 gC m-2 yr-1,26
BR-Xpw,-16.373,-56.461,56.33428192138672,exact,6,54.3–70.2 gC m-2 yr-1,22
CA-ARB,52.695,-83.9452,31.542436599731445,exact,3,20.5–31.7 gC m-2 yr-1,11
CA-ARF,52.7008,-83.955,31.542436599731445,exact,3,20.5–31.7 gC m-2 yr-1,11
CA-BOU,50.5244,-63.2064,33.45707702636719,exact,4,31.7–41.8 gC m-2 yr-1,12
CA-Ca1,49.8673,-125.3336,39.27870559692383,exact,4,31.7–41.8 gC m-2 yr-1,15
CA-Ca2,49.8705,-125.2909,39.27870559692383,exact,4,31.7–41.8 gC m-2 yr-1,15
CA-Ca3,49.5346,-124.9004,34.668235778808594,exact,4,31.7–41.8 gC m-2 yr-1,13
CA-Cbo,44.3184,-79.9341,54.47175979614258,exact,6,54.3–70.2 gC m-2 yr-1,21
CA-CF1,58.6658,-93.83,17.044178009033203,exact,2,5.0–20.5 gC m-2 yr-1,5
CA-CF2,58.6658,-93.83,17.044178009033203,exact,2,5.0–20.5 gC m-2 yr-1,5
CA-CF3,58.6658,-93.8304,17.044178009033203,exact,2,5.0–20.5 gC m-2 yr-1,5
CA-DB2,49.119,-122.9951,44.23484420776367,exact,5,41.8–54.3 gC m-2 yr-1,17
CA-DBB,49.1293,-122.9849,44.23484420776367,exact,5,41.8–54.3 gC m-2 yr-1,17
CA-DSM,49.0887,-122.8954,44.23484420776367,exact,5,41.8–54.3 gC m-2 yr-1,17
CA-EM1,50.3623,-100.2024,34.91756820678711,exact,4,31.7–41.8 gC m-2 yr-1,13
CA-EM2,50.3706,-100.5339,36.8778190612793,exact,4,31.7–41.8 gC m-2 yr-1,14
CA-Gro,48.2167,-82.1556,43.88124084472656,exact,5,41.8–54.3 gC m-2 yr-1,17
CA-HPC,68.3203,-133.5188,16.2656307220459,exact,2,5.0–20.5 gC m-2 yr-1,5
CA-KLP,51.5902,-81.7684,33.743804931640625,exact,4,31.7–41.8 gC m-2 yr-1,12
CA-LP1,55.1119,-122.8414,32.54167556762695,exact,4,31.7–41.8 gC m-2 yr-1,12
CA-LU1,59.5951,-117.2862,40.09105682373047,exact,4,31.7–41.8 gC m-2 yr-1,15
CA-LU2,59.4405,-117.2422,37.03531265258789,exact,4,31.7–41.8 gC m-2 yr-1,14
CA-MA1,50.1645,-97.8762,46.301177978515625,exact,5,41.8–54.3 gC m-2 yr-1,18
CA-MA2,50.171,-97.8762,46.301177978515625,exact,5,41.8–54.3 gC m-2 yr-1,18
CA-MA3,50.1774,-97.8686,46.301177978515625,exact,5,41.8–54.3 gC m-2 yr-1,18
CA-Man,55.8796,-98.4808,38.28171920776367,exact,4,31.7–41.8 gC m-2 yr-1,14
CA-Mer,45.4094,-75.5186,49.05195236206055,exact,5,41.8–54.3 gC m-2 yr-1,19
CA-Mtk,72.6695,-77.9981,0.05229921638965607,exact,1,0–5 gC m-2 yr-1,1
CA-Na1,46.4722,-67.1,35.81625747680664,exact,4,31.7–41.8 gC m-2 yr-1,13
CA-Ojp,53.9163,-104.692,43.04402160644531,exact,5,41.8–54.3 gC m-2 yr-1,16
CA-PB1,54.9417,-83.4579,24.534223556518555,exact,3,20.5–31.7 gC m-2 yr-1,8
CA-PB2,54.9389,-83.4736,24.534223556518555,exact,3,20.5–31.7 gC m-2 yr-1,8
CA-Qc2,49.7598,-74.5711,30.38699722290039,exact,3,20.5–31.7 gC m-2 yr-1,10
CA-Qfo,49.6925,-74.3421,27.242523193359375,exact,3,20.5–31.7 gC m-2 yr-1,9
CA-RBM,49.1313,-123.1964,27.921222686767575,exact,3,20.5–31.7 gC m-2 yr-1,9
CA-SCB,61.3089,-121.2984,44.37926483154297,exact,5,41.8–54.3 gC m-2 yr-1,17
CA-SCC,61.3079,-121.2992,44.37926483154297,exact,5,41.8–54.3 gC m-2 yr-1,17
CA-SF1,54.485,-105.8176,44.095760345458984,exact,5,41.8–54.3 gC m-2 yr-1,17
CA-SF2,54.2539,-105.8775,44.095760345458984,exact,5,41.8–54.3 gC m-2 yr-1,17
CA-SF3,54.0916,-106.0053,51.558467864990234,exact,5,41.8–54.3 gC m-2 yr-1,20
CA-SJ2,53.945,-104.649,43.04402160644531,exact,5,41.8–54.3 gC m-2 yr-1,16
CA-SMC,63.1534,-123.2522,31.668071746826172,exact,3,20.5–31.7 gC m-2 yr-1,11
CA-TP1,42.6609,-80.5595,54.433258056640625,exact,6,54.3–70.2 gC m-2 yr-1,21
CA-TP2,42.7744,-80.4588,45.19938659667969,exact,5,41.8–54.3 gC m-2 yr-1,17
CA-TP3,42.7068,-80.3483,45.19938659667969,exact,5,41.8–54.3 gC m-2 yr-1,17
CA-TP4,42.7102,-80.3574,45.19938659667969,exact,5,41.8–54.3 gC m-2 yr-1,17
CA-TPA,42.6947,-80.3487,45.19938659667969,exact,5,41.8–54.3 gC m-2 yr-1,17
CA-TPD,42.6353,-80.5577,54.433258056640625,exact,6,54.3–70.2 gC m-2 yr-1,21
CA-TVC,68.7462,-133.5017,13.494902610778809,exact,2,5.0–20.5 gC m-2 yr-1,4
CL-ACF,-40.1726,-73.4439,74.2339096069336,exact,7,>70.2 gC m-2 yr-1,27
CL-SDF,-41.883,-73.676,50.4748420715332,exact,5,41.8–54.3 gC m-2 yr-1,19
CL-SDP,-41.879,-73.666,50.4748420715332,exact,5,41.8–54.3 gC m-2 yr-1,19
CR-Fsc,10.4189,-85.4732,49.45722579956055,exact,5,41.8–54.3 gC m-2 yr-1,19
MX-Aog,26.9968,-108.7892,74.293914794921875,exact,7,>70.2 gC m-2 yr-1,27
MX-PMm,20.8462,-86.8992,63.74082946777344,exact,6,54.3–70.2 gC m-2 yr-1,24
MX-Tes,27.8446,-109.2977,84.15974426269531,exact,7,>70.2 gC m-2 yr-1,28
PE-QFR,-3.8344,-73.319,53.77628707885742,exact,5,41.8–54.3 gC m-2 yr-1,21
PR-xGU,17.9696,-66.8687,46.69971466064453,exact,5,41.8–54.3 gC m-2 yr-1,18
PR-xLA,18.0212,-67.0769,75.88023376464844,exact,7,>70.2 gC m-2 yr-1,27
US-A03,70.4953,-149.8823,22.313817977905273,exact,3,20.5–31.7 gC m-2 yr-1,7
US-A10,71.3242,-156.6149,1.4065983295440674,exact,1,0–5 gC m-2 yr-1,1
US-A32,36.8193,-97.8198,48.58350372314453,exact,5,41.8–54.3 gC m-2 yr-1,19
US-A37,36.3106,-97.928,44.94148254394531,exact,5,41.8–54.3 gC m-2 yr-1,17
US-A39,36.3776,-96.069,48.040279388427734,exact,5,41.8–54.3 gC m-2 yr-1,18
US-A74,36.8085,-97.5489,48.58350372314453,exact,5,41.8–54.3 gC m-2 yr-1,19
US-ABa,27.1301,-81.2011,60.35102081298828,exact,6,54.3–70.2 gC m-2 yr-1,23
US-ABb,27.1346,-81.2031,60.35102081298828,exact,6,54.3–70.2 gC m-2 yr-1,23
US-ABc,27.1633,-81.1873,60.35102081298828,exact,6,54.3–70.2 gC m-2 yr-1,23
US-ABd,27.1699,-81.2152,60.35102081298828,exact,6,54.3–70.2 gC m-2 yr-1,23
US-ABe,27.1656,-81.2161,60.35102081298828,exact,6,54.3–70.2 gC m-2 yr-1,23
US-ADR,36.7653,-116.6933,6.490658283233643,exact,2,5.0–20.5 gC m-2 yr-1,2
US-Akn,33.3825,-81.5653,81.972900390625,exact,7,>70.2 gC m-2 yr-1,28
US-ALQ,46.0308,-89.6067,53.117305755615234,exact,5,41.8–54.3 gC m-2 yr-1,20
US-AR1,36.4267,-99.42,45.322269439697266,exact,5,41.8–54.3 gC m-2 yr-1,17
US-AR2,36.6358,-99.5975,46.737571716308594,exact,5,41.8–54.3 gC m-2 yr-1,18
US-ARb,35.5497,-98.0402,43.3262825012207,exact,5,41.8–54.3 gC m-2 yr-1,17
US-ARc,35.5465,-98.04,43.3262825012207,exact,5,41.8–54.3 gC m-2 yr-1,17
US-ARM,36.6058,-97.4888,50.62029647827149,exact,5,41.8–54.3 gC m-2 yr-1,19
US-ASH,36.1697,-120.201,32.012489318847656,exact,4,31.7–41.8 gC m-2 yr-1,11
US-ASM,36.1777,-120.2026,32.012489318847656,exact,4,31.7–41.8 gC m-2 yr-1,11
US-Aud,31.5907,-110.5104,24.90163230895996,exact,3,20.5–31.7 gC m-2 yr-1,8
US-Bar,44.0646,-71.2881,50.10931015014648,exact,5,41.8–54.3 gC m-2 yr-1,19
US-Bi1,38.0992,-121.4993,30.1633243560791,exact,3,20.5–31.7 gC m-2 yr-1,10
US-Bi2,38.1091,-121.5351,28.40679931640625,exact,3,20.5–31.7 gC m-2 yr-1,10
US-BRG,39.2167,-86.5406,51.758331298828125,exact,5,41.8–54.3 gC m-2 yr-1,20
US-BZB,64.6955,-148.3208,33.81850814819336,exact,4,31.7–41.8 gC m-2 yr-1,12
US-BZF,64.7013,-148.3121,33.81850814819336,exact,4,31.7–41.8 gC m-2 yr-1,12
US-BZo,64.6936,-148.33,33.81850814819336,exact,4,31.7–41.8 gC m-2 yr-1,12
US-CAK,64.8618,-163.7002,26.73303604125977,exact,3,20.5–31.7 gC m-2 yr-1,9
US-CdM,37.5241,-109.7471,36.292476654052734,exact,4,31.7–41.8 gC m-2 yr-1,13
US-Ced,39.8379,-74.3791,56.53850555419922,exact,6,54.3–70.2 gC m-2 yr-1,22
US-CF1,46.7815,-117.0821,34.60606002807617,exact,4,31.7–41.8 gC m-2 yr-1,13
US-CF2,46.784,-117.0908,34.60606002807617,exact,4,31.7–41.8 gC m-2 yr-1,13
US-CF3,46.7551,-117.1261,34.60606002807617,exact,4,31.7–41.8 gC m-2 yr-1,13
US-CF4,46.7518,-117.1285,34.60606002807617,exact,4,31.7–41.8 gC m-2 yr-1,13
US-CGG,37.938,-121.9761,39.14134216308594,exact,4,31.7–41.8 gC m-2 yr-1,15
US-ChR,35.9311,-84.3324,59.42998123168945,exact,6,54.3–70.2 gC m-2 yr-1,23
US-CLF,40.6366,-77.9424,62.82831954956055,exact,6,54.3–70.2 gC m-2 yr-1,24
US-Cms,71.3202,-156.6223,1.4065983295440674,exact,1,0–5 gC m-2 yr-1,1
US-CMW,31.6637,-110.1777,26.135007858276367,exact,3,20.5–31.7 gC m-2 yr-1,9
US-Cop,38.09,-109.39,33.458717346191406,exact,4,31.7–41.8 gC m-2 yr-1,12
US-CRK,31.4629,-95.3415,85.23509216308594,exact,7,>70.2 gC m-2 yr-1,28
US-CRT,41.6285,-83.3471,38.56884002685547,exact,4,31.7–41.8 gC m-2 yr-1,14
US-CS1,44.1031,-89.5379,47.8526611328125,exact,5,41.8–54.3 gC m-2 yr-1,18
US-CS2,44.1467,-89.5002,47.8526611328125,exact,5,41.8–54.3 gC m-2 yr-1,18
US-CS3,44.1394,-89.5727,47.8526611328125,exact,5,41.8–54.3 gC m-2 yr-1,18
US-CS4,44.1597,-89.5475,47.8526611328125,exact,5,41.8–54.3 gC m-2 yr-1,18
US-CS5,44.1095,-89.5377,47.8526611328125,exact,5,41.8–54.3 gC m-2 yr-1,18
US-CS6,44.4297,-89.544,47.8526611328125,exact,5,41.8–54.3 gC m-2 yr-1,18
US-CS8,44.4338,-89.5364,47.8526611328125,exact,5,41.8–54.3 gC m-2 yr-1,18
US-Cst,33.0442,-91.9204,86.20417022705078,exact,7,>70.2 gC m-2 yr-1,28
US-Cwt,35.0592,-83.4275,67.5728759765625,exact,6,54.3–70.2 gC m-2 yr-1,25
US-DFC,43.3448,-89.7117,48.91641998291016,exact,5,41.8–54.3 gC m-2 yr-1,19
US-DFK,43.3453,-89.7154,48.91641998291016,exact,5,41.8–54.3 gC m-2 yr-1,19
US-Dix,39.9712,-74.4346,56.53850555419922,exact,6,54.3–70.2 gC m-2 yr-1,22
US-Dk1,35.9712,-79.0934,61.59457015991211,exact,6,54.3–70.2 gC m-2 yr-1,23
US-Dk2,35.9736,-79.1004,61.59457015991211,exact,6,54.3–70.2 gC m-2 yr-1,23
US-Dk3,35.9782,-79.0942,61.59457015991211,exact,6,54.3–70.2 gC m-2 yr-1,23
US-Dmg,38.0015,-121.6691,28.40679931640625,exact,3,20.5–31.7 gC m-2 yr-1,10
US-DPW,28.0521,-81.4361,59.167388916015625,exact,6,54.3–70.2 gC m-2 yr-1,22
US-DS1,38.1335,-121.539,28.40679931640625,exact,3,20.5–31.7 gC m-2 yr-1,10
US-DS2,38.1375,-121.514,28.40679931640625,exact,3,20.5–31.7 gC m-2 yr-1,10
US-DS3,38.1235,-121.549,28.40679931640625,exact,3,20.5–31.7 gC m-2 yr-1,10
US-EA4,29.6633,-98.3816,78.46392059326172,exact,7,>70.2 gC m-2 yr-1,27
US-EA5,29.3584,-99.9576,61.79172134399414,exact,6,54.3–70.2 gC m-2 yr-1,23
US-EA6,29.6561,-99.9588,54.08210754394531,exact,5,41.8–54.3 gC m-2 yr-1,21
US-EDN,37.6156,-122.114,38.41838073730469,exact,4,31.7–41.8 gC m-2 yr-1,14
US-EKH,36.8094,-121.7523,38.8272705078125,exact,4,31.7–41.8 gC m-2 yr-1,15
US-EKN,36.8357,-121.7328,38.8272705078125,exact,4,31.7–41.8 gC m-2 yr-1,15
US-EKP,36.8558,-121.7488,38.8272705078125,exact,4,31.7–41.8 gC m-2 yr-1,15
US-Elm,25.5519,-80.7826,103.3156509399414,exact,7,>70.2 gC m-2 yr-1,30
US-EML,63.8784,-149.2536,30.57876205444336,exact,3,20.5–31.7 gC m-2 yr-1,11
US-Esm,25.4379,-80.5946,107.30545806884766,exact,7,>70.2 gC m-2 yr-1,30
US-EvM,25.3539,-80.381,103.13263702392578,exact,7,>70.2 gC m-2 yr-1,30
US-Fcr,65.3968,-148.9348,35.595184326171875,exact,4,31.7–41.8 gC m-2 yr-1,13
US-Fmf,35.1426,-111.7273,48.335914611816406,exact,5,41.8–54.3 gC m-2 yr-1,19
US-Fo1,70.085,-148.5671,19.35006332397461,exact,2,5.0–20.5 gC m-2 yr-1,6
US-Fo2,70.0229,-148.6598,19.35006332397461,exact,2,5.0–20.5 gC m-2 yr-1,6
US-Fuf,35.089,-111.762,48.335914611816406,exact,5,41.8–54.3 gC m-2 yr-1,19
US-Fwf,35.4454,-111.7718,48.335914611816406,exact,5,41.8–54.3 gC m-2 yr-1,19
US-GLE,41.3665,-106.2399,30.56537628173828,exact,3,20.5–31.7 gC m-2 yr-1,11
US-Ha1,42.5378,-72.1715,57.04385757446289,exact,6,54.3–70.2 gC m-2 yr-1,22
US-HB1,33.3455,-79.1957,53.956058502197266,exact,5,41.8–54.3 gC m-2 yr-1,21
US-HB2,33.3242,-79.244,53.956058502197266,exact,5,41.8–54.3 gC m-2 yr-1,21
US-HB3,33.3482,-79.2322,53.956058502197266,exact,5,41.8–54.3 gC m-2 yr-1,21
US-HB4,33.2015,-79.2975,53.956058502197266,exact,5,41.8–54.3 gC m-2 yr-1,21
US-HBK,43.9397,-71.7181,53.97808837890625,exact,5,41.8–54.3 gC m-2 yr-1,21
US-Hn2,46.6889,-119.4641,17.926149368286133,exact,2,5.0–20.5 gC m-2 yr-1,5
US-Hn3,46.6878,-119.4614,17.926149368286133,exact,2,5.0–20.5 gC m-2 yr-1,5
US-Ho2,45.209,-68.747,49.381099700927734,exact,5,41.8–54.3 gC m-2 yr-1,19
US-Ho3,45.2072,-68.7265,49.381099700927734,exact,5,41.8–54.3 gC m-2 yr-1,19
US-HRA,34.5852,-91.7517,57.1118049621582,exact,6,54.3–70.2 gC m-2 yr-1,22
US-HRC,34.5888,-91.7517,57.1118049621582,exact,6,54.3–70.2 gC m-2 yr-1,22
US-Hsm,38.2368,-122.0212,43.81649017333984,exact,5,41.8–54.3 gC m-2 yr-1,17
US-HVs,69.1672,-148.8569,26.682308197021484,exact,3,20.5–31.7 gC m-2 yr-1,9
US-HWB,40.8608,-77.8488,62.82831954956055,exact,6,54.3–70.2 gC m-2 yr-1,24
US-IAB,42.0001,-93.7016,41.4586296081543,exact,4,31.7–41.8 gC m-2 yr-1,16
US-IAC,41.9984,-93.7016,42.34272766113281,exact,5,41.8–54.3 gC m-2 yr-1,16
US-IAM,41.9994,-93.7042,42.34272766113281,exact,5,41.8–54.3 gC m-2 yr-1,16
US-ICh,68.6068,-149.2958,27.298269271850582,exact,3,20.5–31.7 gC m-2 yr-1,9
US-ICs,68.6058,-149.311,27.298269271850582,exact,3,20.5–31.7 gC m-2 yr-1,9
US-ICt,68.6063,-149.3041,27.298269271850582,exact,3,20.5–31.7 gC m-2 yr-1,9
US-Jo1,32.582,-106.635,16.812679290771484,exact,2,5.0–20.5 gC m-2 yr-1,5
US-Jo2,32.5849,-106.6032,16.812679290771484,exact,2,5.0–20.5 gC m-2 yr-1,5
US-KFS,39.0561,-95.1907,55.88271713256836,exact,6,54.3–70.2 gC m-2 yr-1,21
US-Kon,39.0824,-96.5603,52.32865905761719,exact,5,41.8–54.3 gC m-2 yr-1,20
US-KPL,60.5382,-150.5061,33.23625183105469,exact,4,31.7–41.8 gC m-2 yr-1,12
US-KS1,28.4583,-80.6709,51.665809631347656,exact,5,41.8–54.3 gC m-2 yr-1,20
US-KS2,28.6086,-80.6715,67.67423248291016,exact,6,54.3–70.2 gC m-2 yr-1,25
US-KS3,28.7084,-80.7427,67.67423248291016,exact,6,54.3–70.2 gC m-2 yr-1,25
US-LA2,29.8587,-90.2869,63.95899200439453,exact,6,54.3–70.2 gC m-2 yr-1,24
US-LA3,29.4936,-89.9153,48.15446472167969,exact,5,41.8–54.3 gC m-2 yr-1,18
US-Lin,36.3566,-119.0922,27.39079475402832,exact,3,20.5–31.7 gC m-2 yr-1,9
US-Los,46.0827,-89.9786,53.117305755615234,exact,5,41.8–54.3 gC m-2 yr-1,20
US-LS1,31.5615,-110.1403,26.135007858276367,exact,3,20.5–31.7 gC m-2 yr-1,9
US-MBP,47.5051,-93.4893,58.99855422973633,exact,6,54.3–70.2 gC m-2 yr-1,22
US-Me1,44.5794,-121.5,40.97549819946289,exact,4,31.7–41.8 gC m-2 yr-1,16
US-Me3,44.3154,-121.6078,40.241119384765625,exact,4,31.7–41.8 gC m-2 yr-1,15
US-Me5,44.4372,-121.5668,40.241119384765625,exact,4,31.7–41.8 gC m-2 yr-1,15
US-Me6,44.3232,-121.6044,40.241119384765625,exact,4,31.7–41.8 gC m-2 yr-1,15
US-Me7,44.4534,-121.5619,40.241119384765625,exact,4,31.7–41.8 gC m-2 yr-1,15
US-MEF,39.1006,-105.1024,50.36993408203125,exact,5,41.8–54.3 gC m-2 yr-1,19
US-MMS,39.3232,-86.4133,60.12395095825195,exact,6,54.3–70.2 gC m-2 yr-1,23
US-MN1,45.6168,-96.1269,42.490013122558594,exact,5,41.8–54.3 gC m-2 yr-1,16
US-MN2,45.627,-96.1271,42.490013122558594,exact,5,41.8–54.3 gC m-2 yr-1,16
US-MN3,45.6091,-96.1265,42.490013122558594,exact,5,41.8–54.3 gC m-2 yr-1,16
US-Mo1,39.2298,-92.1167,51.681034088134766,exact,5,41.8–54.3 gC m-2 yr-1,20
US-Mo2,38.9488,-91.9945,63.39969253540039,exact,6,54.3–70.2 gC m-2 yr-1,24
US-Mo3,39.2322,-92.1493,51.681034088134766,exact,5,41.8–54.3 gC m-2 yr-1,20
US-MOz,38.7441,-92.2,65.41484832763672,exact,6,54.3–70.2 gC m-2 yr-1,24
US-Mpj,34.4382,-106.2385,27.18646240234375,exact,3,20.5–31.7 gC m-2 yr-1,9
US-MtB,32.416,-110.7256,24.007251739501953,exact,3,20.5–31.7 gC m-2 yr-1,8
US-Myb,38.0499,-121.765,28.40679931640625,exact,3,20.5–31.7 gC m-2 yr-1,10
US-MZA,43.0441,-76.7897,46.255008697509766,exact,5,41.8–54.3 gC m-2 yr-1,18
US-NC1,35.8118,-76.7119,56.50391387939453,exact,6,54.3–70.2 gC m-2 yr-1,22
US-NC2,35.803,-76.6685,56.50391387939453,exact,6,54.3–70.2 gC m-2 yr-1,22
US-NC3,35.799,-76.656,56.50391387939453,exact,6,54.3–70.2 gC m-2 yr-1,22
US-NC4,35.7817,-75.9135,37.83340072631836,exact,4,31.7–41.8 gC m-2 yr-1,14
US-NC5,36.1565,-78.7878,64.393707275390625,exact,6,54.3–70.2 gC m-2 yr-1,24
US-Ne1,41.1651,-96.4766,41.15948867797851,exact,4,31.7–41.8 gC m-2 yr-1,16
US-Ne2,41.1649,-96.4701,41.15948867797851,exact,4,31.7–41.8 gC m-2 yr-1,16
US-Ne3,41.1797,-96.4397,41.15948867797851,exact,4,31.7–41.8 gC m-2 yr-1,16
US-NGB,71.28,-156.6092,1.4065983295440674,exact,1,0–5 gC m-2 yr-1,1
US-NGC,64.8618,-163.7002,26.73303604125977,exact,3,20.5–31.7 gC m-2 yr-1,9
US-NR1,40.0329,-105.547,33.657047271728516,exact,4,31.7–41.8 gC m-2 yr-1,12
US-NR3,40.052,-105.5864,33.657047271728516,exact,4,31.7–41.8 gC m-2 yr-1,12
US-NSa,36.6029,-119.5061,24.751543045043945,exact,3,20.5–31.7 gC m-2 yr-1,8
US-NSb,36.3354,-120.1183,32.012489318847656,exact,4,31.7–41.8 gC m-2 yr-1,11
US-Oho,41.5545,-83.8438,58.87558364868164,exact,6,54.3–70.2 gC m-2 yr-1,22
US-ONA,27.3836,-81.9509,54.40349960327149,exact,6,54.3–70.2 gC m-2 yr-1,21
US-OPE,39.0293,-76.8457,57.39830780029297,exact,6,54.3–70.2 gC m-2 yr-1,22
US-OWC,41.3793,-82.5124,50.49251556396485,exact,5,41.8–54.3 gC m-2 yr-1,19
US-PAS,27.3944,-81.951,54.40349960327149,exact,6,54.3–70.2 gC m-2 yr-1,21
US-PFb,45.972,-90.3232,54.42844009399414,exact,6,54.3–70.2 gC m-2 yr-1,21
US-PFc,45.9677,-90.3088,54.42844009399414,exact,6,54.3–70.2 gC m-2 yr-1,21
US-PFd,45.9689,-90.301,54.42844009399414,exact,6,54.3–70.2 gC m-2 yr-1,21
US-PFf,45.9458,-90.2944,54.42844009399414,exact,6,54.3–70.2 gC m-2 yr-1,21
US-PFg,45.9735,-90.2723,54.42844009399414,exact,6,54.3–70.2 gC m-2 yr-1,21
US-PFh,45.9557,-90.2406,54.42844009399414,exact,6,54.3–70.2 gC m-2 yr-1,21
US-PFi,45.9749,-90.2327,54.42844009399414,exact,6,54.3–70.2 gC m-2 yr-1,21
US-PFj,45.9619,-90.227,54.42844009399414,exact,6,54.3–70.2 gC m-2 yr-1,21
US-PFk,45.9149,-90.3425,54.42844009399414,exact,6,54.3–70.2 gC m-2 yr-1,21
US-PFL,45.9409,-90.3177,54.42844009399414,exact,6,54.3–70.2 gC m-2 yr-1,21
US-PFm,45.9207,-90.3099,54.42844009399414,exact,6,54.3–70.2 gC m-2 yr-1,21
US-PFn,45.9392,-90.2823,54.42844009399414,exact,6,54.3–70.2 gC m-2 yr-1,21
US-PFp,45.9365,-90.2641,54.42844009399414,exact,6,54.3–70.2 gC m-2 yr-1,21
US-PFq,45.9271,-90.2475,54.42844009399414,exact,6,54.3–70.2 gC m-2 yr-1,21
US-PFr,45.9245,-90.2475,54.42844009399414,exact,6,54.3–70.2 gC m-2 yr-1,21
US-PFt,45.9197,-90.2288,54.42844009399414,exact,6,54.3–70.2 gC m-2 yr-1,21
US-PLo,42.7496,-70.9157,52.21377182006836,exact,5,41.8–54.3 gC m-2 yr-1,20
US-Prr,65.1237,-147.4876,31.61534118652344,exact,3,20.5–31.7 gC m-2 yr-1,11
US-PSH,36.2347,-119.9247,27.385072708129883,exact,3,20.5–31.7 gC m-2 yr-1,9
US-PSL,36.8276,-120.1397,26.512283325195312,exact,3,20.5–31.7 gC m-2 yr-1,9
US-RC1,46.7837,-117.0777,34.60606002807617,exact,4,31.7–41.8 gC m-2 yr-1,13
US-RC2,46.7776,-117.0807,34.60606002807617,exact,4,31.7–41.8 gC m-2 yr-1,13
US-RC3,46.991,-118.598,24.3714656829834,exact,3,20.5–31.7 gC m-2 yr-1,8
US-RC4,46.758,-116.949,38.57835006713867,exact,4,31.7–41.8 gC m-2 yr-1,14
US-RC5,47.01,-119.248,21.083730697631836,exact,3,20.5–31.7 gC m-2 yr-1,6
US-RGA,34.4159,-91.6733,62.92298889160156,exact,6,54.3–70.2 gC m-2 yr-1,24
US-RGB,39.5782,-121.8579,36.21014404296875,exact,4,31.7–41.8 gC m-2 yr-1,13
US-RGF,37.6995,-121.1369,28.982013702392575,exact,3,20.5–31.7 gC m-2 yr-1,10
US-RGo,39.6805,-122.0026,40.197940826416016,exact,4,31.7–41.8 gC m-2 yr-1,15
US-RGW,33.6216,-91.4306,65.06080627441406,exact,6,54.3–70.2 gC m-2 yr-1,24
US-Rls,43.1439,-116.7356,27.956377029418945,exact,3,20.5–31.7 gC m-2 yr-1,9
US-Rms,43.0645,-116.7486,27.956377029418945,exact,3,20.5–31.7 gC m-2 yr-1,9
US-Ro1,44.7143,-93.0898,39.060001373291016,exact,4,31.7–41.8 gC m-2 yr-1,15
US-Ro2,44.7288,-93.0888,39.060001373291016,exact,4,31.7–41.8 gC m-2 yr-1,15
US-Ro3,44.7217,-93.0893,39.060001373291016,exact,4,31.7–41.8 gC m-2 yr-1,15
US-Ro4,44.6781,-93.0723,39.060001373291016,exact,4,31.7–41.8 gC m-2 yr-1,15
US-Ro5,44.691,-93.0576,39.060001373291016,exact,4,31.7–41.8 gC m-2 yr-1,15
US-Ro6,44.6946,-93.0578,39.060001373291016,exact,4,31.7–41.8 gC m-2 yr-1,15
US-Rpf,65.1198,-147.429,31.61534118652344,exact,3,20.5–31.7 gC m-2 yr-1,11
US-RRC,37.3344,-77.2065,67.10773468017578,exact,6,54.3–70.2 gC m-2 yr-1,25
US-Rwe,43.0653,-116.7591,27.956377029418945,exact,3,20.5–31.7 gC m-2 yr-1,9
US-Rwf,43.1207,-116.7231,27.956377029418945,exact,3,20.5–31.7 gC m-2 yr-1,9
US-Rws,43.1675,-116.7132,27.956377029418945,exact,3,20.5–31.7 gC m-2 yr-1,9
US-Sag,69.5131,-148.5676,18.62653923034668,exact,2,5.0–20.5 gC m-2 yr-1,6
US-SD1,41.2048,-86.0296,43.83010482788086,exact,5,41.8–54.3 gC m-2 yr-1,17
US-SD2,41.1785,-85.9977,45.59328079223633,exact,5,41.8–54.3 gC m-2 yr-1,18
US-Seg,34.3603,-106.7003,18.8623104095459,exact,2,5.0–20.5 gC m-2 yr-1,6
US-Ses,34.335,-106.7448,18.8623104095459,exact,2,5.0–20.5 gC m-2 yr-1,6
US-SHC,39.4315,-120.2398,37.540283203125,exact,4,31.7–41.8 gC m-2 yr-1,14
US-Slt,39.9138,-74.596,59.29898452758789,exact,6,54.3–70.2 gC m-2 yr-1,23
US-Sne,38.0369,-121.7547,28.40679931640625,exact,3,20.5–31.7 gC m-2 yr-1,10
US-Snf,38.0402,-121.7272,28.40679931640625,exact,3,20.5–31.7 gC m-2 yr-1,10
US-SP1,29.7381,-82.2188,58.737823486328125,exact,6,54.3–70.2 gC m-2 yr-1,22
US-SRC,31.9083,-110.8395,24.90163230895996,exact,3,20.5–31.7 gC m-2 yr-1,8
US-SRG,31.7894,-110.8277,24.90163230895996,exact,3,20.5–31.7 gC m-2 yr-1,8
US-SRM,31.8214,-110.8661,24.90163230895996,exact,3,20.5–31.7 gC m-2 yr-1,8
US-Srr,38.2006,-122.0264,43.81649017333984,exact,5,41.8–54.3 gC m-2 yr-1,17
US-SRS,31.8173,-110.8508,24.90163230895996,exact,3,20.5–31.7 gC m-2 yr-1,8
US-SSH,40.6658,-77.9041,62.82831954956055,exact,6,54.3–70.2 gC m-2 yr-1,24
US-Sta,41.3966,-106.8024,36.54007339477539,exact,4,31.7–41.8 gC m-2 yr-1,14
US-StJ,39.0882,-75.4372,53.63750457763672,exact,5,41.8–54.3 gC m-2 yr-1,21
US-Syv,46.2421,-89.3459,57.82821273803711,exact,6,54.3–70.2 gC m-2 yr-1,22
US-TaS,25.1908,-80.6391,107.30545806884766,exact,7,>70.2 gC m-2 yr-1,30
US-TKs,68.6337,-149.5769,29.282676696777344,exact,3,20.5–31.7 gC m-2 yr-1,10
US-TLR,35.9168,-76.1463,57.40656280517578,exact,6,54.3–70.2 gC m-2 yr-1,22
US-Ton,38.4309,-120.966,37.63893127441406,exact,4,31.7–41.8 gC m-2 yr-1,14
US-Tw1,38.1074,-121.6469,28.40679931640625,exact,3,20.5–31.7 gC m-2 yr-1,10
US-Tw2,38.0969,-121.6365,28.40679931640625,exact,3,20.5–31.7 gC m-2 yr-1,10
US-Tw3,38.1152,-121.6469,28.40679931640625,exact,3,20.5–31.7 gC m-2 yr-1,10
US-Tw4,38.1027,-121.6413,28.40679931640625,exact,3,20.5–31.7 gC m-2 yr-1,10
US-Tw5,38.1072,-121.6426,28.40679931640625,exact,3,20.5–31.7 gC m-2 yr-1,10
US-Twt,38.1087,-121.6531,28.40679931640625,exact,3,20.5–31.7 gC m-2 yr-1,10
US-Uaf,64.8663,-147.8555,36.42315673828125,exact,4,31.7–41.8 gC m-2 yr-1,13
US-UC1,40.7536,-78.0056,62.71988677978515,exact,6,54.3–70.2 gC m-2 yr-1,24
US-UC2,40.7559,-77.9998,62.82831954956055,exact,6,54.3–70.2 gC m-2 yr-1,24
US-UiA,40.0646,-88.1961,45.558631896972656,exact,5,41.8–54.3 gC m-2 yr-1,18
US-UiB,40.0628,-88.1984,45.558631896972656,exact,5,41.8–54.3 gC m-2 yr-1,18
US-UiC,40.0628,-88.1961,45.558631896972656,exact,5,41.8–54.3 gC m-2 yr-1,18
US-UiD,40.0646,-88.1985,45.558631896972656,exact,5,41.8–54.3 gC m-2 yr-1,18
US-UiE,40.0629,-88.2033,45.558631896972656,exact,5,41.8–54.3 gC m-2 yr-1,18
US-UiF,40.0665,-88.2015,45.558631896972656,exact,5,41.8–54.3 gC m-2 yr-1,18
US-UiG,40.0629,-88.2009,45.558631896972656,exact,5,41.8–54.3 gC m-2 yr-1,18
US-UMd,45.5625,-84.6975,29.353097915649418,exact,3,20.5–31.7 gC m-2 yr-1,10
US-UTB,40.7848,-113.8299,7.734132766723633,exact,2,5.0–20.5 gC m-2 yr-1,2
US-UTD,38.1038,-109.5952,23.35963249206543,exact,3,20.5–31.7 gC m-2 yr-1,7
US-UTE,37.7353,-111.5708,26.779253005981445,exact,3,20.5–31.7 gC m-2 yr-1,9
US-UTJ,37.2818,-109.5348,22.5577335357666,exact,3,20.5–31.7 gC m-2 yr-1,7
US-UTL,40.1877,-109.6579,13.971945762634276,exact,2,5.0–20.5 gC m-2 yr-1,4
US-UTM,38.5879,-109.5775,22.246562957763672,exact,3,20.5–31.7 gC m-2 yr-1,7
US-UTP,41.0604,-112.1013,23.817596435546875,exact,3,20.5–31.7 gC m-2 yr-1,8
US-UTV,40.1266,-109.9546,13.971945762634276,exact,2,5.0–20.5 gC m-2 yr-1,4
US-UTW,39.4453,-110.7288,17.76900863647461,exact,2,5.0–20.5 gC m-2 yr-1,5
US-Var,38.4133,-120.9508,37.63893127441406,exact,4,31.7–41.8 gC m-2 yr-1,14
US-Vcm,35.8885,-106.5322,32.967247009277344,exact,4,31.7–41.8 gC m-2 yr-1,12
US-Vcp,35.8641,-106.5965,32.967247009277344,exact,4,31.7–41.8 gC m-2 yr-1,12
US-VT1,40.4064,-87.5214,46.74776077270508,exact,5,41.8–54.3 gC m-2 yr-1,18
US-VT2,40.4018,-87.5213,46.74776077270508,exact,5,41.8–54.3 gC m-2 yr-1,18
US-WCr,45.8058,-90.0795,54.42844009399414,exact,6,54.3–70.2 gC m-2 yr-1,21
US-Whs,31.7438,-110.0522,26.135007858276367,exact,3,20.5–31.7 gC m-2 yr-1,9
US-Wjs,34.4258,-105.8617,27.884550094604492,exact,3,20.5–31.7 gC m-2 yr-1,9
US-Wkg,31.7365,-109.9419,20.214353561401367,exact,2,5.0–20.5 gC m-2 yr-1,6
US-WPT,41.4646,-82.9962,50.49251556396485,exact,5,41.8–54.3 gC m-2 yr-1,19
US-WT1,34.3674,-101.8154,32.98202133178711,exact,4,31.7–41.8 gC m-2 yr-1,12
US-xAB,45.7624,-122.3303,55.1087532043457,exact,6,54.3–70.2 gC m-2 yr-1,21
US-xAE,35.4106,-99.0588,43.58831024169922,exact,5,41.8–54.3 gC m-2 yr-1,17
US-xBA,71.2824,-156.6194,1.4065983295440674,exact,1,0–5 gC m-2 yr-1,1
US-xBL,39.0603,-78.0716,60.5860595703125,exact,6,54.3–70.2 gC m-2 yr-1,23
US-xBN,65.154,-147.5026,35.2994270324707,exact,4,31.7–41.8 gC m-2 yr-1,13
US-xBR,44.0639,-71.2873,50.10931015014648,exact,5,41.8–54.3 gC m-2 yr-1,19
US-xCL,33.4012,-97.57,61.13059997558594,exact,6,54.3–70.2 gC m-2 yr-1,23
US-xCP,40.8155,-104.7456,36.24602890014648,exact,4,31.7–41.8 gC m-2 yr-1,13
US-xDC,47.1617,-99.1066,39.45013427734375,exact,4,31.7–41.8 gC m-2 yr-1,15
US-xDJ,63.881100000000004,-145.7514,27.92876625061035,exact,3,20.5–31.7 gC m-2 yr-1,9
US-xDL,32.5417,-87.8039,68.69799041748047,exact,6,54.3–70.2 gC m-2 yr-1,25
US-xDS,28.125,-81.4362,59.167388916015625,exact,6,54.3–70.2 gC m-2 yr-1,22
US-xGR,35.689,-83.5019,59.668182373046875,exact,6,54.3–70.2 gC m-2 yr-1,23
US-xHE,63.8757,-149.2133,30.57876205444336,exact,3,20.5–31.7 gC m-2 yr-1,11
US-xJE,31.1948,-84.4686,74.03142547607422,exact,7,>70.2 gC m-2 yr-1,27
US-xJR,32.5907,-106.8425,16.812679290771484,exact,2,5.0–20.5 gC m-2 yr-1,5
US-xKZ,39.1008,-96.5631,52.32865905761719,exact,5,41.8–54.3 gC m-2 yr-1,20
US-xLE,31.8539,-88.1612,81.80547332763672,exact,7,>70.2 gC m-2 yr-1,28
US-xMB,38.2483,-109.3883,33.458717346191406,exact,4,31.7–41.8 gC m-2 yr-1,12
US-xML,37.3783,-80.5248,64.19834899902344,exact,6,54.3–70.2 gC m-2 yr-1,24
US-xNG,46.7697,-100.9154,40.45231246948242,exact,4,31.7–41.8 gC m-2 yr-1,15
US-xNQ,40.1776,-112.4524,34.287193298339844,exact,4,31.7–41.8 gC m-2 yr-1,12
US-xNW,40.0543,-105.5824,33.657047271728516,exact,4,31.7–41.8 gC m-2 yr-1,12
US-xPU,19.5531,-155.3173,70.52405548095703,exact,7,>70.2 gC m-2 yr-1,26
US-xRM,40.2759,-105.5459,33.657047271728516,exact,4,31.7–41.8 gC m-2 yr-1,12
US-xRN,35.9641,-84.2826,59.42998123168945,exact,6,54.3–70.2 gC m-2 yr-1,23
US-xSB,29.6893,-81.9934,70.84510040283203,exact,7,>70.2 gC m-2 yr-1,26
US-xSC,38.8929,-78.1395,60.81470489501953,exact,6,54.3–70.2 gC m-2 yr-1,23
US-xSE,38.8901,-76.56,65.1939468383789,exact,6,54.3–70.2 gC m-2 yr-1,24
US-xSJ,37.1088,-119.7323,37.558589935302734,exact,4,31.7–41.8 gC m-2 yr-1,14
US-xSL,40.4619,-103.0293,36.86944961547851,exact,4,31.7–41.8 gC m-2 yr-1,14
US-xSP,37.0334,-119.26220000000001,39.64801788330078,exact,4,31.7–41.8 gC m-2 yr-1,15
US-xSR,31.9107,-110.8355,24.90163230895996,exact,3,20.5–31.7 gC m-2 yr-1,8
US-xST,45.5089,-89.5864,53.34514617919922,exact,5,41.8–54.3 gC m-2 yr-1,20
US-xTE,37.0058,-119.006,39.64801788330078,exact,4,31.7–41.8 gC m-2 yr-1,15
US-xTL,68.6611,-149.3705,27.298269271850582,exact,3,20.5–31.7 gC m-2 yr-1,9
US-xTR,45.4937,-89.5857,50.79132843017578,exact,5,41.8–54.3 gC m-2 yr-1,19
US-xUK,39.0404,-95.1921,55.88271713256836,exact,6,54.3–70.2 gC m-2 yr-1,21
US-xUN,46.2339,-89.5373,53.117305755615234,exact,5,41.8–54.3 gC m-2 yr-1,20
US-xWD,47.1282,-99.2414,39.45013427734375,exact,4,31.7–41.8 gC m-2 yr-1,15
US-xWR,45.8205,-121.9519,43.65202331542969,exact,5,41.8–54.3 gC m-2 yr-1,17
US-xYE,44.9535,-110.5391,36.13092422485352,exact,4,31.7–41.8 gC m-2 yr-1,13
US-YK1,61.2723,-163.2228,36.035980224609375,exact,4,31.7–41.8 gC m-2 yr-1,13
US-YK2,61.2548,-163.259,36.035980224609375,exact,4,31.7–41.8 gC m-2 yr-1,13
US-ZF2,40.7939,-87.5355,42.05294418334961,exact,5,41.8–54.3 gC m-2 yr-1,16
ZA-Uby,-27.3952,32.5889,51.27582931518555,exact,5,41.8–54.3 gC m-2 yr-1,20
ZA-Spk,-28.70408,29.52614,70.4773941040039,exact,7,>70.2 gC m-2 yr-1,26
ZA-Jks,-33.99029,18.95543,39.62586212158203,exact,4,31.7–41.8 gC m-2 yr-1,15
ZA-BfS,-28.8906,24.86112,44.27429962158203,exact,5,41.8–54.3 gC m-2 yr-1,17
ZA-BfK,-28.856483,24.83985,44.27429962158203,exact,5,41.8–54.3 gC m-2 yr-1,17
KR-WdE,34.35956,126.67779,54.88365936279297,exact,6,54.3–70.2 gC m-2 yr-1,21
KR-UAO,36.41682,128.79904,73.69659423828125,exact,7,>70.2 gC m-2 yr-1,26
KR-TwC,37.30493,127.31743,61.33024215698242,exact,6,54.3–70.2 gC m-2 yr-1,23
KR-TwB,37.30406,127.31395,61.33024215698242,exact,6,54.3–70.2 gC m-2 yr-1,23
KR-SmM,37.93894,126.95471,57.572139739990234,exact,6,54.3–70.2 gC m-2 yr-1,22
KR-ScC,37.22141,129.29863,60.37056350708008,exact,6,54.3–70.2 gC m-2 yr-1,23
KR-PcD,37.48184,128.51604,68.44498443603516,exact,6,54.3–70.2 gC m-2 yr-1,25
KR-Nj2,35.0269,126.8219,65.70423126220703,exact,6,54.3–70.2 gC m-2 yr-1,24
KR-Nj1,35.02753,126.82093,65.70423126220703,exact,6,54.3–70.2 gC m-2 yr-1,24
KR-Kw2,37.74869,127.14888,55.52059555053711,exact,6,54.3–70.2 gC m-2 yr-1,21
KR-Kw1,37.74843,127.16261,55.52059555053711,exact,6,54.3–70.2 gC m-2 yr-1,21
KR-JjM,33.31798,126.56772,46.28160095214844,exact,5,41.8–54.3 gC m-2 yr-1,18
KR-Hnm,34.5538,126.56992,67.89179992675781,exact,6,54.3–70.2 gC m-2 yr-1,25
KR-HcM,37.61938,127.84571,63.79624557495117,exact,6,54.3–70.2 gC m-2 yr-1,24
KR-HPK,34.47722,126.48105,53.85786056518555,exact,5,41.8–54.3 gC m-2 yr-1,21
KR-GmS,35.75089,126.81378,68.04566192626953,exact,6,54.3–70.2 gC m-2 yr-1,25
KR-GmR,35.74862,126.86432,68.04566192626953,exact,6,54.3–70.2 gC m-2 yr-1,25
KR-GmP,35.74502,126.85222,68.04566192626953,exact,6,54.3–70.2 gC m-2 yr-1,25
KR-CmF,37.1599,127.65365,66.542449951171875,exact,6,54.3–70.2 gC m-2 yr-1,25
KR-CRK,38.2013,127.2497,59.69864273071289,exact,6,54.3–70.2 gC m-2 yr-1,23
KR-AdC,36.50565,126.35909,57.16377258300781,exact,6,54.3–70.2 gC m-2 yr-1,22
TH-Mae,18.42264,99.72025,68.048309326171875,exact,6,54.3–70.2 gC m-2 yr-1,25
TH-Kog,18.81267,98.90225,67.13160705566406,exact,6,54.3–70.2 gC m-2 yr-1,25
RU-Tur,64.208885,100.463554,23.637603759765625,exact,3,20.5–31.7 gC m-2 yr-1,7
RU-SkP,62.25471,129.61855,28.68408203125,exact,3,20.5–31.7 gC m-2 yr-1,10
RU-Sk2,62.241356,129.65047,28.68408203125,exact,3,20.5–31.7 gC m-2 yr-1,10
RU-NeF,62.315617,129.49997,32.204734802246094,exact,4,31.7–41.8 gC m-2 yr-1,11
RU-NeC,62.314842,129.50008,28.68408203125,exact,3,20.5–31.7 gC m-2 yr-1,10
RU-NeB,62.325935,129.48734,32.204734802246094,exact,4,31.7–41.8 gC m-2 yr-1,11
RU-Ege,60.015514,133.824,36.99044418334961,exact,4,31.7–41.8 gC m-2 yr-1,14
MY-LHP,4.201007,114.03908,88.0777587890625,exact,7,>70.2 gC m-2 yr-1,29
MN-Udg,48.25649,106.85116,34.05272674560547,exact,4,31.7–41.8 gC m-2 yr-1,12
MN-Nkh,47.693592,107.48934,40.14131546020508,exact,4,31.7–41.8 gC m-2 yr-1,15
MN-Kbu,47.21397,108.737335,22.16849136352539,exact,3,20.5–31.7 gC m-2 yr-1,7
MN-Hst,47.59293,105.85497,29.715261459350582,exact,3,20.5–31.7 gC m-2 yr-1,10
KH-Kmp,12.744579,105.47857,57.764381408691406,exact,6,54.3–70.2 gC m-2 yr-1,22
JP-Ynf,26.751,128.21266,37.3284797668457,exact,4,31.7–41.8 gC m-2 yr-1,14
JP-Yms,34.79028,135.84094,51.1522216796875,exact,5,41.8–54.3 gC m-2 yr-1,20
JP-Toc,42.70973,141.5659,47.24391555786133,exact,5,41.8–54.3 gC m-2 yr-1,18
JP-Tmk,42.739307,141.51483,47.24391555786133,exact,5,41.8–54.3 gC m-2 yr-1,18
JP-Tmd,42.735912,141.52315,47.24391555786133,exact,5,41.8–54.3 gC m-2 yr-1,18
JP-Tkb,36.173378,140.17664,56.80345153808594,exact,6,54.3–70.2 gC m-2 yr-1,22
JP-Tgf,36.11353,140.09488,56.80345153808594,exact,6,54.3–70.2 gC m-2 yr-1,22
JP-Tef,45.05581,142.10712,40.27547073364258,exact,4,31.7–41.8 gC m-2 yr-1,15
JP-Tak,36.146168,137.42311,69.935150146484375,exact,6,54.3–70.2 gC m-2 yr-1,26
JP-Ta2,36.140038,137.37071,69.935150146484375,exact,6,54.3–70.2 gC m-2 yr-1,26
JP-Srk,40.565483,140.12779,58.993350982666016,exact,6,54.3–70.2 gC m-2 yr-1,22
JP-Spp,42.986843,141.38533,49.82006072998047,exact,5,41.8–54.3 gC m-2 yr-1,19
JP-Shn,35.865753,137.93256,59.838401794433594,exact,6,54.3–70.2 gC m-2 yr-1,23
JP-Sb2,45.10339,141.6808,41.3867073059082,exact,4,31.7–41.8 gC m-2 yr-1,16
JP-Sb1,45.104702,141.68797,41.3867073059082,exact,4,31.7–41.8 gC m-2 yr-1,16
JP-SMF,35.261528,137.07875,69.69227600097656,exact,6,54.3–70.2 gC m-2 yr-1,25
JP-Om2,34.542454,135.50822,51.1522216796875,exact,5,41.8–54.3 gC m-2 yr-1,20
JP-Nuf,35.152416,136.9719,44.31618118286133,exact,5,41.8–54.3 gC m-2 yr-1,17
JP-NsM,36.91604,139.936,56.06325149536133,exact,6,54.3–70.2 gC m-2 yr-1,21
JP-NsC,36.915054,139.93684,56.06325149536133,exact,6,54.3–70.2 gC m-2 yr-1,21
JP-Nkm,35.808064,137.83388,59.838401794433594,exact,6,54.3–70.2 gC m-2 yr-1,23
JP-Mse,36.05393,140.02693,56.80345153808594,exact,6,54.3–70.2 gC m-2 yr-1,22
JP-MMF,44.321884,142.26152,46.45514678955078,exact,5,41.8–54.3 gC m-2 yr-1,18
JP-MBF,44.38406,142.31862,46.45514678955078,exact,5,41.8–54.3 gC m-2 yr-1,18
JP-Kzw,36.406788,138.57257,61.89708709716797,exact,6,54.3–70.2 gC m-2 yr-1,23
JP-Khw,33.13658,130.70834,49.906829833984375,exact,5,41.8–54.3 gC m-2 yr-1,19
JP-KaP,36.08313,140.24033,56.80345153808594,exact,6,54.3–70.2 gC m-2 yr-1,22
JP-Hc3,34.539673,133.91173,66.056854248046875,exact,6,54.3–70.2 gC m-2 yr-1,25
JP-Hc2,34.537518,133.92755,66.056854248046875,exact,6,54.3–70.2 gC m-2 yr-1,25
JP-Fmt,35.638744,139.37975,63.18525695800781,exact,6,54.3–70.2 gC m-2 yr-1,24
JP-Fjy,35.45454,138.76225,60.32946014404297,exact,6,54.3–70.2 gC m-2 yr-1,23
JP-Fhk,35.443554,138.7647,60.32946014404297,exact,6,54.3–70.2 gC m-2 yr-1,23
JP-BBY,43.322998,141.81065,56.127925872802734,exact,6,54.3–70.2 gC m-2 yr-1,21
JP-Api,40.001358,140.93658,64.948455810546875,exact,6,54.3–70.2 gC m-2 yr-1,24
ID-Pag,-2.3239167,113.90439,100.92154693603516,exact,7,>70.2 gC m-2 yr-1,29
ID-PaD,-2.3460708,114.03641,160.35751342773438,exact,7,>70.2 gC m-2 yr-1,30
ID-PaB,-2.340796,114.0379,160.35751342773438,exact,7,>70.2 gC m-2 yr-1,30
CN-Lsh,45.27984,127.57821,53.82399368286133,exact,5,41.8–54.3 gC m-2 yr-1,21
CN-HaM,37.607433,101.332,16.70560073852539,exact,2,5.0–20.5 gC m-2 yr-1,5
UK-AMo,55.792545,-3.2436917,27.879932403564453,exact,3,20.5–31.7 gC m-2 yr-1,9
SE-Svb,64.25611,19.7745,39.83535385131836,exact,4,31.7–41.8 gC m-2 yr-1,15
SE-Sto,68.35594,19.045208,30.920011520385746,exact,3,20.5–31.7 gC m-2 yr-1,11
SE-Nor,60.0865,17.479504,50.034324645996094,exact,5,41.8–54.3 gC m-2 yr-1,19
SE-Htm,56.09763,13.41897,55.36368560791016,exact,6,54.3–70.2 gC m-2 yr-1,21
SE-Deg,64.18203,19.55654,39.83535385131836,exact,4,31.7–41.8 gC m-2 yr-1,15
NO-Hur,60.37163,11.07949,59.34525680541992,exact,6,54.3–70.2 gC m-2 yr-1,23
NL-Loo,52.166447,5.74355,49.95448684692383,exact,5,41.8–54.3 gC m-2 yr-1,19
IT-TrF,45.82376,7.56089,57.62307357788086,exact,6,54.3–70.2 gC m-2 yr-1,22
IT-Tor,45.84444,7.578055,57.62307357788086,exact,6,54.3–70.2 gC m-2 yr-1,22
IT-Ren,46.58686,11.43369,63.27781677246094,exact,6,54.3–70.2 gC m-2 yr-1,24
IT-Noe,40.606174,8.151694,27.630332946777344,exact,3,20.5–31.7 gC m-2 yr-1,9
IT-Niv,45.49091,7.13943,56.88527297973633,exact,6,54.3–70.2 gC m-2 yr-1,22
IT-MBo,46.01468,11.045831,65.46407318115234,exact,6,54.3–70.2 gC m-2 yr-1,24
IT-Lsn,45.740482,12.750297,48.91958999633789,exact,5,41.8–54.3 gC m-2 yr-1,19
IT-Cp2,41.704266,12.357293,29.470170974731445,exact,3,20.5–31.7 gC m-2 yr-1,10
IT-BFt,45.197754,10.741966,61.91380310058594,exact,6,54.3–70.2 gC m-2 yr-1,23
IT-BCi,40.52375,14.957444,47.55440139770508,exact,5,41.8–54.3 gC m-2 yr-1,18
IE-Cra,53.32308,-7.64177,39.71290588378906,exact,4,31.7–41.8 gC m-2 yr-1,15
GL-ZaH,74.4733,-20.550869,0.16680960357189178,exact,1,0–5 gC m-2 yr-1,1
GL-ZaF,74.48152,-20.555773,0.16680960357189178,exact,1,0–5 gC m-2 yr-1,1
GL-NuF,64.130936,-51.386066,20.610780715942383,exact,3,20.5–31.7 gC m-2 yr-1,6
GL-Dsk,69.25349,-53.51413,1.313657522201538,exact,1,0–5 gC m-2 yr-1,1
GF-Guy,5.2787,-52.9248,63.6606559753418,exact,6,54.3–70.2 gC m-2 yr-1,24
FR-Tou,43.572857,1.37474,48.2670783996582,exact,5,41.8–54.3 gC m-2 yr-1,19
FR-Pue,43.7413,3.5957,53.22159194946289,exact,5,41.8–54.3 gC m-2 yr-1,20
FR-Mej,48.1184,-1.79635,51.7945671081543,exact,5,41.8–54.3 gC m-2 yr-1,20
FR-Lus,46.414246,0.1206518,56.75392150878906,exact,6,54.3–70.2 gC m-2 yr-1,22
FR-Lqu,45.6444,2.7349,54.03435897827149,exact,5,41.8–54.3 gC m-2 yr-1,21
FR-Lam,43.496437,1.237878,57.532012939453125,exact,6,54.3–70.2 gC m-2 yr-1,22
FR-LGt,47.322918,2.284102,64.8869857788086,exact,6,54.3–70.2 gC m-2 yr-1,24
FR-Hes,48.6741,7.06465,54.7104606628418,exact,6,54.3–70.2 gC m-2 yr-1,21
FR-Gri,48.84422,1.95191,52.27886199951172,exact,5,41.8–54.3 gC m-2 yr-1,20
FR-Fon,48.476357,2.780096,54.74135208129883,exact,6,54.3–70.2 gC m-2 yr-1,21
FR-FBn,43.24079,5.67865,50.55841445922851,exact,5,41.8–54.3 gC m-2 yr-1,19
FR-EM2,49.87211,3.02065,62.980003356933594,exact,6,54.3–70.2 gC m-2 yr-1,24
FR-CLt,45.0414,6.41053,54.520751953125,exact,6,54.3–70.2 gC m-2 yr-1,21
FR-Bil,44.493652,-0.956092,73.4719009399414,exact,7,>70.2 gC m-2 yr-1,26
FR-Aur,43.54965,1.106103,48.2670783996582,exact,5,41.8–54.3 gC m-2 yr-1,19
FI-Var,67.7549,29.61,28.076984405517575,exact,3,20.5–31.7 gC m-2 yr-1,9
FI-Sod,67.36239,26.63859,33.52534484863281,exact,4,31.7–41.8 gC m-2 yr-1,12
FI-Sii,61.83265,24.19285,44.574954986572266,exact,5,41.8–54.3 gC m-2 yr-1,17
FI-Let,60.64183,23.95952,50.84433364868164,exact,5,41.8–54.3 gC m-2 yr-1,20
FI-Ken,67.98721,24.24301,34.69854736328125,exact,4,31.7–41.8 gC m-2 yr-1,13
FI-Hyy,61.847410000000004,24.29477,44.574954986572266,exact,5,41.8–54.3 gC m-2 yr-1,17
FI-Ant,63.16347,27.234991,36.18063735961914,exact,4,31.7–41.8 gC m-2 yr-1,13
ES-LMa,39.94033,-5.77465,40.43504333496094,exact,4,31.7–41.8 gC m-2 yr-1,15
DK-Vng,56.037476,9.160709,49.97478866577149,exact,5,41.8–54.3 gC m-2 yr-1,19
DK-Sor,55.48587,11.644645,47.66714859008789,exact,5,41.8–54.3 gC m-2 yr-1,18
DK-Skj,55.91273,8.40481,45.63901901245117,exact,5,41.8–54.3 gC m-2 yr-1,18
DK-RCW,55.680683,12.101398,44.86714172363281,exact,5,41.8–54.3 gC m-2 yr-1,17
DK-Gds,56.0737,9.3341,49.97478866577149,exact,5,41.8–54.3 gC m-2 yr-1,19
DE-Tha,50.962597,13.565333,48.800445556640625,exact,5,41.8–54.3 gC m-2 yr-1,19
DE-RuW,50.50493,6.3309627,49.80929183959961,exact,5,41.8–54.3 gC m-2 yr-1,19
DE-RuS,50.865906,6.4471445,49.80929183959961,exact,5,41.8–54.3 gC m-2 yr-1,19
DE-RuR,50.621914,6.304126,49.80929183959961,exact,5,41.8–54.3 gC m-2 yr-1,19
DE-Msr,47.80918,11.456168,43.055877685546875,exact,5,41.8–54.3 gC m-2 yr-1,16
DE-Kli,50.893044,13.5223,48.800445556640625,exact,5,41.8–54.3 gC m-2 yr-1,19
DE-Hzd,50.96381,13.48978,49.371822357177734,exact,5,41.8–54.3 gC m-2 yr-1,19
DE-HoH,52.08656,11.22235,60.306766510009766,exact,6,54.3–70.2 gC m-2 yr-1,23
DE-Har,47.93391,7.59814,49.140411376953125,exact,5,41.8–54.3 gC m-2 yr-1,19
DE-Hai,51.079212,10.452168,62.16096496582031,exact,6,54.3–70.2 gC m-2 yr-1,23
DE-Gwg,47.570835,11.032604,43.055877685546875,exact,5,41.8–54.3 gC m-2 yr-1,16
DE-GsB,52.029648,11.10478,60.306766510009766,exact,6,54.3–70.2 gC m-2 yr-1,23
DE-Gri,50.950005,13.512533,48.800445556640625,exact,5,41.8–54.3 gC m-2 yr-1,19
DE-Geb,51.09973,10.91463,59.7928466796875,exact,6,54.3–70.2 gC m-2 yr-1,23
DE-Fen,47.832905,11.060701,43.055877685546875,exact,5,41.8–54.3 gC m-2 yr-1,16
DE-Brs,52.29663,10.44871,57.67007827758789,exact,6,54.3–70.2 gC m-2 yr-1,22
DE-Amv,52.1757,6.95537,46.28093719482422,exact,5,41.8–54.3 gC m-2 yr-1,18
CZ-wet,49.02465,14.77035,59.287166595458984,exact,6,54.3–70.2 gC m-2 yr-1,23
CZ-Lnz,48.68155,16.946331,53.69292068481445,exact,5,41.8–54.3 gC m-2 yr-1,21
CZ-BK1,49.502075,18.536882,47.54872131347656,exact,5,41.8–54.3 gC m-2 yr-1,18
CH-Dav,46.81533,9.85591,44.95481491088867,exact,5,41.8–54.3 gC m-2 yr-1,17
CD-Ygb,0.814444,24.502472,55.21232986450195,exact,6,54.3–70.2 gC m-2 yr-1,21
BE-Vie,50.304962,5.998099,64.06279754638672,exact,6,54.3–70.2 gC m-2 yr-1,24
BE-Maa,50.97987,5.631851,40.517391204833984,exact,4,31.7–41.8 gC m-2 yr-1,15
BE-Lon,50.55162,4.746234,46.74032211303711,exact,5,41.8–54.3 gC m-2 yr-1,18
BE-Dor,50.311874,4.968113,39.634647369384766,exact,4,31.7–41.8 gC m-2 yr-1,15
BE-Bra,51.30761,4.51984,55.38290786743164,exact,6,54.3–70.2 gC m-2 yr-1,21
VU-Coc,-15.444423,167.19131,182.65301513671875,exact,7,>70.2 gC m-2 yr-1,30
ML-Kem,15.2875,-1.543056,21.619678497314453,exact,3,20.5–31.7 gC m-2 yr-1,7
KE-Mkt,-3.425859,38.140663,85.30619812011719,exact,7,>70.2 gC m-2 yr-1,28
KE-Kpt,-1.6141866,37.13311,65.75337982177734,exact,6,54.3–70.2 gC m-2 yr-1,24
KE-Chk,-3.6663,38.350185,91.28113555908205,exact,7,>70.2 gC m-2 yr-1,29
KE-Aq2,-1.566199,37.100166,65.75337982177734,exact,6,54.3–70.2 gC m-2 yr-1,24
KE-Aq1,-1.57781,37.067047,65.75337982177734,exact,6,54.3–70.2 gC m-2 yr-1,24
IT-SR2,43.73202,10.29091,41.5406379699707,exact,4,31.7–41.8 gC m-2 yr-1,16
ID-JOP,-1.69306,103.39139,97.96643829345705,exact,7,>70.2 gC m-2 yr-1,29
CR-AqC,9.938369,-83.7289,67.92513275146484,exact,6,54.3–70.2 gC m-2 yr-1,25
CN-SnB,31.6905,121.6563,44.99034881591797,exact,5,41.8–54.3 gC m-2 yr-1,17
CN-Sb2,42.39117,117.37017,39.05424499511719,exact,4,31.7–41.8 gC m-2 yr-1,15
CN-Sb1,42.40907,117.31461,39.05424499511719,exact,4,31.7–41.8 gC m-2 yr-1,15
BW-Nxr,-19.548056,23.179167,40.335453033447266,exact,4,31.7–41.8 gC m-2 yr-1,15
BW-Gum,-18.964722,22.37111,35.16694641113281,exact,4,31.7–41.8 gC m-2 yr-1,13
BJ-Nhu,9.74,1.6,40.78215026855469,exact,4,31.7–41.8 gC m-2 yr-1,15
BJ-Db1,6.607338,2.543043,75.01407623291016,exact,7,>70.2 gC m-2 yr-1,27
BJ-Bfg,9.791,1.718,40.78215026855469,exact,4,31.7–41.8 gC m-2 yr-1,15
ZM-Mon,-15.4391,23.2525,48.99747467041016,exact,5,41.8–54.3 gC m-2 yr-1,19
UK-HpF,52.24809,-0.0498267,47.244964599609375,exact,5,41.8–54.3 gC m-2 yr-1,18
UK-HgF,52.552177,0.515057,51.89935302734375,exact,5,41.8–54.3 gC m-2 yr-1,20
UK-Gwr,54.85464,-5.988278,29.219207763671875,exact,3,20.5–31.7 gC m-2 yr-1,10
UK-Gnn,54.96185,-6.760763,32.34343719482422,exact,4,31.7–41.8 gC m-2 yr-1,11
UK-GaB,55.10994,-6.529928,23.172704696655273,exact,3,20.5–31.7 gC m-2 yr-1,7
UK-Cvn,52.43339,0.162177,56.02509689331055,exact,6,54.3–70.2 gC m-2 yr-1,21
UK-CCr,52.2542,-3.93357,33.24832534790039,exact,4,31.7–41.8 gC m-2 yr-1,12
UK-BnB,54.82326,-6.66984,32.34343719482422,exact,4,31.7–41.8 gC m-2 yr-1,11
UK-Ags,53.3097,-4.30044,32.34726333618164,exact,4,31.7–41.8 gC m-2 yr-1,11
SN-Nkr,14.49581,-16.45357,34.93783950805664,exact,4,31.7–41.8 gC m-2 yr-1,13
SN-Dhr,15.40256,-15.43214,31.520397186279297,exact,3,20.5–31.7 gC m-2 yr-1,11
SJ-Adv,78.186,15.923,0.6152318716049194,exact,1,0–5 gC m-2 yr-1,1
SE-Trb,64.180916,19.837284,39.83535385131836,exact,4,31.7–41.8 gC m-2 yr-1,15
SE-St1,68.35415,19.050333,30.920011520385746,exact,3,20.5–31.7 gC m-2 yr-1,11
SE-Srj,64.17498,19.56381,39.83535385131836,exact,4,31.7–41.8 gC m-2 yr-1,15
SE-Ros,64.16522,19.79074,39.83535385131836,exact,4,31.7–41.8 gC m-2 yr-1,15
SE-Hmr,64.15955,19.551497,39.83535385131836,exact,4,31.7–41.8 gC m-2 yr-1,15
SE-HfM,64.15955,19.551497,39.83535385131836,exact,4,31.7–41.8 gC m-2 yr-1,15
SD-Dem,13.2829,30.4783,22.006938934326172,exact,3,20.5–31.7 gC m-2 yr-1,7
RU-Ha1,54.72517,90.00215,27.028852462768555,exact,3,20.5–31.7 gC m-2 yr-1,9
RU-Fyo,56.46153,32.922085,59.79362106323242,exact,6,54.3–70.2 gC m-2 yr-1,23
RU-Fy4,56.4727,33.0413,63.39430618286133,exact,6,54.3–70.2 gC m-2 yr-1,24
RU-Fy3,56.4435,33.0478,63.39430618286133,exact,6,54.3–70.2 gC m-2 yr-1,24
RU-Fy2,56.4476,32.90188,59.79362106323242,exact,6,54.3–70.2 gC m-2 yr-1,23
RU-Che,68.61304,161.34143,12.055904388427734,exact,2,5.0–20.5 gC m-2 yr-1,3
RU-Ch2,68.61689,161.35089,12.055904388427734,exact,2,5.0–20.5 gC m-2 yr-1,3
PA-SPs,9.31378,-79.63143,50.86760330200195,exact,5,41.8–54.3 gC m-2 yr-1,20
PA-SPn,9.31814,-79.6346,50.86760330200195,exact,5,41.8–54.3 gC m-2 yr-1,20
NO-Ikr,69.34,25.3,30.20183563232422,exact,3,20.5–31.7 gC m-2 yr-1,10
NO-Fns,60.59384,7.5271025,16.912399291992188,exact,2,5.0–20.5 gC m-2 yr-1,5
NO-And,69.1422,16.01975,24.466962814331055,exact,3,20.5–31.7 gC m-2 yr-1,8
NL-Vkp,51.980934,5.618825,49.616695404052734,exact,5,41.8–54.3 gC m-2 yr-1,19
NL-Hrw,51.972466,5.641228,49.616695404052734,exact,5,41.8–54.3 gC m-2 yr-1,19
IT-SRo,43.72786,10.284445,41.5406379699707,exact,4,31.7–41.8 gC m-2 yr-1,16
IT-PT1,45.20087,9.061039,63.19791793823242,exact,6,54.3–70.2 gC m-2 yr-1,24
IT-NiG,45.51919,7.171434,41.30828475952149,exact,4,31.7–41.8 gC m-2 yr-1,16
IT-MtM,46.687134,10.579597,28.973783493041992,exact,3,20.5–31.7 gC m-2 yr-1,10
IT-Lav,45.9562,11.28132,67.190673828125,exact,6,54.3–70.2 gC m-2 yr-1,25
IT-CA3,42.38,12.0222,46.11323547363281,exact,5,41.8–54.3 gC m-2 yr-1,18
IT-CA2,42.37722,12.026039,46.11323547363281,exact,5,41.8–54.3 gC m-2 yr-1,18
IT-CA1,42.38041,12.026561,46.11323547363281,exact,5,41.8–54.3 gC m-2 yr-1,18
IT-Bsn,45.11924,7.160429,56.88527297973633,exact,6,54.3–70.2 gC m-2 yr-1,22
IT-BsB,45.11823,7.161995,56.88527297973633,exact,6,54.3–70.2 gC m-2 yr-1,22
IT-Arz,45.61902,10.00228,62.665035247802734,exact,6,54.3–70.2 gC m-2 yr-1,24
IL-Yat,31.345045,35.051987,23.51824378967285,exact,3,20.5–31.7 gC m-2 yr-1,7
IL-RmH,32.5555,34.947285,27.04867172241211,exact,3,20.5–31.7 gC m-2 yr-1,9
IE-Gwr,52.6365,-7.011306,42.09170150756836,exact,5,41.8–54.3 gC m-2 yr-1,16
IE-CaN,52.85879,-6.918136,44.26632308959961,exact,5,41.8–54.3 gC m-2 yr-1,17
IE-CaC,52.85879,-6.918136,44.26632308959961,exact,5,41.8–54.3 gC m-2 yr-1,17
GH-Ank,5.268543,-2.694206,76.37628936767578,exact,7,>70.2 gC m-2 yr-1,27
FR-Nzn,48.005814,-2.81721,51.96451187133789,exact,5,41.8–54.3 gC m-2 yr-1,20
FR-Mau,43.385,1.29306,57.532012939453125,exact,6,54.3–70.2 gC m-2 yr-1,22
FR-LBr,44.71711,-0.7693,60.20866394042969,exact,6,54.3–70.2 gC m-2 yr-1,23
FI-Sar,63.15143,27.199064,36.18063735961914,exact,4,31.7–41.8 gC m-2 yr-1,13
FI-Ruk,64.68398,25.106318,40.14377212524414,exact,4,31.7–41.8 gC m-2 yr-1,15
FI-Rk2,61.182884,25.262684,45.22942733764648,exact,5,41.8–54.3 gC m-2 yr-1,17
FI-Qvd,60.295242,22.391607,36.190799713134766,exact,4,31.7–41.8 gC m-2 yr-1,13
FI-Pap,63.13806,27.246117,36.18063735961914,exact,4,31.7–41.8 gC m-2 yr-1,13
FI-Nsv,62.8639,24.08382,42.83170318603515,exact,5,41.8–54.3 gC m-2 yr-1,16
FI-Jok,60.8986,23.51345,50.84433364868164,exact,5,41.8–54.3 gC m-2 yr-1,20
ES-Yst,38.338932,-2.3506052,44.229942321777344,exact,5,41.8–54.3 gC m-2 yr-1,17
ES-VDA,42.15111,1.4473800000000001,62.10927200317383,exact,6,54.3–70.2 gC m-2 yr-1,23
ES-TzM,39.265785,-1.9397246,32.25899887084961,exact,4,31.7–41.8 gC m-2 yr-1,11
ES-Srn,40.15047,-0.8380832,46.694541931152344,exact,5,41.8–54.3 gC m-2 yr-1,18
ES-Pzb,38.362118,-4.767329,43.14710998535156,exact,5,41.8–54.3 gC m-2 yr-1,17
ES-Pdu,37.016975,-3.609228,28.84754180908203,exact,3,20.5–31.7 gC m-2 yr-1,10
ES-Mzn,40.089497,-0.827409,46.694541931152344,exact,5,41.8–54.3 gC m-2 yr-1,18
ES-MtN,36.99234,-6.4826016,36.071258544921875,exact,4,31.7–41.8 gC m-2 yr-1,13
ES-MtB,37.020206,-6.5544033,42.05439376831055,exact,5,41.8–54.3 gC m-2 yr-1,16
ES-Mcd,39.58819,-0.39969,49.14435195922851,exact,5,41.8–54.3 gC m-2 yr-1,19
ES-LM2,39.934593,-5.775881,40.43504333496094,exact,4,31.7–41.8 gC m-2 yr-1,15
ES-LM1,39.94269,-5.778683,40.43504333496094,exact,4,31.7–41.8 gC m-2 yr-1,15
ES-LJu,36.926594,-2.752115,23.964752197265625,exact,3,20.5–31.7 gC m-2 yr-1,8
ES-Hen,38.411087,-1.697534,36.011253356933594,exact,4,31.7–41.8 gC m-2 yr-1,13
ES-HeB,38.40475,-1.726215,36.011253356933594,exact,4,31.7–41.8 gC m-2 yr-1,13
ES-HdD,38.49679,-5.111296,43.257530212402344,exact,5,41.8–54.3 gC m-2 yr-1,17
ES-Gdn,37.91084,-3.228489,30.57186508178711,exact,3,20.5–31.7 gC m-2 yr-1,11
ES-FtD,36.99854,-6.434575,36.071258544921875,exact,4,31.7–41.8 gC m-2 yr-1,13
ES-Dnn,36.9968,-6.5118,29.139585494995117,exact,3,20.5–31.7 gC m-2 yr-1,10
ES-Crg,39.11926,-0.95852,43.72518539428711,exact,5,41.8–54.3 gC m-2 yr-1,17
ES-Cnd,37.914997,-3.227659,30.57186508178711,exact,3,20.5–31.7 gC m-2 yr-1,11
ES-Amo,36.833405,-2.2522173,19.923980712890625,exact,2,5.0–20.5 gC m-2 yr-1,6
ES-Agu,36.939384,-2.034044,19.923980712890625,exact,2,5.0–20.5 gC m-2 yr-1,6
ES-Abr,38.70184,-6.785881,41.142093658447266,exact,4,31.7–41.8 gC m-2 yr-1,16
EE-Stg,58.023636,26.070753,54.41523742675781,exact,6,54.3–70.2 gC m-2 yr-1,21
EE-Rng,57.913143,26.694048,52.97477722167969,exact,5,41.8–54.3 gC m-2 yr-1,20
EE-Pts,58.562298,24.369932,60.28432846069336,exact,6,54.3–70.2 gC m-2 yr-1,23
DK-Fou,56.4842,9.58722,52.633846282958984,exact,5,41.8–54.3 gC m-2 yr-1,20
DK-Eng,55.69053,12.19175,44.86714172363281,exact,5,41.8–54.3 gC m-2 yr-1,17
DE-Zrk,53.875942,12.88901,64.98432922363281,exact,6,54.3–70.2 gC m-2 yr-1,24
DE-Spw,51.89225,14.03369,54.11660385131836,exact,5,41.8–54.3 gC m-2 yr-1,21
DE-SfS,47.80629,11.32757,43.055877685546875,exact,5,41.8–54.3 gC m-2 yr-1,16
DE-Seh,50.870625,6.449653,49.80929183959961,exact,5,41.8–54.3 gC m-2 yr-1,19
DE-SbM,51.764927,10.51799,58.397857666015625,exact,6,54.3–70.2 gC m-2 yr-1,22
DE-RuM,50.929787,6.2969923,49.80929183959961,exact,5,41.8–54.3 gC m-2 yr-1,19
DE-RuC,50.5031,6.336,49.80929183959961,exact,5,41.8–54.3 gC m-2 yr-1,19
DE-Rns,51.494953,9.932118,58.73293685913086,exact,6,54.3–70.2 gC m-2 yr-1,22
DE-Obe,50.7864,13.72168,48.800445556640625,exact,5,41.8–54.3 gC m-2 yr-1,19
DE-Lnf,51.328217,10.3678,62.16096496582031,exact,6,54.3–70.2 gC m-2 yr-1,23
DE-Lkb,49.099617,13.3046665,52.669918060302734,exact,5,41.8–54.3 gC m-2 yr-1,20
DE-Hte,54.213055,12.179944,34.67137145996094,exact,4,31.7–41.8 gC m-2 yr-1,13
DE-Hdn,53.86825,13.268543,68.08853912353516,exact,6,54.3–70.2 gC m-2 yr-1,25
DE-Etn,48.268486,7.878243,61.33988952636719,exact,6,54.3–70.2 gC m-2 yr-1,23
DE-Akm,53.86617,13.68342,58.70156478881836,exact,6,54.3–70.2 gC m-2 yr-1,22
CZ-Stn,49.035976,17.9699,62.66642379760742,exact,6,54.3–70.2 gC m-2 yr-1,24
CZ-RAJ,49.44372,16.696512,56.972293853759766,exact,6,54.3–70.2 gC m-2 yr-1,22
CZ-LnG,48.704224,16.926247,53.69292068481445,exact,5,41.8–54.3 gC m-2 yr-1,21
CZ-KrP,49.573257,15.078773,58.66859436035156,exact,6,54.3–70.2 gC m-2 yr-1,22
CZ-BK2,49.49443,18.54285,65.25325775146484,exact,6,54.3–70.2 gC m-2 yr-1,24
CH-Tnk,47.48058,8.911775,42.29243087768555,exact,5,41.8–54.3 gC m-2 yr-1,16
CH-Rtb,47.3804,8.9934,42.29243087768555,exact,5,41.8–54.3 gC m-2 yr-1,16
CH-Rh2,47.3,9.5,44.44468307495117,exact,5,41.8–54.3 gC m-2 yr-1,17
CH-Rh1,47.3,9.5,44.44468307495117,exact,5,41.8–54.3 gC m-2 yr-1,17
CH-Oe3,47.28542,7.732438,41.9445686340332,exact,5,41.8–54.3 gC m-2 yr-1,16
CH-Oe2,47.286415,7.73375,41.9445686340332,exact,5,41.8–54.3 gC m-2 yr-1,16
CH-Oe1,47.28583,7.731944,41.9445686340332,exact,5,41.8–54.3 gC m-2 yr-1,16
CH-Lae,47.478333,8.364389,40.59477233886719,exact,4,31.7–41.8 gC m-2 yr-1,15
CH-Fru,47.115833,8.537778,42.29243087768555,exact,5,41.8–54.3 gC m-2 yr-1,16
CH-Frk,46.577637,8.421592,39.19955825805664,exact,4,31.7–41.8 gC m-2 yr-1,15
CH-For,46.527206,6.7595406,40.89427947998047,exact,4,31.7–41.8 gC m-2 yr-1,16
CH-Crs,47.0436,7.0475,49.48601913452149,exact,5,41.8–54.3 gC m-2 yr-1,19
CH-Cha,47.21022,8.410444,40.59477233886719,exact,4,31.7–41.8 gC m-2 yr-1,15
CH-Aws,46.58311,9.790639,44.95481491088867,exact,5,41.8–54.3 gC m-2 yr-1,17
CG-Tch,-4.2891665,11.656417,60.93836975097656,exact,6,54.3–70.2 gC m-2 yr-1,23
BE-Lcr,51.11218,3.85043,42.541473388671875,exact,5,41.8–54.3 gC m-2 yr-1,16
AT-Zoe,47.842247,14.444137,49.76620864868164,exact,5,41.8–54.3 gC m-2 yr-1,19
AT-PsM,47.58145,14.347197,49.76620864868164,exact,5,41.8–54.3 gC m-2 yr-1,19
AT-Nsd,47.76914,16.758492,65.431640625,exact,6,54.3–70.2 gC m-2 yr-1,24
AT-Neu,47.116318,11.320229,42.53130340576172,exact,5,41.8–54.3 gC m-2 yr-1,16
AT-Mmg,47.316563,10.970089,43.81122970581055,exact,5,41.8–54.3 gC m-2 yr-1,17
CN-Zha,38.97514,100.4464,12.299339294433594,exact,2,5.0–20.5 gC m-2 yr-1,4
CN-Yuc,36.8287,116.5701,43.17654800415039,exact,5,41.8–54.3 gC m-2 yr-1,17
CN-You,38.01419,100.24206,14.114885330200195,exact,2,5.0–20.5 gC m-2 yr-1,4
CN-Yan,37.82861,107.49278,33.543392181396484,exact,4,31.7–41.8 gC m-2 yr-1,12
CN-YaS,37.70877,107.22655,33.543392181396484,exact,4,31.7–41.8 gC m-2 yr-1,12
CN-Xi2,43.55444,116.6714,27.475004196166992,exact,3,20.5–31.7 gC m-2 yr-1,9
CN-Wnb,40.42876,106.74229,13.453845977783203,exact,2,5.0–20.5 gC m-2 yr-1,4
CN-Sdq,42.00119,101.13741,0.3016234338283539,exact,1,0–5 gC m-2 yr-1,1
CN-Qng,33.46807,108.49102,60.424171447753906,exact,6,54.3–70.2 gC m-2 yr-1,23
CN-Nmn,42.94611,120.72694,31.049715042114254,exact,3,20.5–31.7 gC m-2 yr-1,11
CN-Mxn,31.6948,103.8951,60.210227966308594,exact,6,54.3–70.2 gC m-2 yr-1,23
CN-Lch,37.88936,114.69289,38.44184494018555,exact,4,31.7–41.8 gC m-2 yr-1,14
CN-Jzh,41.14806,121.20167,41.14002990722656,exact,4,31.7–41.8 gC m-2 yr-1,16
CN-Jng,37.83869,101.1145,16.70560073852539,exact,2,5.0–20.5 gC m-2 yr-1,5
CN-Huz,38.76519,100.3186,12.299339294433594,exact,2,5.0–20.5 gC m-2 yr-1,4
CN-HeM,41.99029,101.13349,0.33216091990470886,exact,1,0–5 gC m-2 yr-1,1
CN-HeD,42.1135,100.9872,0.16872170567512512,exact,1,0–5 gC m-2 yr-1,1
CN-HaW,37.607655,101.32899,16.70560073852539,exact,2,5.0–20.5 gC m-2 yr-1,5
CN-Ha2,37.6086,101.3269,16.70560073852539,exact,2,5.0–20.5 gC m-2 yr-1,5
CN-GuT,34.35481,100.4872,17.795347213745117,exact,2,5.0–20.5 gC m-2 yr-1,5
CN-Erg,50.1869,119.3889,33.759883880615234,exact,4,31.7–41.8 gC m-2 yr-1,12
CN-Dzo,19.546,109.475,35.855133056640625,exact,4,31.7–41.8 gC m-2 yr-1,13
CN-Du2,42.0467,116.2836,29.532695770263672,exact,3,20.5–31.7 gC m-2 yr-1,10
CN-Dsh,38.83992,98.9406,7.749342441558838,exact,2,5.0–20.5 gC m-2 yr-1,2
CN-Dmn,38.85551,100.37223,12.299339294433594,exact,2,5.0–20.5 gC m-2 yr-1,4
CN-Din,23.1733,112.5361,49.32162857055664,exact,5,41.8–54.3 gC m-2 yr-1,19
CN-Dda,41.64397,110.33147,15.131333351135254,exact,2,5.0–20.5 gC m-2 yr-1,4
CN-Dan,30.4978,91.0664,25.141857147216797,exact,3,20.5–31.7 gC m-2 yr-1,8
CN-DaW,30.4691,91.0624,25.141857147216797,exact,3,20.5–31.7 gC m-2 yr-1,8
CN-BeO,40.02621,116.39143,42.87428283691406,exact,5,41.8–54.3 gC m-2 yr-1,16
CN-Ash,24.53806,101.02917,69.4875717163086,exact,6,54.3–70.2 gC m-2 yr-1,25
CN-Aro,38.04734,100.46432,14.114885330200195,exact,2,5.0–20.5 gC m-2 yr-1,4
NZ-BFm,-43.593528,171.929611,79.89745330810547,exact,7,>70.2 gC m-2 yr-1,28
AU-Fog,-12.5452,131.3072,86.48979949951172,exact,7,>70.2 gC m-2 yr-1,29
AU-Rgf,-32.506102,116.966827,40.14148712158203,exact,4,31.7–41.8 gC m-2 yr-1,15
AU-Dry,-15.2588,132.3706,69.32249450683594,exact,6,54.3–70.2 gC m-2 yr-1,25
NZ-BFu,-43.591833,171.926833,79.89745330810547,exact,7,>70.2 gC m-2 yr-1,28
AU-Wgt,-42.09139,147.07944,74.97530364990234,exact,7,>70.2 gC m-2 yr-1,27
AU-APL,-36.862222,147.320833,104.91413116455078,exact,7,>70.2 gC m-2 yr-1,30
AU-Col,-33.42,116.237,71.29863739013672,exact,7,>70.2 gC m-2 yr-1,26
AU-Ctr,-16.103219,145.446922,96.56652069091795,exact,7,>70.2 gC m-2 yr-1,29
AU-Gin,-31.376351,115.71377,49.5048942565918,exact,5,41.8–54.3 gC m-2 yr-1,19
NZ-ADw,-43.64935,172.34952,48.52565383911133,exact,5,41.8–54.3 gC m-2 yr-1,19
NZ-Kop,-37.387875,175.55389,57.336448669433594,exact,6,54.3–70.2 gC m-2 yr-1,22
AU-GWW,-30.1914,120.65417,26.322608947753903,exact,3,20.5–31.7 gC m-2 yr-1,9
NZ-Lau,-45.038904,169.681109,39.50421142578125,exact,4,31.7–41.8 gC m-2 yr-1,15
AU-Lit,-13.17904,130.79455,68.342254638671875,exact,6,54.3–70.2 gC m-2 yr-1,25
AU-Emr,-23.85872,148.4746,45.10855484008789,exact,5,41.8–54.3 gC m-2 yr-1,17
AU-How,-12.4952,131.15005,65.01715087890625,exact,6,54.3–70.2 gC m-2 yr-1,24
AU-Rob,-17.11746943,145.6301375,102.27227783203124,exact,7,>70.2 gC m-2 yr-1,30
AU-Sno,-36.375649,148.43585,105.63445281982422,exact,7,>70.2 gC m-2 yr-1,30
AU-DaS,-14.1592,131.3881,74.403167724609375,exact,7,>70.2 gC m-2 yr-1,27
AU-Whr,-36.6732,145.0294,71.84769439697266,exact,7,>70.2 gC m-2 yr-1,26
AU-Wom,-37.422506,144.094046,74.85282897949219,exact,7,>70.2 gC m-2 yr-1,27
AU-Tum,-35.6566,148.1516,94.27025604248048,exact,7,>70.2 gC m-2 yr-1,29
AU-Cpr,-34.0027,140.5877,19.83385848999023,exact,2,5.0–20.5 gC m-2 yr-1,6
NZ-ADd,-43.64405,172.35465,48.52565383911133,exact,5,41.8–54.3 gC m-2 yr-1,19
AU-Ya1,-33.613469,150.734864,104.5349578857422,exact,7,>70.2 gC m-2 yr-1,30
AU-MvA,-30.543,150.02,81.99638366699219,exact,7,>70.2 gC m-2 yr-1,28
AU-Ync,-34.9878,146.2908,47.44911575317383,exact,5,41.8–54.3 gC m-2 yr-1,18
AU-MvB,-30.697,150.09,81.99638366699219,exact,7,>70.2 gC m-2 yr-1,28
AU-Rig,-36.6499,145.5759,76.82098388671875,exact,7,>70.2 gC m-2 yr-1,27
AU-Wrr,-43.09502,146.65452,57.713680267333984,exact,6,54.3–70.2 gC m-2 yr-1,22
AU-Wac,-37.4259,145.1878,76.630462646484375,exact,7,>70.2 gC m-2 yr-1,27
NZ-Oxf,-43.2609,172.21588,49.94406509399414,exact,5,41.8–54.3 gC m-2 yr-1,19
AU-Cum,-33.615278000000004,150.723611,104.5349578857422,exact,7,>70.2 gC m-2 yr-1,30
AU-TTE,-22.287,133.64,25.08450698852539,exact,3,20.5–31.7 gC m-2 yr-1,8
AU-Otw,-38.525,142.81,57.1107063293457,exact,6,54.3–70.2 gC m-2 yr-1,22
AU-Wel,-32.5727,148.9843,70.20125579833984,exact,7,>70.2 gC m-2 yr-1,26
AU-Cow,-16.238189,145.42715,96.56652069091795,exact,7,>70.2 gC m-2 yr-1,29
NZ-Cla,-43.78628,171.59558,79.89745330810547,exact,7,>70.2 gC m-2 yr-1,28
AU-RDF,-14.563639,132.477567,72.3729019165039,exact,7,>70.2 gC m-2 yr-1,26
AU-Stp,-17.1507,133.3502,28.941402435302734,exact,3,20.5–31.7 gC m-2 yr-1,10
AU-Sam,-27.38806,152.87778,152.0650634765625,exact,7,>70.2 gC m-2 yr-1,30
AU-Lox,-34.47035,140.65512,19.83385848999023,exact,2,5.0–20.5 gC m-2 yr-1,6
AU-Ya2,-33.620812,150.763284,104.5349578857422,exact,7,>70.2 gC m-2 yr-1,30
AU-Sil,-42.090556,147.0875,74.97530364990234,exact,7,>70.2 gC m-2 yr-1,27
AU-Ade,-13.0769,131.1178,88.94895935058594,exact,7,>70.2 gC m-2 yr-1,29
AU-Lon,-23.52327,144.31042,26.72619247436523,exact,3,20.5–31.7 gC m-2 yr-1,9
NZ-ScF,-37.46,175.22,67.24654388427734,exact,6,54.3–70.2 gC m-2 yr-1,25
AU-Boy,-32.477093000000004,116.938559,39.72734451293945,exact,4,31.7–41.8 gC m-2 yr-1,15
AU-Fle,-19.887285,146.189138,90.16706085205078,exact,7,>70.2 gC m-2 yr-1,29
AU-ASM,-22.283,133.249,21.87087631225586,exact,3,20.5–31.7 gC m-2 yr-1,7
AU-DaP,-14.0633,131.3181,74.403167724609375,exact,7,>70.2 gC m-2 yr-1,27
