site_id,koppen_class_before,koppen_twoletter_before,koppen_main_before,koppen_class_after,koppen_twoletter_after,koppen_main_after,was_excluded_before,recovered,class_changed
AR-CCa,Cfa,Cf,C,Cfa,Cf,C,FALSE,FALSE,FALSE
AR-TF2,ET,ET,E,ET,ET,E,FALSE,FALSE,FALSE
AU-Fog,NA,NA,NA,Aw,Aw,A,TRUE,TRUE,FALSE
BR-SM1,NA,NA,NA,Cfa,Cf,C,TRUE,TRUE,FALSE
CA-CF1,Dfc,Df,D,Dfc,Df,D,FALSE,FALSE,FALSE
CA-Cbo,Dfb,Df,D,Dfb,Df,D,FALSE,FALSE,FALSE
CA-SMC,Dfc,Df,D,Dfc,Df,D,FALSE,FALSE,FALSE
CN-Dda,Dwb,Dw,D,BSk,BS,B,FALSE,FALSE,TRUE
CN-Dsh,ET,ET,E,ET,ET,E,FALSE,FALSE,FALSE
CN-HeD,BWk,BW,B,BWk,BW,B,FALSE,FALSE,FALSE
CN-HeM,BWk,BW,B,BWk,BW,B,FALSE,FALSE,FALSE
CN-Huz,Dwb,Dw,D,BWk,BW,B,FALSE,FALSE,TRUE
CN-Jng,ET,ET,E,ET,ET,E,FALSE,FALSE,FALSE
CN-Sb2,Dwc,Dw,D,Dwc,Dw,D,FALSE,FALSE,FALSE
CN-Sdq,BWk,BW,B,BWk,BW,B,FALSE,FALSE,FALSE
CN-Zha,Dwb,Dw,D,BWk,BW,B,FALSE,FALSE,TRUE
DE-Akm,Cfb,Cf,C,Cfb,Cf,C,FALSE,FALSE,FALSE
DE-Etn,Cfb,Cf,C,Cfb,Cf,C,FALSE,FALSE,FALSE
DE-Hdn,Cfb,Cf,C,Cfb,Cf,C,FALSE,FALSE,FALSE
DE-Spw,Cfb,Cf,C,Cfb,Cf,C,FALSE,FALSE,FALSE
DE-Zrk,Cfb,Cf,C,Cfb,Cf,C,FALSE,FALSE,FALSE
EE-Rng,Dfb,Df,D,BWk,BW,B,FALSE,FALSE,TRUE
EE-Stg,Dfb,Df,D,Dfb,Df,D,FALSE,FALSE,FALSE
ES-Dnn,Csa,Cs,C,Csa,Cs,C,FALSE,FALSE,FALSE
ES-FtD,Csa,Cs,C,Csa,Cs,C,FALSE,FALSE,FALSE
ES-MtB,Csa,Cs,C,Csa,Cs,C,FALSE,FALSE,FALSE
ES-MtN,Csa,Cs,C,Csa,Cs,C,FALSE,FALSE,FALSE
ES-Mzn,Cfb,Cf,C,BSk,BS,B,FALSE,FALSE,TRUE
ES-Srn,Cfa,Cf,C,BSk,BS,B,FALSE,FALSE,TRUE
ES-TzM,Csa,Cs,C,BSk,BS,B,FALSE,FALSE,TRUE
FI-Jok,Dfc,Df,D,Dfc,Df,D,FALSE,FALSE,FALSE
FI-Nsv,Dfc,Df,D,Dfc,Df,D,FALSE,FALSE,FALSE
FI-Ruk,Dfc,Df,D,Dfc,Df,D,FALSE,FALSE,FALSE
IE-Cra,Cfb,Cf,C,Cfb,Cf,C,FALSE,FALSE,FALSE
IE-Gwr,Cfb,Cf,C,Cfb,Cf,C,FALSE,FALSE,FALSE
IT-Arz,Cfa,Cf,C,Cfa,Cf,C,FALSE,FALSE,FALSE
JP-BBY,Dfb,Df,D,Dfb,Df,D,FALSE,FALSE,FALSE
JP-Fmt,NA,NA,NA,Cfa,Cf,C,TRUE,TRUE,FALSE
JP-Hc2,Cfa,Cf,C,Cfa,Cf,C,FALSE,FALSE,FALSE
JP-Hc3,Cfa,Cf,C,Cfa,Cf,C,FALSE,FALSE,FALSE
JP-Kzw,NA,NA,NA,Dfb,Df,D,TRUE,TRUE,FALSE
JP-MBF,NA,NA,NA,Dfb,Df,D,TRUE,TRUE,FALSE
JP-Mse,NA,NA,NA,Cfa,Cf,C,TRUE,TRUE,FALSE
JP-Sb1,Dfb,Df,D,Dfb,Df,D,FALSE,FALSE,FALSE
JP-Sb2,Dfb,Df,D,Dfb,Df,D,FALSE,FALSE,FALSE
JP-Shn,NA,NA,NA,Dfa,Df,D,TRUE,TRUE,FALSE
JP-Tak,NA,NA,NA,Dfb,Df,D,TRUE,TRUE,FALSE
JP-Tkb,NA,NA,NA,Cfa,Cf,C,TRUE,TRUE,FALSE
JP-Tmd,Dfb,Df,D,Dfb,Df,D,FALSE,FALSE,FALSE
JP-Tmk,Dfb,Df,D,Dfb,Df,D,FALSE,FALSE,FALSE
JP-Toc,Dfb,Df,D,Dfb,Df,D,FALSE,FALSE,FALSE
JP-Yms,NA,NA,NA,Cfa,Cf,C,TRUE,TRUE,FALSE
KH-Kmp,NA,NA,NA,Aw,Aw,A,TRUE,TRUE,FALSE
KR-Hnm,Cfa,Cf,C,Cfa,Cf,C,FALSE,FALSE,FALSE
KR-Nj1,Cfa,Cf,C,Cfa,Cf,C,FALSE,FALSE,FALSE
KR-Nj2,Cfa,Cf,C,Cfa,Cf,C,FALSE,FALSE,FALSE
KR-TwB,Dwa,Dw,D,Dwa,Dw,D,FALSE,FALSE,FALSE
KR-TwC,Dwa,Dw,D,Dwa,Dw,D,FALSE,FALSE,FALSE
NO-And,NA,NA,NA,Dfc,Df,D,TRUE,TRUE,FALSE
PE-QFR,NA,NA,NA,Af,Af,A,TRUE,TRUE,FALSE
RU-Ege,Dfc,Df,D,Dfc,Df,D,FALSE,FALSE,FALSE
RU-NeB,Dfd,Df,D,Dfd,Df,D,FALSE,FALSE,FALSE
RU-NeC,Dfc,Df,D,Dfc,Df,D,FALSE,FALSE,FALSE
RU-NeF,Dfc,Df,D,Dfc,Df,D,FALSE,FALSE,FALSE
RU-Sk2,Dfc,Df,D,Dfc,Df,D,FALSE,FALSE,FALSE
RU-SkP,Dfc,Df,D,Dfc,Df,D,FALSE,FALSE,FALSE
SE-Trb,Dfc,Df,D,Dfc,Df,D,FALSE,FALSE,FALSE
US-A03,ET,ET,E,ET,ET,E,FALSE,FALSE,FALSE
US-A10,ET,ET,E,ET,ET,E,FALSE,FALSE,FALSE
US-BRG,Dfa,Df,D,Dfa,Df,D,FALSE,FALSE,FALSE
US-CS2,Dfb,Df,D,Dfb,Df,D,FALSE,FALSE,FALSE
US-DFK,Dfb,Df,D,Dfb,Df,D,FALSE,FALSE,FALSE
US-DS1,Csb,Cs,C,Csb,Cs,C,FALSE,FALSE,FALSE
US-DS2,Csb,Cs,C,Csb,Cs,C,FALSE,FALSE,FALSE
US-HBK,Dfb,Df,D,Dfb,Df,D,FALSE,FALSE,FALSE
US-HVs,Dfc,Df,D,Dfc,Df,D,FALSE,FALSE,FALSE
US-IAB,Dfa,Df,D,Dfa,Df,D,FALSE,FALSE,FALSE
US-IAC,Dfb,Df,D,Dfb,Df,D,FALSE,FALSE,FALSE
US-IAM,Dfa,Df,D,Dfa,Df,D,FALSE,FALSE,FALSE
US-MBP,Dfb,Df,D,Dfb,Df,D,FALSE,FALSE,FALSE
US-Me7,Dsb,Ds,D,Dsb,Ds,D,FALSE,FALSE,FALSE
US-NGB,ET,ET,E,ET,ET,E,FALSE,FALSE,FALSE
US-NR3,ET,ET,E,ET,ET,E,FALSE,FALSE,FALSE
US-Ne1,Dfa,Df,D,Dfa,Df,D,FALSE,FALSE,FALSE
US-Ne2,Dfa,Df,D,Dfa,Df,D,FALSE,FALSE,FALSE
US-Ne3,Dfa,Df,D,Dfa,Df,D,FALSE,FALSE,FALSE
US-PAS,Cfa,Cf,C,Cfa,Cf,C,FALSE,FALSE,FALSE
US-PFL,Dfb,Df,D,Dfb,Df,D,FALSE,FALSE,FALSE
US-PFb,Dfb,Df,D,Dfb,Df,D,FALSE,FALSE,FALSE
US-PFc,Dfb,Df,D,Dfb,Df,D,FALSE,FALSE,FALSE
US-PFd,Dfb,Df,D,Dfb,Df,D,FALSE,FALSE,FALSE
US-PFf,Dfb,Df,D,Dfb,Df,D,FALSE,FALSE,FALSE
US-PFg,Dfb,Df,D,Dfb,Df,D,FALSE,FALSE,FALSE
US-PFh,Dfb,Df,D,Dfb,Df,D,FALSE,FALSE,FALSE
US-PFi,Dfb,Df,D,Dfb,Df,D,FALSE,FALSE,FALSE
US-PFj,Dfb,Df,D,Dfb,Df,D,FALSE,FALSE,FALSE
US-PFk,Dfb,Df,D,Dfb,Df,D,FALSE,FALSE,FALSE
US-PFm,Dfb,Df,D,Dfb,Df,D,FALSE,FALSE,FALSE
US-PFn,Dfb,Df,D,Dfb,Df,D,FALSE,FALSE,FALSE
US-PFp,Dfb,Df,D,Dfb,Df,D,FALSE,FALSE,FALSE
US-PFq,Dfb,Df,D,Dfb,Df,D,FALSE,FALSE,FALSE
US-PFr,Dfb,Df,D,Dfb,Df,D,FALSE,FALSE,FALSE
US-PFt,Dfb,Df,D,Dfb,Df,D,FALSE,FALSE,FALSE
US-PLo,Dfb,Df,D,Dfb,Df,D,FALSE,FALSE,FALSE
US-Rls,Dsb,Ds,D,BSk,BS,B,FALSE,FALSE,TRUE
US-Rws,Dsb,Ds,D,BSk,BS,B,FALSE,FALSE,TRUE
US-Syv,Dfb,Df,D,Dfb,Df,D,FALSE,FALSE,FALSE
US-Tw1,Csb,Cs,C,Csb,Cs,C,FALSE,FALSE,FALSE
US-Tw2,Csb,Cs,C,Csb,Cs,C,FALSE,FALSE,FALSE
US-Tw5,Csb,Cs,C,Csb,Cs,C,FALSE,FALSE,FALSE
US-UMd,Dfb,Df,D,Dfb,Df,D,FALSE,FALSE,FALSE
US-UTJ,Dsa,Ds,D,BWk,BW,B,FALSE,FALSE,TRUE
US-UTW,Dsa,Ds,D,BWk,BW,B,FALSE,FALSE,TRUE
US-UiA,Dfa,Df,D,Dfa,Df,D,FALSE,FALSE,FALSE
US-UiB,Dfa,Df,D,Dfa,Df,D,FALSE,FALSE,FALSE
US-UiC,Dfa,Df,D,Dfa,Df,D,FALSE,FALSE,FALSE
US-UiD,Dfa,Df,D,Dfa,Df,D,FALSE,FALSE,FALSE
US-WT1,Cfa,Cf,C,BSk,BS,B,FALSE,FALSE,TRUE
DE-Hzd,Cfb,Cf,C,Cfb,Cf,C,FALSE,FALSE,FALSE
JP-Om2,NA,NA,NA,Cfa,Cf,C,TRUE,TRUE,FALSE
JP-Nkm,NA,NA,NA,Dfc,Df,D,TRUE,TRUE,FALSE
FI-Si2,Dfb,Df,D,Dfb,Df,D,FALSE,FALSE,FALSE
DK-Eng,Cfb,Cf,C,Cfb,Cf,C,FALSE,FALSE,FALSE
