site_id,data_hub,product_source_network,era5_annual_precip_mm,worldclim_bio12_mm,badm_map_mm,measured_annual_precip_mm,n_complete_measured_years,ratio_era5_to_bio12,ratio_era5_to_badm,ratio_era5_to_measured,flag_basis
AR-CCa,AmeriFlux,AMF,3554.8036,1018,1060,NA,0,3.491948526522594,3.3535883018867927,NA,empirical factor near 4x
AR-TF2,AmeriFlux,AMF,3849.4612666666662,596,530,NA,0,6.458827628635347,7.263134465408805,NA,empirical factor near 8x
AU-Fog,TERN,TERN,5851.212966666667,1466,NA,NA,0,3.991277603456117,NA,NA,empirical factor near 4x
BR-SM1,AmeriFlux,AMF,5637.838066666666,1473,1700,NA,0,3.8274528626386055,3.3163753333333332,NA,empirical factor near 4x
CA-CF1,AmeriFlux,AMF,3649.1881,417,452,NA,0,8.751050599520383,8.073425,NA,empirical factor near 8x
CA-Cbo,AmeriFlux,AMF,3332.7779666666665,874,876.34,NA,0,3.8132471014492753,3.8030649823888742,NA,empirical factor near 4x
CA-SMC,AmeriFlux,AMF,1656.6342333333332,349,388,NA,0,4.746802960840497,4.2696758591065285,NA,empirical factor near 4x
CN-Dda,ICOS,CNF,1158.7745666666667,261,NA,NA,0,4.439749297573436,NA,NA,empirical factor near 4x
CN-Dsh,ICOS,CNF,2499.131833333334,345,380,NA,0,7.24386038647343,6.576662719298246,NA,empirical factor near 8x
CN-HeD,ICOS,CNF,151.21866666666665,34,37,NA,0,4.447607843137255,4.086990990990991,NA,empirical factor near 4x
CN-HeM,ICOS,CNF,152.75446666666667,41,37,NA,0,3.725718699186992,4.128499099099099,NA,empirical factor near 4x
CN-Huz,ICOS,CNF,1534.9444,260,130,NA,0,5.903632307692307,11.807264615384614,NA,empirical factor near 8x
CN-Jng,ICOS,CNF,2983.7575666666667,481,400,NA,0,6.2032381843381845,7.459393916666667,NA,empirical factor near 8x
CN-Sb2,ICOS,FLX,2080.9931333333334,460,452,NA,0,4.523898115942029,4.603967109144543,NA,empirical factor near 4x
CN-Sdq,ICOS,CNF,152.75446666666667,41,37,NA,0,3.725718699186992,4.128499099099099,NA,empirical factor near 4x
CN-Zha,ICOS,CNF,631.1700666666667,188,130,NA,0,3.3572875886524822,4.855154358974359,NA,empirical factor near 4x
DE-Akm,ICOS,EUF,2403.4020666666665,563,562,NA,0,4.26892018946122,4.276516132858838,NA,empirical factor near 4x
DE-Etn,ICOS,EUF,4270.398866666666,1062,1190,NA,0,4.021091211550534,3.588570476190476,NA,empirical factor near 4x
DE-Hdn,ICOS,EUF,2464.5783333333334,559,NA,NA,0,4.4089057841383426,NA,NA,empirical factor near 4x
DE-Hzd,ICOS,ICOS,3285.0614666666665,759,877,NA,0,4.328144224857268,3.7457941467122766,NA,empirical factor near 4x
DE-Spw,ICOS,EUF,2414.6585666666665,553,558,NA,0,4.366471187462326,4.327345101553166,NA,empirical factor near 4x
DE-Zrk,ICOS,EUF,2655.0587333333333,594,584,NA,0,4.469795847362514,4.546333447488585,NA,empirical factor near 4x
DK-Eng,ICOS,EUF,2593.9773666666665,606,NA,NA,0,4.280490704070407,NA,NA,empirical factor near 4x
EE-Rng,ICOS,EUF,697.6556666666667,647,107.1,NA,0,1.0782931478619269,6.514058512293807,NA,empirical factor near 4x
EE-Stg,ICOS,EUF,2750.2968333333333,659,675,NA,0,4.17343980778958,4.0745138271604935,NA,empirical factor near 4x
ES-Dnn,ICOS,EUF,1910.7018333333333,505,548.6,NA,0,3.78356798679868,3.4828688175963056,NA,empirical factor near 4x
ES-FtD,ICOS,EUF,1910.7018333333333,511,548.6,NA,0,3.7391425309849966,3.4828688175963056,NA,empirical factor near 4x
ES-MtB,ICOS,EUF,1910.7018333333333,500,548.6,NA,0,3.8214036666666664,3.4828688175963056,NA,empirical factor near 4x
ES-MtN,ICOS,EUF,1910.7018333333333,507,548.6,NA,0,3.7686426692965154,3.4828688175963056,NA,empirical factor near 4x
ES-Mzn,ICOS,EUF,2128.8712666666665,424,512,NA,0,5.020922798742138,4.157951692708333,NA,empirical factor near 4x
ES-Srn,ICOS,EUF,2009.6956666666667,421,476,NA,0,4.7736239113222485,4.222049719887956,NA,empirical factor near 4x
ES-TzM,ICOS,EUF,1359.1763666666666,403,314,NA,0,3.372646071133168,4.328587154989384,NA,empirical factor near 4x
FI-Jok,ICOS,EUF,2532.4077333333335,612,627,NA,0,4.1379211328976035,4.038927804359384,NA,empirical factor near 4x
FI-Nsv,ICOS,EUF,2571.0564666666664,607,633,NA,0,4.235677869302581,4.061700579252237,NA,empirical factor near 4x
FI-Ruk,ICOS,EUF,2184.7618,518,553,NA,0,4.217686872586873,3.9507446654611216,NA,empirical factor near 4x
FI-Si2,ICOS,EUF,2563.5688,660,NA,NA,0,3.884195151515152,NA,NA,empirical factor near 4x
IE-Cra,ICOS,ICOS,3474.463133333333,1026,883,NA,0,3.386416309291748,3.934839335598338,NA,empirical factor near 4x
IE-Gwr,ICOS,EUF,3274.024,969,857.4,NA,0,3.378765737874097,3.8185491019360858,NA,empirical factor near 4x
IT-Arz,ICOS,EUF,3927.6580333333336,935,900,NA,0,4.200703778966132,4.364064481481482,NA,empirical factor near 4x
JP-BBY,ICOS,JPF,4008.198666666666,1154,1170,NA,0,3.473309069901791,3.425810826210826,NA,empirical factor near 4x
JP-Fmt,ICOS,JPF,5939.7142,1516,1643,NA,0,3.9180172823219,3.6151638466220337,NA,empirical factor near 4x
JP-Hc2,ICOS,JPF,4683.106866666667,1427,1037,NA,0,3.2817847699135716,4.516014336226294,NA,empirical factor near 4x
JP-Hc3,ICOS,JPF,4683.106866666667,1423,1037,NA,0,3.2910097446708835,4.516014336226294,NA,empirical factor near 4x
JP-Kzw,ICOS,JPF,5583.8523,1589,1198,NA,0,3.5140668974197604,4.660978547579298,NA,empirical factor near 4x
JP-MBF,ICOS,JPF,5175.140933333333,1174,NA,NA,0,4.408126859738784,NA,NA,empirical factor near 4x
JP-Mse,ICOS,JPF,5187.7739,1307,1200,NA,0,3.969222570772762,4.323144916666667,NA,empirical factor near 4x
JP-Nkm,ICOS,JPF,8195.526133333333,1951,NA,NA,0,4.200679719801811,NA,NA,empirical factor near 4x
JP-Om2,ICOS,JPF,5337.641,1372,1206.9,NA,0,3.89040889212828,4.422604192559449,NA,empirical factor near 4x
JP-Sb1,ICOS,JPF,4275.823066666667,1125,1073,NA,0,3.800731614814815,3.9849236408822617,NA,empirical factor near 4x
JP-Sb2,ICOS,JPF,4275.823066666667,1125,1073,NA,0,3.800731614814815,3.9849236408822617,NA,empirical factor near 4x
JP-Shn,ICOS,JPF,6020.625366666666,1340,1606,NA,0,4.493004004975124,3.748832731423827,NA,empirical factor near 4x
JP-Tak,ICOS,JPF,8803.888466666667,1804,2275,NA,0,4.880204249815225,3.8698410842490847,NA,empirical factor near 4x
JP-Tkb,ICOS,JPF,5411.865833333333,1353,1507,NA,0,3.99990083764474,3.5911518469365182,NA,empirical factor near 4x
JP-Tmd,ICOS,JPF,4656.8277,1206,1276,NA,0,3.861382835820895,3.649551489028213,NA,empirical factor near 4x
JP-Tmk,ICOS,JPF,4656.8277,1206,1043,NA,0,3.861382835820895,4.464839597315436,NA,empirical factor near 4x
JP-Toc,ICOS,JPF,4656.831833333334,1189,1130,NA,0,3.9165953181945614,4.1210901179941,NA,empirical factor near 4x
JP-Yms,ICOS,JPF,4913.387,1502,1095,NA,0,3.2712296937416774,4.4871114155251135,NA,empirical factor near 4x
KH-Kmp,ICOS,JPF,6637.125233333333,1714,1500,NA,0,3.872301769739401,4.4247501555555555,NA,empirical factor near 4x
KR-Hnm,ICOS,KOF,4536.481366666667,1307,1282,NA,0,3.4709115276715123,3.5385970098803954,NA,empirical factor near 4x
KR-Nj1,ICOS,KOF,4503.488766666666,1306,1310.4,NA,0,3.4483068657478304,3.4367283017908012,NA,empirical factor near 4x
KR-Nj2,ICOS,KOF,4503.488766666666,1306,1310.4,NA,0,3.4483068657478304,3.4367283017908012,NA,empirical factor near 4x
KR-TwB,ICOS,KOF,4529.786033333333,1318,1313,NA,0,3.4368634547293877,3.449951282051282,NA,empirical factor near 4x
KR-TwC,ICOS,KOF,4529.786033333333,1318,1313,NA,0,3.4368634547293877,3.449951282051282,NA,empirical factor near 4x
NO-And,ICOS,EUF,9318.330766666666,1202,1060,8964.265500000001,2,7.752355047143649,8.790878081761006,1.039497409650201,empirical factor near 8x
PE-QFR,AmeriFlux,AMF,10291.840033333334,2705,NA,NA,0,3.804746777572397,NA,NA,empirical factor near 4x
RU-Ege,ICOS,JPF,1349.8303666666666,324,312,NA,0,4.166143106995884,4.32637938034188,NA,empirical factor near 4x
RU-NeB,ICOS,JPF,1069.2168666666666,253,235,NA,0,4.226153623188406,4.5498590070921985,NA,empirical factor near 4x
RU-NeC,ICOS,JPF,1069.2168666666666,256,235,NA,0,4.176628385416667,4.5498590070921985,NA,empirical factor near 4x
RU-NeF,ICOS,JPF,1069.2168666666666,253,235,NA,0,4.226153623188406,4.5498590070921985,NA,empirical factor near 4x
RU-Sk2,ICOS,JPF,1018.6925,246,NA,NA,0,4.141026422764227,NA,NA,empirical factor near 4x
RU-SkP,ICOS,JPF,1069.2126666666666,252,NA,NA,0,4.242907407407407,NA,NA,empirical factor near 4x
SE-Trb,ICOS,EUF,2565.8849,630,635,NA,0,4.072833174603175,4.040763622047244,NA,empirical factor near 4x
US-A03,AmeriFlux,AMF,904.299,146,115.1,NA,0,6.1938287671232874,7.856637706342311,NA,empirical factor near 8x
US-A10,AmeriFlux,AMF,914.8648666666668,107,115.1,NA,0,8.550138940809969,7.948434984071822,NA,empirical factor near 8x
US-BRG,AmeriFlux,AMF,4220.8321,1103,1200,NA,0,3.826683680870353,3.517360083333333,NA,empirical factor near 4x
US-CS2,AmeriFlux,AMF,3231.0546666666664,809,830,NA,0,3.99388710341986,3.892836947791164,NA,empirical factor near 4x
US-DFK,AmeriFlux,AMF,3277.5183666666667,799,787,NA,0,4.102025490196079,4.164572257518,NA,empirical factor near 4x
US-DS1,AmeriFlux,AMF,1578.2313333333334,392,432,NA,0,4.026100340136055,3.6533132716049384,NA,empirical factor near 4x
US-DS2,AmeriFlux,AMF,1542.8013666666666,392,432,1810.226,2,3.935717772108843,3.571299459876543,0.8522700296353419,empirical factor near 4x
US-HBK,AmeriFlux,AMF,4481.9504,1152,1400,NA,0,3.890581944444444,3.2013931428571425,NA,empirical factor near 4x
US-HVs,AmeriFlux,AMF,1515.1631666666667,196,217,NA,0,7.7304243197278915,6.982318740399386,NA,empirical factor near 8x
US-IAB,AmeriFlux,AMF,3589.859733333333,849,912,NA,0,4.228338908519827,3.936249707602339,NA,empirical factor near 4x
US-IAC,AmeriFlux,AMF,3589.859733333333,851,912,NA,0,4.218401566784175,3.936249707602339,NA,empirical factor near 4x
US-IAM,AmeriFlux,AMF,3589.859733333333,851,912,NA,0,4.218401566784175,3.936249707602339,NA,empirical factor near 4x
US-MBP,AmeriFlux,AMF,2870.626166666667,695,780,NA,0,4.130397362110312,3.6802899572649577,NA,empirical factor near 4x
US-Me7,AmeriFlux,AMF,2553.5444666666667,821,523,NA,0,3.110285586682907,4.88249420012747,NA,empirical factor near 4x
US-NGB,AmeriFlux,AMF,914.8648666666668,109,171,NA,0,8.393255657492356,5.35008693957115,NA,empirical factor near 8x
US-NR3,AmeriFlux,AMF,2853.9561,686,884,NA,0,4.160285860058309,3.2284571266968323,NA,empirical factor near 4x
US-Ne1,AmeriFlux,AMF,3120.004,799,790.37,NA,0,3.904886107634543,3.9475233118665938,NA,empirical factor near 4x
US-Ne2,AmeriFlux,AMF,3120.004,799,788.89,NA,0,3.904886107634543,3.954929077564679,NA,empirical factor near 4x
US-Ne3,AmeriFlux,AMF,3120.004,797,783.68,NA,0,3.914685069008782,3.981221927317272,NA,empirical factor near 4x
US-PAS,AmeriFlux,AMF,4443.1348333333335,1285,1268,NA,0,3.457692477302205,3.504049553101998,NA,empirical factor near 4x
US-PFL,AmeriFlux,AMF,3162.7420666666667,825,823,NA,0,3.833626747474747,3.8429429728635074,NA,empirical factor near 4x
US-PFb,AmeriFlux,AMF,3162.7420666666667,829,823,NA,0,3.815129151588259,3.8429429728635074,NA,empirical factor near 4x
US-PFc,AmeriFlux,AMF,3162.7420666666667,829,823,NA,0,3.815129151588259,3.8429429728635074,NA,empirical factor near 4x
US-PFd,AmeriFlux,AMF,3162.7420666666667,829,823,NA,0,3.815129151588259,3.8429429728635074,NA,empirical factor near 4x
US-PFf,AmeriFlux,AMF,3162.7420666666667,825,823,NA,0,3.833626747474747,3.8429429728635074,NA,empirical factor near 4x
US-PFg,AmeriFlux,AMF,3162.7420666666667,828,823,NA,0,3.8197367954911434,3.8429429728635074,NA,empirical factor near 4x
US-PFh,AmeriFlux,AMF,3162.7420666666667,827,823,NA,0,3.824355582426441,3.8429429728635074,NA,empirical factor near 4x
US-PFi,AmeriFlux,AMF,3162.7420666666667,834,823,NA,0,3.792256674660272,3.8429429728635074,NA,empirical factor near 4x
US-PFj,AmeriFlux,AMF,3162.7420666666667,834,823,NA,0,3.792256674660272,3.8429429728635074,NA,empirical factor near 4x
US-PFk,AmeriFlux,AMF,3162.7420666666667,817,823,NA,0,3.871165320277438,3.8429429728635074,NA,empirical factor near 4x
US-PFm,AmeriFlux,AMF,3162.7420666666667,825,823,NA,0,3.833626747474747,3.8429429728635074,NA,empirical factor near 4x
US-PFn,AmeriFlux,AMF,3162.7420666666667,824,823,NA,0,3.838279207119741,3.8429429728635074,NA,empirical factor near 4x
US-PFp,AmeriFlux,AMF,3162.7420666666667,824,823,NA,0,3.838279207119741,3.8429429728635074,NA,empirical factor near 4x
US-PFq,AmeriFlux,AMF,3162.7420666666667,827,823,NA,0,3.824355582426441,3.8429429728635074,NA,empirical factor near 4x
US-PFr,AmeriFlux,AMF,3162.7420666666667,827,823,NA,0,3.824355582426441,3.8429429728635074,NA,empirical factor near 4x
US-PFt,AmeriFlux,AMF,3162.7420666666667,827,823,NA,0,3.824355582426441,3.8429429728635074,NA,empirical factor near 4x
US-PLo,AmeriFlux,AMF,4001.626133333333,1098,1262,NA,0,3.644468245294475,3.170860644479662,NA,empirical factor near 4x
US-Rls,AmeriFlux,AMF,1305.950466666667,375,333,NA,0,3.482534577777778,3.921773173173173,NA,empirical factor near 4x
US-Rws,AmeriFlux,AMF,1305.950466666667,309,290,NA,0,4.226376914778856,4.503277471264368,NA,empirical factor near 4x
US-Syv,AmeriFlux,AMF,3158.2599666666665,836,826,NA,0,3.777822926634769,3.823559281678773,NA,empirical factor near 4x
US-Tw1,AmeriFlux,AMF,1717.7816666666663,370,421,NA,0,4.6426531531531525,4.080241488519398,NA,empirical factor near 4x
US-Tw2,AmeriFlux,AMF,1717.7816666666663,370,421,NA,0,4.6426531531531525,4.080241488519398,NA,empirical factor near 4x
US-Tw5,AmeriFlux,AMF,1717.7816666666663,370,421,NA,0,4.6426531531531525,4.080241488519398,NA,empirical factor near 4x
US-UMd,AmeriFlux,AMF,3229.198833333334,793,803,NA,0,4.072129676334594,4.021418223329182,NA,empirical factor near 4x
US-UTJ,AmeriFlux,AMF,824.7116,212,196.85,NA,0,3.8901490566037737,4.189543307086614,NA,empirical factor near 4x
US-UTW,AmeriFlux,AMF,822.7638333333333,228,225.22,NA,0,3.6086133040935673,3.6531561732232185,NA,empirical factor near 4x
US-UiA,AmeriFlux,AMF,3837.7169,1015,1051,NA,0,3.781001871921182,3.6514908658420553,NA,empirical factor near 4x
US-UiB,AmeriFlux,AMF,3837.7169,1015,1051,NA,0,3.781001871921182,3.6514908658420553,NA,empirical factor near 4x
US-UiC,AmeriFlux,AMF,3837.7169,1015,1051,NA,0,3.781001871921182,3.6514908658420553,NA,empirical factor near 4x
US-UiD,AmeriFlux,AMF,3837.7169,1015,1051,NA,0,3.781001871921182,3.6514908658420553,NA,empirical factor near 4x
US-WT1,AmeriFlux,AMF,1763.8166333333334,491,482,NA,0,3.5922945689069925,3.65937060857538,NA,empirical factor near 4x
IT-MBo,ICOS,ICOS,24150.380833333333,407,1365,1341.8354444444444,9,59.33754504504504,17.692586691086692,17.998019752215022,extreme outlier (not part of the 4x/8x grouping; added separately)
US-HB4,AmeriFlux,AMF,658044.5751,1350,1429,9581.273666666666,3,487.440426,460.4930546536039,68.68028176560104,extreme outlier (not part of the 4x/8x grouping; added separately)
