site_id,n_years_era5,map_era5_after,bio12_mm,badm_map_mm,map_era5_before,ratio_to_bio12_after,ratio_to_badm_after,factor_estimate_after,nearest_cluster_after
AR-Bal,30,422.36246666666665,835,926,422.36246666666665,0.5058233133732535,0.4561149748020158,0.48096914408763464,elsewhere
AR-CCa,30,3554.8036,1018,1060,3554.8036,3.4919485265225934,3.3535883018867927,3.4227684142046932,4
AR-CCg,30,3460.358333333333,1004,1060,3460.358333333333,3.446572045152722,3.2644889937106916,3.355530519431707,elsewhere
AR-TF1,30,3586.691333333333,658,NA,3586.691333333333,5.450898682877406,NA,5.450898682877406,elsewhere
AR-TF2,30,3849.4612666666667,596,530,3849.4612666666662,6.458827628635347,7.263134465408805,6.860981047022076,8
AT-Mmg,30,812.6036333333334,1150,768,812.6036333333334,0.7066118550724638,1.0580776475694444,0.8823447513209541,1
AT-Neu,30,769.6289333333333,997,852,769.6289333333333,0.771944767636242,0.9033203442879498,0.8376325559620958,elsewhere
AT-Nsd,30,490.758,576,500.2,490.758,0.8520104166666667,0.9811235505797681,0.9165669836232173,1
AT-PsM,30,1263.2589,1165,1233,1263.2589,1.0843424034334763,1.0245408759124088,1.0544416396729426,1
AT-Zoe,30,1781.0322333333334,936,1645,1781.0322333333334,1.902812215099715,1.0826943667679838,1.4927532909338495,elsewhere
AU-APL,30,4208.4393,1655,NA,4208.4393,2.5428636253776435,NA,2.5428636253776435,elsewhere
AU-ASM,30,311.54563333333334,366,NA,311.54563333333334,0.851217577413479,NA,0.851217577413479,1
AU-Ade,30,1611.3440666666665,1409,NA,1611.3440666666663,1.1436082801040925,NA,1.1436082801040925,1
AU-Boy,30,508.7504333333333,469,NA,508.7504333333333,1.0847557213930348,NA,1.0847557213930348,1
AU-Col,30,2023.5442333333333,767,NA,2023.5442333333333,2.638258452846588,NA,2.638258452846588,elsewhere
AU-Cow,30,3341.9243666666666,3105,NA,3341.924366666666,1.0763041438539989,NA,1.0763041438539989,1
AU-Cpr,30,256.2216666666667,268,NA,256.2216666666667,0.9560509950248757,NA,0.9560509950248757,1
AU-Ctr,30,3882.7596333333336,3102,NA,3882.7596333333336,1.2516955620030088,NA,1.2516955620030088,elsewhere
AU-Cum,30,839.5806,843,NA,839.5806,0.9959437722419929,NA,0.9959437722419929,1
AU-DaP,30,1249.5877,1174,NA,1249.5877,1.0643847529812607,NA,1.0643847529812607,1
AU-DaS,30,1165.4386333333332,1140,NA,1165.4386333333332,1.0223145906432747,NA,1.0223145906432747,1
AU-Dry,30,868.1355333333333,854,NA,868.1355333333333,1.0165521467603436,NA,1.0165521467603436,1
AU-Emr,30,650.5638666666666,628,NA,650.5638666666666,1.0359297239915073,NA,1.0359297239915073,1
AU-Fle,30,560.8474,664,NA,560.8474,0.8446496987951807,NA,0.8446496987951807,elsewhere
AU-Fog,30,5851.212966666667,1466,NA,5851.212966666667,3.991277603456117,NA,3.991277603456117,4
AU-GWW,30,340.5570666666667,264,NA,340.5570666666667,1.2899888888888889,NA,1.2899888888888889,elsewhere
AU-Gin,30,623.8964333333333,699,NA,623.8964333333333,0.892555698617072,NA,0.892555698617072,1
AU-How,30,1675.7837333333332,1647,NA,1675.7837333333332,1.0174764622546042,NA,1.0174764622546042,1
AU-Lit,30,1649.2909333333332,1585,NA,1649.2909333333332,1.0405621030494216,NA,1.0405621030494216,1
AU-Lon,30,277.08093333333335,419,NA,277.08093333333335,0.6612910103420844,NA,0.6612910103420844,elsewhere
AU-Lox,30,143.38846666666666,277,NA,143.38846666666666,0.5176478941034898,NA,0.5176478941034898,elsewhere
AU-MvA,30,560.3472,626,NA,560.3472,0.8951233226837061,NA,0.8951233226837061,1
AU-MvB,30,593.9288333333334,620,NA,593.9288333333334,0.9579497311827958,NA,0.9579497311827958,1
AU-Otw,30,719.6304666666666,876,NA,719.6304666666666,0.8214959665144597,NA,0.8214959665144597,elsewhere
AU-RDF,30,999.6309,955,NA,999.6309,1.0467339267015707,NA,1.0467339267015707,1
AU-Rgf,30,585.0512333333334,456,NA,585.0512333333334,1.283007090643275,NA,1.283007090643275,elsewhere
AU-Rig,30,465.1422333333333,618,NA,465.1422333333333,0.7526573354908306,NA,0.7526573354908306,elsewhere
AU-Rob,30,1752.6281999999999,2634,NA,1752.6282,0.6653865603644646,NA,0.6653865603644646,elsewhere
AU-Sam,30,1000.4260666666667,1233,NA,1000.4260666666668,0.8113755609624222,NA,0.8113755609624222,elsewhere
AU-Sil,30,683.9892,827,NA,683.9892,0.8270727932285369,NA,0.8270727932285369,elsewhere
AU-Sno,30,1341.243,1664,NA,1341.243,0.8060354567307692,NA,0.8060354567307692,elsewhere
AU-Stp,30,650.5608333333333,641,NA,650.5608333333333,1.0149154966198648,NA,1.0149154966198648,1
AU-TTE,30,323.7930333333333,249,NA,323.7930333333333,1.300373627844712,NA,1.300373627844712,elsewhere
AU-Tum,30,1129.0455333333334,1449,NA,1129.0455333333334,0.7791894639981597,NA,0.7791894639981597,elsewhere
AU-Wac,30,2962.6132,1276,NA,2962.6132,2.3217971786833855,NA,2.3217971786833855,elsewhere
AU-Wel,30,751.6952,652,NA,751.6952,1.1529067484662576,NA,1.1529067484662576,elsewhere
AU-Wgt,30,582.3777666666666,908,NA,582.3777666666666,0.6413852055800293,NA,0.6413852055800293,elsewhere
AU-Whr,30,307.9933666666667,581,NA,307.9933666666667,0.5301090648307516,NA,0.5301090648307516,elsewhere
AU-Wom,30,852.7281,1070,NA,852.7281,0.7969421495327104,NA,0.7969421495327104,elsewhere
AU-Wrr,30,1179.5359666666666,1555,NA,1179.5359666666666,0.758544030010718,NA,0.758544030010718,elsewhere
AU-Ya1,30,742.3492666666666,843,NA,742.3492666666666,0.8806041122973507,NA,0.8806041122973507,1
AU-Ya2,30,790.8596666666667,847,NA,790.8596666666667,0.9337186147186148,NA,0.9337186147186148,1
AU-Ync,30,503.6259,435,NA,503.6259,1.1577606896551724,NA,1.1577606896551724,elsewhere
BE-Bra,30,811.3813666666666,808,920.7,811.3813666666666,1.0041848597359735,0.8812657398356322,0.9427252997858029,1
BE-Dor,30,643.6931333333333,849,827.9,643.6931333333333,0.7581780133490381,0.7775010669565567,0.7678395401527974,elsewhere
BE-Lcr,30,696.4490666666667,782,861.3,696.4490666666667,0.8905998294970162,0.808602190487248,0.8496010099921321,elsewhere
BE-Lon,30,675.7650333333333,800,742.6,675.7650333333333,0.8447062916666667,0.9099986982673489,0.8773524949670077,1
BE-Maa,30,704.4602333333333,757,839.1,697.2788666666667,0.9305947600176134,0.8395426448973106,0.8850687024574619,1
BE-Vie,30,918.7797333333333,1103,915.6,918.7797333333332,0.8329825324871563,1.0034728411242173,0.9182276868056868,1
BJ-Bfg,30,1396.9521,1173,1200,1396.9521,1.1909225063938618,1.1641267499999999,1.177524628196931,elsewhere
BJ-Db1,30,1404.9051333333332,1194,1440,1404.9051333333332,1.176637465103294,0.9756285648148147,1.0761330149590544,1
BJ-Nhu,30,1349.8548666666666,1205,1190,1349.8548666666666,1.1202115076071921,1.1343318207282913,1.1272716641677416,1
BR-CST,30,661.4289333333334,745,642,661.4289333333334,0.887824071588367,1.0302631360332295,0.9590436038107982,1
BR-ITA,30,2457.0402,1279,1447,2457.0402,1.9210634870992962,1.698023635107118,1.8095435611032071,elsewhere
BR-Ji3,30,6879.8211,2083,NA,6879.8211,3.30284258281325,NA,3.30284258281325,elsewhere
BR-Ma2,30,2495.3513666666668,2352,2252,2495.3513666666668,1.0609487103174604,1.1080601095322677,1.0845044099248642,1
BR-Ma3,30,2134.5123,2395,2792,2134.5123,0.8912368684759916,0.7645101361031518,0.8278735022895717,elsewhere
BR-Npw,30,1433.2037,1320,1486,1433.2037,1.085760378787879,0.9644708613728129,1.025115620080346,1
BR-SM1,30,5637.838066666666,1473,1700,5637.838066666666,3.8274528626386055,3.3163753333333332,3.571914097985969,4
BR-Sa1,30,2009.1521666666667,1868,2074.79,2009.1521666666667,1.0755632583868666,0.968364107532168,1.0219636829595173,1
BR-Sa3,30,1457.5392666666667,1852,2043.77,1457.539266666667,0.7870082433405328,0.7131620811865653,0.750085162263549,elsewhere
BR-Xpw,30,1431.8699666666666,1341,1490,1431.8699666666666,1.0677628386776037,0.9609865548098434,1.0143746967437235,1
BW-Gum,30,2356.7997666666665,462,NA,2356.7997666666665,5.101298196248196,NA,5.101298196248196,elsewhere
BW-Nxr,30,2185.233133333333,436,NA,2185.233133333333,5.012002599388379,NA,5.012002599388379,elsewhere
CA-ARB,30,488.89663333333334,625,700,488.89663333333334,0.7822346133333333,0.698423761904762,0.7403291876190476,elsewhere
CA-ARF,30,488.89456666666666,625,700,488.89456666666666,0.7822313066666666,0.6984208095238095,0.740326058095238,elsewhere
CA-BOU,30,711.3454333333333,1032,1011,711.3454333333333,0.6892882105943152,0.7036057698648203,0.6964469902295678,elsewhere
CA-CF1,30,3649.1881,417,452,3649.1881,8.751050599520383,8.073425,8.412237799760192,8
CA-CF2,30,4963.8835,417,452,4963.8835,11.903797362110312,10.98204314159292,11.442920251851616,elsewhere
CA-CF3,30,252.5199,417,NA,252.5199,0.605563309352518,NA,0.605563309352518,elsewhere
CA-Ca1,30,1315.8228666666666,1692,1369,1315.8228666666666,0.7776730890464932,0.9611562210859508,0.8694146550662221,1
CA-Ca2,30,1178.4454666666666,1587,1474,1178.4454666666666,0.7425617307288385,0.7994881049298959,0.7710249178293671,elsewhere
CA-Ca3,30,1772.5385666666666,1582,1676,1772.5385666666666,1.120441571849979,1.0576005767700876,1.0890210743100333,1
CA-Cbo,30,3332.7779666666665,874,876.34,3332.7779666666665,3.8132471014492753,3.8030649823888747,3.8081560419190748,4
CA-DB2,30,1196.4158333333332,1342,NA,1196.4158333333332,0.8915170144063586,NA,0.8915170144063586,1
CA-DBB,30,1139.3527,1469,1128,1139.3527,0.7755974812797821,1.01006445035461,0.892830965817196,1
CA-DSM,30,1166.4762333333333,1464,1077.8,1166.4762333333333,0.796773383424408,1.0822752211294613,0.9395243022769346,1
CA-EM1,30,395.9318333333333,480,504.8,395.9318333333333,0.824857986111111,0.784334059693608,0.8045960229023595,elsewhere
CA-EM2,30,298.75856666666664,480,473.4,298.75856666666664,0.6224136805555555,0.6310911843402337,0.6267524324478946,elsewhere
CA-Gro,30,822.5417666666667,740,831,822.5417666666667,1.111542927927928,0.9898216205375051,1.0506822742327167,1
CA-HPC,30,1114.4470666666666,238,240.6,1114.4470666666666,4.682550700280112,4.631949570518149,4.6572501353991305,elsewhere
CA-KLP,30,573.9364666666667,648,680,573.9364666666667,0.8857044238683127,0.8440242156862745,0.8648643197772936,1
CA-LP1,30,537.0924333333334,723,570,537.0924333333334,0.7428664361456893,0.9422674269005848,0.842566931523137,elsewhere
CA-LU1,30,384.5509333333333,350,379,384.5509333333333,1.0987169523809523,1.0146462620932277,1.0566816072370901,1
CA-LU2,30,358.3070666666667,355,379,358.3070666666667,1.0093156807511738,0.9454012313104662,0.9773584560308199,1
CA-MA1,30,443.6125666666667,519,514,443.6125666666667,0.8547448298008992,0.8630594682230869,0.858902149011993,1
CA-MA2,30,462.4175666666667,518,514,462.4175666666667,0.8926980051480052,0.8996450713359274,0.8961715382419664,1
CA-MA3,30,473.8713333333333,519,514,473.8713333333333,0.9130468850353243,0.921928664072633,0.9174877745539787,1
CA-Man,30,328.0806333333333,509,520,328.0806333333333,0.6445592010478061,0.6309242948717948,0.6377417479598004,elsewhere
CA-Mer,30,882.9069999999999,943,943,882.9069999999999,0.9362746553552491,0.9362746553552491,0.9362746553552491,1
CA-Mtk,30,206.7714,197,173,206.7714,1.0496010152284263,1.1952104046242775,1.122405709926352,1
CA-Na1,30,1287.7088333333334,1147,1102.7,1287.7088333333334,1.1226755303690787,1.1677780296847133,1.145226780026896,1
CA-Ojp,30,494.6377,473,430.5,494.6377,1.045745665961945,1.1489842044134726,1.0973649351877088,1
CA-PB1,30,344.5383,525,490,344.5383,0.6562634285714286,0.703139387755102,0.6797014081632653,elsewhere
CA-PB2,30,475.45213333333334,524,490,475.45213333333334,0.9073513994910941,0.9703104761904762,0.9388309378407851,1
CA-Qc2,30,827.3691,965,NA,827.3691,0.8573773056994819,NA,0.8573773056994819,1
CA-Qfo,30,975.0215000000001,983,962.32,975.0215,0.991883519837233,1.013198831989359,1.002541175913296,1
CA-RBM,30,974.1024333333334,1180,1152,974.1024333333334,0.8255105367231639,0.8455750289351852,0.8355427828291746,elsewhere
CA-SCB,30,342.5516666666667,414,388,342.5516666666667,0.8274194847020934,0.8828651202749142,0.8551423024885038,1
CA-SCC,30,269.28866666666664,414,387.6,269.28866666666664,0.6504557165861513,0.6947592019263845,0.6726074592562679,elsewhere
CA-SF1,30,421.0691,494,470,421.0691,0.8523665991902833,0.8958917021276596,0.8741291506589715,1
CA-SF2,30,346.47696666666667,486,470,346.47696666666667,0.7129155692729767,0.7371850354609929,0.7250503023669848,elsewhere
CA-SF3,30,387.4114333333333,481,470,387.4114333333333,0.8054291753291754,0.8242796453900709,0.8148544103596231,elsewhere
CA-SJ2,30,499.2909,477,430.03,499.2909,1.0467314465408806,1.161060623677418,1.1038960351091491,1
CA-SMC,30,1656.6342333333332,349,388,1656.6342333333332,4.746802960840497,4.2696758591065285,4.508239409973513,4
CA-TP1,30,669.2239666666667,986,1036,669.2239666666667,0.6787261325219743,0.6459690797940798,0.6623476061580271,elsewhere
CA-TP2,30,0,970,1036,0,0,0,0,elsewhere
CA-TP3,30,1099.2175666666667,970,1036,1099.2175666666667,1.1332139862542956,1.0610208172458173,1.0971174017500565,1
CA-TP4,30,1099.2175666666667,976,1036,1099.2175666666667,1.126247506830601,1.0610208172458173,1.0936341620382093,1
CA-TPA,30,1108.8337333333334,970,956,1108.8337333333334,1.143127560137457,1.1598679218967922,1.1514977410171245,elsewhere
CA-TPD,30,931.4757333333333,986,1036,931.4757333333332,0.9447015551048006,0.8991078507078507,0.9219047029063256,1
CA-TVC,30,104.27626666666667,219,240.6,104.27626666666669,0.47614733637747336,0.4334009420892214,0.4547741392333474,elsewhere
CD-Ygb,30,2433.6066,1774,1811.7,2433.6066,1.3718188275084555,1.3432723960920683,1.357545611800262,elsewhere
CG-Tch,30,1590.3380666666667,1320,1150,1590.3380666666667,1.2048015656565656,1.3829026666666666,1.293852116161616,elsewhere
CH-Aws,30,1332.9461333333334,1158,918,1332.9461333333334,1.1510761082325849,1.45201103848947,1.3015435733610274,elsewhere
CH-Cha,30,1182.5493666666666,1194,1136,1182.5493666666666,0.990409854829704,1.0409765551643193,1.0156932049970115,1
CH-Crs,30,905.8019,1016,957,905.8019,0.8915373031496063,0.9465014629049112,0.9190193830272588,1
CH-Dav,30,879.0585333333333,1094,876,873.3136333333333,0.8035269957343084,1.0034914764079148,0.9035092360711117,1
CH-For,30,1072.3002333333334,1238,1151,1072.3002333333334,0.8661552773290253,0.9316248769186215,0.8988900771238234,1
CH-Frk,30,1197.6444666666666,1224,1450,1197.6444666666666,0.9784677015250545,0.8259617011494252,0.9022147013372399,1
CH-Fru,30,1503.4292,1398,1492,1503.4292,1.0754143061516452,1.0076603217158178,1.0415373139337314,1
CH-Lae,30,883.6265666666667,1160,1100,883.6265666666667,0.761747040229885,0.8032968787878788,0.7825219595088819,elsewhere
CH-Oe1,30,1175.8516666666667,1126,1100,1175.8516666666667,1.0442732386027236,1.0689560606060606,1.0566146496043922,1
CH-Oe2,30,1148.4836666666667,1126,1155,1148.4836666666667,1.0199677323860272,0.994358152958153,1.00716294267209,1
CH-Oe3,30,1160.5129666666667,1126,1100,1160.512966666667,1.0306509473060983,1.055011787878788,1.0428313675924432,1
CH-Rh1,30,1677.0118333333332,1351,1407,1677.0118333333332,1.241311497656057,1.1919060649135276,1.2166087812847923,elsewhere
CH-Rh2,30,1677.0118333333332,1351,1407,1677.0118333333332,1.241311497656057,1.1919060649135276,1.2166087812847923,elsewhere
CH-Rtb,30,1436.3975666666668,1275,1434,1436.3975666666668,1.1265863267973857,1.0016719432821943,1.06412913503979,1
CH-Tnk,30,1168.7216333333333,1094,1169,1168.721633333333,1.0683013101767216,0.999761876247505,1.0340315932121134,1
CL-ACF,30,3172.8040666666666,1914,4500,3172.8040666666666,1.6576823754789272,0.7050675703703704,1.1813749729246488,elsewhere
CL-SDF,30,1506.9242333333334,2409,2110,1506.9242333333334,0.6255393247543932,0.7141821011058452,0.6698607129301193,elsewhere
CL-SDP,30,1421.9918333333333,2354,2110,1421.9918333333333,0.6040746955536674,0.6739297788309636,0.6390022371923155,elsewhere
CN-Aro,30,2471.6720666666665,411,400,2471.6720666666665,6.013800648824006,6.179180166666666,6.0964904077453355,elsewhere
CN-Ash,30,1466.8425666666667,988,NA,1466.8425666666667,1.4846584682861,NA,1.4846584682861,elsewhere
CN-BeO,30,532.4038666666667,546,NA,532.4038666666667,0.9750986568986569,NA,0.9750986568986569,1
CN-DaW,30,311.1937,419,NA,311.1937,0.7427057279236277,NA,0.7427057279236277,elsewhere
CN-Dan,30,372.06173333333334,419,NA,372.06173333333334,0.8879754972155927,NA,0.8879754972155927,1
CN-Dda,30,1158.7745666666667,261,NA,1158.7745666666667,4.439749297573436,NA,4.439749297573436,4
CN-Din,30,1502.0699,1835,NA,1502.0699,0.8185667029972752,NA,0.8185667029972752,elsewhere
CN-Dmn,30,1534.9443999999999,222,130,1534.9444,6.914163963963963,11.807264615384614,9.360714289674288,elsewhere
CN-Dsh,30,2499.1318333333334,345,380,2499.131833333334,7.24386038647343,6.576662719298246,6.910261552885838,8
CN-Du2,30,476.4095,399,NA,476.4095,1.1940087719298245,NA,1.1940087719298245,elsewhere
CN-Dzo,30,1668.2482666666667,1647,NA,1668.2482666666667,1.0129011940902652,NA,1.0129011940902652,1
CN-Erg,30,357.0635666666667,360,NA,357.0635666666667,0.9918432407407408,NA,0.9918432407407408,1
CN-GuT,30,52.5306,568,NA,52.5306,0.09248345070422535,NA,0.09248345070422535,elsewhere
CN-Ha2,30,457.11086666666665,468,NA,457.11086666666665,0.976732621082621,NA,0.976732621082621,1
CN-HaM,30,3057.3432333333335,468,567,3057.3432333333335,6.532784686609687,5.392139741328631,5.962462213969159,elsewhere
CN-HaW,30,470.30376666666666,468,NA,470.30376666666666,1.0049225783475784,NA,1.0049225783475784,1
CN-HeD,30,151.21866666666665,34,37,151.21866666666665,4.447607843137255,4.086990990990991,4.267299417064123,4
CN-HeM,30,152.75446666666667,41,37,152.75446666666667,3.725718699186992,4.128499099099099,3.927108899143046,4
CN-Huz,30,1534.9443999999999,260,130,1534.9444,5.903632307692307,11.807264615384614,8.855448461538462,8
CN-Jng,30,2983.7575666666667,481,400,2983.7575666666667,6.2032381843381845,7.4593939166666665,6.8313160505024255,8
CN-Jzh,30,570.5362333333334,549,NA,570.5362333333334,1.0392281117182758,NA,1.0392281117182758,1
CN-Lch,30,427.3243,475,NA,427.3243,0.8996301052631579,NA,0.8996301052631579,1
CN-Lsh,30,453.5005,587,724,453.5005,0.7725732538330494,0.626381906077348,0.6994775799551987,elsewhere
CN-Mxn,30,945.7413,798,NA,945.7413,1.1851394736842105,NA,1.1851394736842105,elsewhere
CN-Nmn,30,326.66613333333333,431,NA,326.66613333333333,0.7579260634184068,NA,0.7579260634184068,elsewhere
CN-Qng,30,4503.760066666667,875,NA,4503.760066666667,5.147154361904762,NA,5.147154361904762,elsewhere
CN-Sb1,30,2080.9931333333334,446,452,2080.9931333333334,4.665903886397609,4.603967109144543,4.634935497771076,elsewhere
CN-Sb2,30,2080.9931333333334,460,452,2080.9931333333334,4.523898115942029,4.603967109144543,4.563932612543287,4
CN-Sdq,30,152.75446666666667,41,37,152.75446666666667,3.725718699186992,4.128499099099099,3.927108899143046,4
CN-SnB,30,880.7532666666667,1021,1022,880.7532666666667,0.86263787136794,0.8617938030006523,0.8622158371842962,1
CN-Wnb,30,127.28223333333334,127,NA,127.28223333333334,1.0022223097112861,NA,1.0022223097112861,1
CN-Xi2,30,321.5742666666667,322,NA,321.5742666666667,0.9986778467908903,NA,0.9986778467908903,1
CN-YaS,30,311.3360666666667,309,NA,311.3360666666667,1.0075600862998921,NA,1.0075600862998921,1
CN-Yan,30,343.61196666666666,321,NA,343.61196666666666,1.0704422637590862,NA,1.0704422637590862,1
CN-You,30,2649.448966666667,452,400,2649.448966666667,5.861612758112095,6.623622416666667,6.242617587389381,elsewhere
CN-Yuc,30,545.4328,607,NA,545.4328,0.8985713344316311,NA,0.8985713344316311,1
CN-Zha,30,631.1700666666667,188,130,631.1700666666667,3.3572875886524822,4.855154358974359,4.1062209738134205,4
CR-AqC,30,3000.089966666667,3307,3207,3000.089966666667,0.9071938211873803,0.9354817482590168,0.9213377847231985,1
CR-Fsc,30,1835.0328666666667,1824,NA,1835.032866666667,1.006048720760234,NA,1.006048720760234,1
CZ-BK1,30,1218.5815,1013,1338.12,1223.8335333333334,1.2029432379072063,0.9106668310764356,1.056805034491821,1
CZ-BK2,30,1092.0189,1003,1316,1092.0189,1.0887526420737788,0.8298015957446808,0.9592771189092297,1
CZ-KrP,30,604.5559666666667,576,620,604.5559666666667,1.0495763310185184,0.9750902688172043,1.0123332999178614,1
CZ-LnG,30,500.80443333333335,647,0,500.80443333333335,0.7740408552292632,Inf,Inf,NA
CZ-Lnz,30,518.4126,647,518.031,518.4126,0.8012559505409582,1.0007366354523186,0.9009962929966384,1
CZ-RAJ,30,660.3521000000001,606,681,660.3521000000001,1.0896899339933994,0.9696800293685757,1.0296849816809877,1
CZ-Stn,30,671.8468,794,685,671.8468,0.8461546599496222,0.9807982481751826,0.9134764540624024,1
CZ-wet,30,575.1535666666666,632,603,571.4314666666667,0.9100531118143459,0.9538201768933111,0.9319366443538285,1
DE-Akm,30,2403.4020666666665,563,562,2403.4020666666665,4.26892018946122,4.276516132858838,4.272718161160029,4
DE-Amv,30,675.4397666666666,773,835,750.4336333333333,0.8737901250539025,0.8089099001996007,0.8413500126267517,elsewhere
DE-Brs,30,671.8451,624,617.9,669.0684,1.0766748397435897,1.08730393267519,1.08198938620939,1
DE-Etn,30,4270.398866666666,1062,1190,4270.398866666666,4.021091211550534,3.588570476190476,3.804830843870505,4
DE-Fen,30,948.8637333333334,1131,1081,1042.6085333333333,0.8389599764220455,0.8777647856922602,0.8583623810571528,1
DE-Geb,30,611.8403,500,534,611.8403,1.2236806,1.145768352059925,1.1847244760299627,elsewhere
DE-Gri,30,912.2571666666666,790,NA,913.0325333333334,1.1547559071729958,NA,1.1547559071729958,elsewhere
DE-GsB,30,513.3818666666666,505,581,516.6206666666667,1.0165977557755774,0.8836176706827308,0.9501077132291541,1
DE-Gwg,30,1172.6761999999999,1331,1616,1172.6762,0.8810489857250187,0.7256659653465346,0.8033574755357766,elsewhere
DE-Hai,30,729.2309333333334,865,744,729.2309333333334,0.8430415414258189,0.9801491039426524,0.9115953226842357,1
DE-Har,30,610.4904333333334,797,641,594.0937666666666,0.7659854872438311,0.9524031721268852,0.8591943296853581,1
DE-Hdn,30,2464.5783333333334,559,NA,2464.5783333333334,4.4089057841383426,NA,4.4089057841383426,4
DE-HoH,30,491.82596666666666,572,563,494.7356666666667,0.859835606060606,0.8735807578448787,0.8667081819527424,1
DE-Hte,30,607.5052999999999,584,645,607.5053,1.040248801369863,0.9418686821705425,0.9910587417702028,1
DE-Hzd,30,3285.067666666667,759,877,3285.0614666666665,4.32815239350022,3.745801216267579,4.036976804883899,4
DE-Kli,30,782.8156,826,756,785.4598666666667,0.9477186440677966,1.0354703703703705,0.9915945072190835,1
DE-Lkb,30,4786.6331666666665,1332,1599,4786.6331666666665,3.593568443443443,2.993516677089848,3.2935425602666455,elsewhere
DE-Lnf,30,572.2909333333333,849,0,572.2909333333333,0.674076482135846,Inf,Inf,NA
DE-Msr,30,1160.6923,1146,1383,1160.6819666666668,1.0128205061082023,0.8392569052783803,0.9260387056932913,1
DE-Obe,30,965.4549999999999,809,981,965.455,1.1933930778739184,0.9841539245667685,1.0887735012203434,1
DE-Rns,30,492.0482,655,645,492.0482,0.7512186259541985,0.7628654263565892,0.7570420261553938,elsewhere
DE-RuC,30,1153.0368666666666,1131,1250,1153.0368666666666,1.0194844090775124,0.9224294933333332,0.9709569512054228,1
DE-RuM,30,507.6691333333333,719,750,507.6691333333333,0.7060766805748725,0.6768921777777778,0.6914844291763251,elsewhere
DE-RuR,30,885.9961,1066,1033,884.6440333333334,0.8311408067542213,0.8576922555663117,0.8444165311602665,elsewhere
DE-RuS,30,578.2699666666667,714,698,571.5275666666666,0.809901914098973,0.82846700095510994,0.8191844575270415,elsewhere
DE-RuW,30,1095.6656,1152,1250,1095.6656,0.9510986111111112,0.8765324800000001,0.9138155455555557,1
DE-SbM,30,3300.8578333333335,1500,1136,3300.8578333333335,2.2005718888888888,2.9056847124413148,2.5531283006651018,elsewhere
DE-Seh,30,513.2817333333334,714,693,513.2817333333334,0.7188819794584501,0.7406662818662819,0.729774130662366,elsewhere
DE-SfS,30,5251.853666666667,1115,1127,5251.853666666667,4.710182660687593,4.660029872818693,4.685106266753143,elsewhere
DE-Spw,30,2414.6585666666665,553,558,2414.6585666666665,4.366471187462326,4.327345101553166,4.346908144507746,4
DE-Tha,30,804.5215333333333,737,829,804.5215333333333,1.0916167345092718,0.9704722959388822,1.031044515224077,1
DE-Zrk,30,2655.0587333333333,594,584,2655.0587333333333,4.469795847362514,4.546333447488585,4.508064647425549,4
DK-Eng,30,2593.9773666666665,606,NA,2593.9773666666665,4.280490704070407,NA,4.280490704070407,4
DK-Fou,30,721.6794333333333,714,NA,721.6794333333333,1.0107555088702147,NA,1.0107555088702147,1
DK-Gds,30,918.4582666666666,795,883,918.4582666666666,1.1552934171907756,1.0401565873914684,1.097725002291122,1
DK-RCW,30,455.27136666666667,606,729.4,451.0605,0.7512728822882289,0.6241724248240563,0.6877226535561426,elsewhere
DK-Skj,30,779.0029666666667,813,809,779.0029666666667,0.9581832308323084,0.9629208487845077,0.960552039808408,1
DK-Sor,30,775.8816333333333,613,640,775.8816333333333,1.2657122892876562,1.2123150520833332,1.2390136706854946,elsewhere
DK-Vng,30,886.9529,822,961,886.9529,1.0790181265206813,0.9229478668054111,1.0009829966630461,1
EE-Pts,30,579.7667666666667,684,870.5,579.7667666666667,0.847612231968811,0.6660158146659009,0.7568140233173559,elsewhere
EE-Rng,30,697.6556666666667,647,107.1,697.6556666666667,1.0782931478619269,6.514058512293807,3.7961758300778667,4
EE-Stg,30,2750.2968333333333,659,675,2750.2968333333333,4.17343980778958,4.0745138271604935,4.123976817475037,4
ES-Abr,30,372.7431666666667,559,NA,372.7431666666667,0.6668035181872392,NA,0.6668035181872392,elsewhere
ES-Agu,30,265.89203333333336,254,0,265.89203333333336,1.0468190288713912,Inf,Inf,NA
ES-Amo,30,240.4131,219,0,240.4131,1.0977767123287672,Inf,Inf,NA
ES-Cnd,30,2141.2092333333335,368,474,2141.2092333333335,5.818503351449276,4.517319057665261,5.167911204557268,elsewhere
ES-Crg,30,471.4329333333333,410,550,471.4329333333333,1.1498364227642277,0.8571507878787878,1.0034936053215078,1
ES-Dnn,30,1910.7018333333333,505,548.6,1910.7018333333333,3.78356798679868,3.4828688175963056,3.6332184021974925,4
ES-FtD,30,1910.7018333333333,511,548.6,1910.7018333333333,3.7391425309849966,3.4828688175963056,3.6110056742906513,4
ES-Gdn,30,2141.2092333333335,368,471,2141.2092333333335,5.818503351449276,4.546091790516631,5.1822975709829535,elsewhere
ES-HdD,30,347.63956666666667,580,400,347.63956666666667,0.5993785632183908,0.8690989166666667,0.7342387399425288,elsewhere
ES-HeB,30,226.37313333333333,339,332,226.37313333333333,0.667767354965585,0.6818467871485944,0.6748070710570897,elsewhere
ES-Hen,30,196.6684,329,332,196.6684,0.597776291793313,0.5923746987951807,0.5950754952942469,elsewhere
ES-LJu,30,540.1769666666667,527,400,540.1769666666667,1.0250037318153067,1.3504424166666666,1.1877230742409868,elsewhere
ES-LM1,30,695.5762,465,700,695.5762,1.4958627956989248,0.9936802857142857,1.2447715407066053,elsewhere
ES-LM2,30,673.2625666666667,465,700,673.2625666666667,1.447876487455197,0.9618036666666666,1.2048400770609318,elsewhere
ES-LMa,30,696.9402333333334,465,670,723.3152666666666,1.498796200716846,1.0402093034825872,1.2695027520997166,elsewhere
ES-LgS,30,468.6667,760,NA,468.6667,0.6166667105263158,NA,0.6166667105263158,elsewhere
ES-Ln2,30,2328.583633333333,787,NA,2328.583633333333,2.958810207539178,NA,2.958810207539178,elsewhere
ES-Mcd,30,366.7046666666667,427,470,366.7046666666667,0.858793130366901,0.780222695035461,0.8195079127011811,elsewhere
ES-MtB,30,1910.7018333333333,500,548.6,1910.7018333333333,3.8214036666666664,3.4828688175963056,3.652136242131486,4
ES-MtN,30,1910.7018333333333,507,548.6,1910.7018333333333,3.7686426692965154,3.4828688175963056,3.6257557434464105,4
ES-Mzn,30,2128.8712666666665,424,512,2128.8712666666665,5.020922798742138,4.157951692708333,4.589437245725236,4
ES-Pdu,30,2328.583633333333,456,NA,2328.583633333333,5.106543055555555,NA,5.106543055555555,elsewhere
ES-Pzb,30,502.4209,571,500,502.4209,0.8798964973730298,1.0048418000000001,0.9423691486865149,1
ES-Srn,30,2009.6956666666667,421,476,2009.6956666666667,4.7736239113222485,4.222049719887956,4.497836815605102,4
ES-TzM,30,1359.1763666666666,403,314,1359.1763666666666,3.372646071133168,4.328587154989384,3.850616613061276,4
ES-VDA,30,771.4939,974,700,771.4939,0.7920881930184805,1.102134142857143,0.9471111679378117,1
ES-Yst,30,398.3828,451,530,398.3828,0.8833321507760532,0.7516656603773585,0.8174989055767059,elsewhere
FI-Ant,30,431.3066333333333,607,612,431.3066333333333,0.7105545853926414,0.7047494008714597,0.7076519931320505,elsewhere
FI-Hyy,30,688.5662333333333,663,711,688.5662333333333,1.0385614379084966,0.9684475855602438,1.0035045117343702,1
FI-Jok,30,2532.4077333333335,612,627,2532.4077333333335,4.1379211328976035,4.038927804359384,4.088424468628494,4
FI-Ken,30,627.2816,524,484,627.2816,1.197102290076336,1.2960363636363637,1.2465693268563498,elsewhere
FI-Let,30,577.1783333333333,664,627,567.3241666666667,0.8692444779116465,0.9205396065922381,0.8948920422519423,1
FI-Nsv,30,2571.0564666666664,607,633,2571.0564666666664,4.235677869302581,4.061700579252237,4.148689224277409,4
FI-Pap,30,449.95773333333335,607,612,449.95773333333335,0.7412812740252609,0.735225054466231,0.7382531642457459,elsewhere
FI-Qvd,30,678.2785,677,650,678.2785,1.0018884785819793,1.0435053846153846,1.022696931598682,1
FI-Rk2,30,544.0927,643,644,544.0927,0.8461783825816486,0.8448644409937889,0.8455214117877188,elsewhere
FI-Ruk,30,2184.7618,518,553,2184.7618,4.217686872586873,3.9507446654611216,4.084215769023997,4
FI-Sar,30,503.38806666666665,606,612,503.38806666666665,0.8306733773377337,0.8225295206971677,0.8266014490174507,elsewhere
FI-Si2,30,2563.5688,660,NA,2563.5688,3.8841951515151516,NA,3.8841951515151516,4
FI-Sii,30,574.4364,665,711,574.4364,0.863814135338346,0.8079274261603376,0.8358707807493417,elsewhere
FI-Sod,30,496.30219999999997,514,2424.3,496.3022,0.9655684824902723,0.2047197954048591,0.5851441389475657,elsewhere
FI-Var,30,519.2669,576,601,521.9297333333334,0.9015050347222222,0.8640048252911813,0.8827549300067017,1
FR-Aur,30,688.4235,830,668.5,685.2822333333334,0.8294259036144578,1.0298032909498878,0.9296145972821728,1
FR-Bil,30,935.3115666666666,934,960.1,927.2640666666668,1.0014042469664526,0.9741814047147866,0.9877928258406197,1
FR-CLt,30,1523.7227666666668,1403,1312,1523.7227666666668,1.0860461629840819,1.1613740599593496,1.1237101114717158,1
FR-EM2,30,647.6893333333334,666,680,647.6893333333334,0.9725065065065066,0.9524843137254903,0.9624954101159984,1
FR-FBn,30,625.6768333333333,691,700,625.6768333333333,0.9054657501205982,0.8938240476190475,0.8996448988698229,1
FR-Fon,30,499.1001333333333,627,678.99,499.1001333333333,0.7960129718234981,0.7350625684227062,0.7655377701231021,elsewhere
FR-Gri,30,574.3015,626,597.38,574.3015,0.9174145367412141,0.9613671364960328,0.9393908366186234,1
FR-Hes,30,915.2581333333334,776,889,915.2581333333334,1.1794563573883161,1.0295367079115112,1.1044965326499137,1
FR-LBr,30,1013.2421333333333,909,900,1013.2421333333332,1.1146778144481115,1.1258245925925925,1.120251203520352,1
FR-LGt,30,687.4911333333333,705,699.75,676.7709333333333,0.9751647281323876,0.9824810765749672,0.9788229023536774,1
FR-Lam,30,667.7423666666667,771,677,667.7423666666667,0.8660731085170774,0.9863255046774989,0.9261993065972882,1
FR-Lqu,30,1311.6029333333333,904,1081.6,1311.602933333333,1.4508882005899706,1.2126506410256412,1.331769420807806,elsewhere
FR-Lus,30,771.5567,835,793,771.5567,0.92402,0.9729592686002522,0.9484896343001261,1
FR-Mau,30,572.2459333333334,776,600,572.2459333333334,0.7374303264604811,0.9537432222222223,0.8455867743413517,elsewhere
FR-Mej,30,716.1552333333333,742,722,720.1868,0.9651687780772685,0.9919047553093259,0.9785367666932971,1
FR-Nzn,30,912.8696,918,655.6,912.8696,0.9944113289760349,1.392418547895058,1.1934149384355464,elsewhere
FR-Pue,30,930.8250333333333,666,924,930.8250333333332,1.3976351851851851,1.0073863997113996,1.2025107924482925,elsewhere
FR-Tou,30,603.8277666666667,693,544,616.5935333333333,0.8713243386243387,1.109977512254902,0.9906509254396203,1
GF-Guy,30,2783.733366666667,2796,3101,2487.7836333333335,0.9956127920839295,0.8976889283026981,0.9466508601933138,1
GH-Ank,30,1861.9027,1874,1900,1861.9027,0.9935446638207044,0.9799487894736842,0.9867467266471943,1
GL-Dsk,30,2107.908033333333,424,NA,2107.9039,4.971481210691824,NA,4.971481210691824,elsewhere
GL-NuF,30,853.3002666666666,726,782,861.8119,1.175344719926538,1.0911768115942029,1.1332607657603706,1
GL-ZaF,30,780.7409666666666,248,253,780.7409666666666,3.1481490591397847,3.0859326745718048,3.1170408668557945,elsewhere
GL-ZaH,30,628.1780333333334,248,253,677.7331666666666,2.532975940860215,2.4829171277997366,2.507946534329976,elsewhere
HK-MPM,30,1647.0130666666666,1910,NA,1647.0130666666666,0.8623105061082025,NA,0.8623105061082025,1
ID-JOP,30,2024.7450666666666,2569,2235,2024.7450666666664,0.788145218632412,0.9059262043251305,0.8470357114787712,elsewhere
ID-PaB,30,2539.1999333333333,2396,2640,2539.1999333333333,1.0597662493043962,0.9618181565656566,1.0107922029350265,1
ID-PaD,30,2484.8323333333333,2396,NA,2484.8323333333333,1.0370752643294379,NA,1.0370752643294379,1
ID-Pag,30,2590.3433666666665,2401,2663,2590.3433666666665,1.0788602110231846,0.9727162473400925,1.0257882291816385,1
IE-CaC,30,507.0819,883,804,507.0819,0.5742716874292186,0.630698880597015,0.6024852840131167,elsewhere
IE-CaN,30,507.0819,883,804,507.0819,0.5742716874292186,0.630698880597015,0.6024852840131167,elsewhere
IE-Cra,30,3474.463133333333,1026,883,3474.463133333333,3.386416309291748,3.9348393355983386,3.6606278224450435,4
IE-Gwr,30,3274.024,969,857.4,3274.024,3.378765737874097,3.8185491019360858,3.5986574199050914,4
IL-RmH,30,560.337,561,516,560.337,0.9988181818181818,1.085924418604651,1.0423713002114163,1
IL-Yat,30,241.56693333333334,300,275.6,241.56693333333337,0.8052231111111111,0.8765128205128204,0.8408679658119658,elsewhere
IT-Arz,30,3927.6580333333336,935,900,3927.6580333333336,4.200703778966132,4.364064481481482,4.282384130223807,4
IT-BCi,30,952.5521666666667,1039,947.14,952.5521666666668,0.916797080526147,1.0057142203546114,0.9612556504403792,1
IT-BFt,30,594.1236333333334,678,697,593.8098666666667,0.8762885447394297,0.8524011956001913,0.8643448701698105,1
IT-BsB,30,843.7054,986,NA,843.7054,0.8556849898580122,NA,0.8556849898580122,1
IT-Bsn,30,627.7203000000001,986,NA,627.7203000000001,0.6366331643002029,NA,0.6366331643002029,elsewhere
IT-CA1,30,710.4101666666667,332,766,710.4101666666667,2.139789658634538,0.9274284160139251,1.5336090373242315,elsewhere
IT-CA2,30,712.568,332,766,712.568,2.146289156626506,0.9302454308093995,1.5382672937179527,elsewhere
IT-CA3,30,657.6251,332,766,657.6251,1.9807984939759036,0.858518407310705,1.4196584506433043,elsewhere
IT-Cp2,30,777.9245999999999,752,601,732.0159,1.0344742021276594,1.294383693843594,1.1644289479856267,elsewhere
IT-Cpz,30,855.9554,763,NA,855.9554,1.1218288335517694,NA,1.1218288335517694,1
IT-Lav,30,1093.9326666666666,575,1291,1093.9326666666666,1.9024915942028984,0.8473529563645752,1.374922275283737,elsewhere
IT-Lsn,30,1014.1034666666667,970,1100,997.6444666666666,1.0454674914089348,0.9219122424242424,0.9836898669165886,1
IT-MBo,30,1136.8581,407,1365,24150.380833333333,2.7932631449631447,0.8328630769230768,1.8130631109431108,elsewhere
IT-MtM,30,694.7573,578,NA,694.7573,1.202002249134948,NA,1.202002249134948,elsewhere
IT-MtP,30,571.6022666666667,548,NA,571.6022666666667,1.0430698296836982,NA,1.0430698296836982,1
IT-NiG,30,1052.6584,1440,NA,1052.6584,0.7310127777777778,NA,0.7310127777777778,elsewhere
IT-Niv,30,5981.665933333333,1469,1138.7,915.4489666666668,4.071930519627864,5.253065718216679,4.662498118922272,elsewhere
IT-Noe,30,552.2558333333334,758,605,552.2558333333334,0.7285697009674583,0.9128195592286502,0.8206946300980542,elsewhere
IT-PT1,30,789.2592000000001,768,NA,789.2592000000001,1.02768125,NA,1.02768125,1
IT-Ren,30,870.9434,684,970.8,866.1938666666667,1.2733090643274854,0.8971398846312321,1.0852244744793587,1
IT-Ro1,30,860.8764666666666,379,NA,860.8764666666666,2.2714418645558485,NA,2.2714418645558485,elsewhere
IT-Ro2,30,793.803,379,NA,793.803,2.0944670184696568,NA,2.0944670184696568,elsewhere
IT-SR2,30,977.5978333333333,886,950,974.5438,1.1033835590669676,1.0290503508771929,1.0662169549720804,1
IT-SRo,30,913.3800333333334,886,920,913.3800333333334,1.0309029721595184,0.992804384057971,1.0118536781087446,1
IT-Tor,30,863.2786666666666,1272,945,851.8813,0.6786781970649894,0.9135223985890651,0.7961002978270273,elsewhere
IT-TrF,30,936.2529333333333,1092,885,926.6391666666668,0.8573744810744811,1.0579129190207157,0.9576437000475984,1
JP-Api,30,5371.742266666667,1478,1869,5371.734,3.6344670275146598,2.874126413411807,3.254296720463233,elsewhere
JP-BBY,30,4008.1986666666667,1154,1170,4008.198666666666,3.473309069901791,3.425810826210826,3.449559948056309,4
JP-Fhk,30,1844.7290333333333,1693,1831,1844.7290333333333,1.089621401850758,1.0074981066812307,1.0485597542659943,1
JP-Fjy,30,1969.4295333333332,1693,1954,1969.4295333333332,1.163277928726127,1.0078963834868644,1.0855871561064956,1
JP-Fmt,30,5939.7142,1516,1643,5939.7142,3.9180172823219,3.6151638466220333,3.766590564471967,4
JP-Hc2,30,4683.106866666667,1427,1037,4683.106866666667,3.2817847699135716,4.516014336226294,3.898899553069933,4
JP-Hc3,30,4683.106866666667,1423,1037,4683.106866666667,3.2910097446708835,4.516014336226294,3.9035120404485886,4
JP-KaP,30,5287.457766666666,1337,18,5287.457766666666,3.954717850909997,293.7476537037037,148.85118577730685,elsewhere
JP-Khw,30,2291.236,2127,2130,2291.236,1.0772148566055477,1.0756976525821595,1.0764562545938536,1
JP-Kzw,30,5583.8523,1589,1198,5583.8523,3.5140668974197604,4.660978547579298,4.087522722499529,4
JP-MBF,30,5175.140933333333,1174,NA,5175.140933333333,4.408126859738784,NA,4.408126859738784,4
JP-MMF,30,1143.6482333333333,1156,NA,1143.648233333333,0.9893150807381776,NA,0.9893150807381776,1
JP-Mse,30,5187.7739,1307,1200,5187.7739,3.969222570772762,4.323144916666667,4.146183743719715,4
JP-Nkm,30,8195.526133333333,1951,NA,8195.526133333333,4.200679719801811,NA,4.200679719801811,4
JP-NsC,30,3140.8003,1326,1561,3140.8003,2.368627677224736,2.0120437540038436,2.1903357156142897,elsewhere
JP-NsM,30,3140.8003,1326,1561,3140.8003,2.368627677224736,2.0120437540038436,2.1903357156142897,elsewhere
JP-Nuf,30,5431.5632,1969,1595,5431.5632,2.7585389537836464,3.4053687774294668,3.0819538656065566,elsewhere
JP-Om2,30,5337.641,1372,1206.9,5337.641,3.8904088921282796,4.422604192559449,4.156506542343864,4
JP-SMF,30,5431.5632,2065,1615,5431.5632,2.6302969491525423,3.363197027863777,2.9967469885081597,elsewhere
JP-Sb1,30,4275.823066666667,1125,1073,4275.823066666667,3.800731614814815,3.9849236408822617,3.892827627848538,4
JP-Sb2,30,4275.823066666667,1125,1073,4275.823066666667,3.800731614814815,3.9849236408822617,3.892827627848538,4
JP-Shn,30,6020.625366666666,1340,1606,6020.625366666666,4.493004004975124,3.748832731423827,4.120918368199476,4
JP-Spp,30,1191.5768666666665,1239,1150,1191.5768666666663,0.9617246704331449,1.0361537971014492,0.9989392337672971,1
JP-Srk,30,2521.610866666667,1534,3000,2521.610866666667,1.6438141242937854,0.8405369555555556,1.2421755399246706,elsewhere
JP-Ta2,30,1755.0042333333333,1765,1722,1755.004233333333,0.9943366761095372,1.0191662214479287,1.006751448778733,1
JP-Tak,30,8803.888466666667,1804,2275,8803.888466666667,4.880204249815225,3.8698410842490847,4.375022667032155,4
JP-Tef,30,926.4751666666666,1113,1200,926.4751666666666,0.8324125486672656,0.7720626388888888,0.8022375937780772,elsewhere
JP-Tgf,30,1127.2060333333334,1333,NA,1127.2060333333334,0.8456159289822456,NA,0.8456159289822456,elsewhere
JP-Tkb,30,5411.865833333333,1353,1507,5411.865833333333,3.99990083764474,3.5911518469365182,3.7955263422906294,4
JP-Tmd,30,4656.8277,1206,1276,4656.8277,3.8613828358208955,3.6495514890282132,3.755467162424554,4
JP-Tmk,30,4656.8277,1206,1043,4656.8277,3.8613828358208955,4.464839597315436,4.163111216568166,4
JP-Toc,30,4656.831833333334,1189,1130,4656.831833333334,3.9165953181945614,4.1210901179941,4.018842718094331,4
JP-Yms,30,4913.387,1502,1095,4913.387,3.2712296937416774,4.4871114155251135,3.8791705546333954,4
JP-Ynf,30,6652.8439,2150,2501.5,6652.8439,3.094346,2.6595418348990605,2.8769439174495304,elsewhere
KE-Aq1,30,2703.4056,558,550,2703.4056,4.844812903225806,4.91528290909091,4.880047906158358,elsewhere
KE-Aq2,30,2703.4056,564,550,2703.4056,4.793272340425532,4.91528290909091,4.854277624758221,elsewhere
KE-Chk,30,436.16543333333334,700,500,436.16543333333334,0.6230934761904762,0.8723308666666667,0.7477121714285715,elsewhere
KE-Kpt,30,3002.6111666666666,572,0,3002.6111666666666,5.249320221445221,Inf,Inf,NA
KE-Mkt,30,287.7273333333333,645,450,287.7273333333333,0.44608888888888887,0.639394074074074,0.5427414814814815,elsewhere
KH-Kmp,30,6637.125233333333,1714,1500,6637.125233333333,3.872301769739401,4.4247501555555555,4.148525962647478,4
KR-AdC,30,1130.5096,1166,1191.4,1130.5096,0.9695622641509435,0.9488917240221588,0.9592269940865512,1
KR-CRK,30,1473.6751666666667,1248,1180.9,1473.6751666666669,1.1808294604700855,1.2479254523386116,1.2143774564043486,elsewhere
KR-CmF,30,887.1627,1281,1315.9,887.1627,0.6925548009367681,0.6741870202902955,0.6833709106135318,elsewhere
KR-GmP,30,1183.7456,1230,1089.9,1183.7456,0.9623947967479675,1.0861047802550692,1.0242497885015183,1
KR-GmR,30,855.4794666666667,1230,1089.9,855.4794666666667,0.6955117615176152,0.7849155580022631,0.7402136597599391,elsewhere
KR-GmS,30,1091.9351333333334,1217,1089.9,1091.9351333333334,0.8972351136674884,1.0018672661100407,0.9495511898887645,1
KR-HPK,30,917.2692999999999,1301,1282,917.2693,0.7050494235203689,0.7154986739469579,0.7102740487336634,elsewhere
KR-HcM,30,1108.4790333333333,1297,1388.9,1108.4790333333333,0.8546484451297867,0.7980985192118463,0.8263734821708164,elsewhere
KR-Hnm,30,4536.481366666667,1307,1282,4536.481366666667,3.4709115276715123,3.5385970098803954,3.5047542687759536,4
KR-JjM,30,3410.1683666666668,1956,1989.6,3410.1683666666668,1.7434398602590322,1.7139969675646698,1.728718413911851,elsewhere
KR-Kw1,30,1376.1622666666667,1301,1332,1376.1622666666667,1.0577726876761466,1.0331548548548548,1.0454637712655006,1
KR-Kw2,30,1286.2523999999999,1301,1332,1286.2524,0.9886644119907763,0.9656549549549548,0.9771596834728655,1
KR-Nj1,30,4503.488766666666,1306,1310.4,4503.488766666666,3.4483068657478304,3.4367283017908012,3.442517583769316,4
KR-Nj2,30,4503.488766666666,1306,1310.4,4503.488766666666,3.4483068657478304,3.4367283017908012,3.442517583769316,4
KR-PcD,30,808.1657,1375,1182.9,808.1657,0.5877568727272727,0.6832071180995857,0.6354819954134292,elsewhere
KR-ScC,30,1278.1100666666666,1226,1258.2,1278.1100666666666,1.0425041326808047,1.0158242462777511,1.0291641894792778,1
KR-SmM,30,960.8168,1262,1295.8,960.8168,0.7613445324881141,0.7414854144158048,0.7514149734519595,elsewhere
KR-TwB,30,4529.786033333333,1318,1313,4529.786033333333,3.4368634547293877,3.449951282051282,3.443407368390335,4
KR-TwC,30,4529.786033333333,1318,1313,4529.786033333333,3.4368634547293877,3.449951282051282,3.443407368390335,4
KR-UAO,30,941.6040333333333,1137,1011.2,941.6040333333332,0.8281477865728525,0.9311748747362868,0.8796613306545696,1
KR-WdE,30,1398.0235666666665,1490,1531.5,1398.0235666666665,0.9382708501118567,0.9128459462400695,0.9255583981759632,1
ML-Kem,30,869.8877666666667,306,302,869.8877666666667,2.8427704793028323,2.880423068432671,2.8615967738677517,elsewhere
MN-Hst,30,1005.7275,244,193.6,1005.7275,4.121834016393443,5.1948734504132235,4.658353733403333,elsewhere
MN-Kbu,30,1089.3188666666667,250,196,1089.3188666666667,4.357275466666667,5.5577493197278915,4.957512393197279,elsewhere
MN-Nkh,30,1332.8405,268,165.7,1332.8405,4.973285447761194,8.04369643934822,6.508490943554707,elsewhere
MN-Udg,30,1504.4765,298,230,1504.4765,5.048578859060402,6.541202173913043,5.794890516486722,elsewhere
MX-Aog,30,788.7901,689,732,788.7901,1.144833236574746,1.0775821038251368,1.1112076701999414,1
MX-PMm,30,4232.0490666666665,1269,1222,4232.0490666666665,3.334948043078539,3.4632152755046373,3.3990816592915882,elsewhere
MX-Tes,30,599.7412333333333,676,647,599.7412333333333,0.8871911735700196,0.9269570839773312,0.9070741287736754,1
MY-LHP,30,2605.437266666667,3088,2751,2605.437266666667,0.8437296848013818,0.9470873379377197,0.8954085113695507,1
NL-Hrw,30,858.1188,800,848,858.1188,1.0726485,1.0119325471698113,1.0422905235849056,1
NL-Loo,30,1033.0346333333334,826,900,1033.0346333333334,1.2506472558514932,1.1478162592592593,1.1992317575553764,elsewhere
NL-Vkp,30,813.6464666666667,798,848,819.0740333333333,1.0196071010860486,0.9594887578616352,0.9895479294738418,1
NO-And,30,9318.330766666666,1202,1060,9318.330766666666,7.752355047143649,8.790878081761006,8.271616564452327,8
NO-Fns,30,3066.5747666666666,1264,NA,3066.5747666666666,2.42608763185654,NA,2.42608763185654,elsewhere
NO-Hur,30,852.9431333333333,765,845,852.9431333333333,1.1149583442265796,1.009400157790927,1.0621792510087533,1
NO-Ikr,30,2169.2926333333335,429,417,2169.2926333333335,5.056626184926185,5.202140607513989,5.129383396220087,elsewhere
NZ-ADd,30,674.0571666666667,660,NA,674.0571666666667,1.0212987373737374,NA,1.0212987373737374,1
NZ-ADw,30,948.7962333333334,660,NA,948.7962333333334,1.4375700505050506,NA,1.4375700505050506,elsewhere
NZ-BFm,30,862.2820333333333,788,NA,862.2820333333333,1.0942665397631133,NA,1.0942665397631133,1
NZ-BFu,30,883.3865,788,NA,883.3865,1.1210488578680202,NA,1.1210488578680202,1
NZ-Cla,30,1293.1539,790,NA,1293.1539,1.636903670886076,NA,1.636903670886076,elsewhere
NZ-Kop,30,1203.6286666666667,1337,NA,1203.6286666666667,0.900245823984044,NA,0.900245823984044,1
NZ-Lau,30,1027.5003,591,NA,1027.5003,1.7385791878172587,NA,1.7385791878172587,elsewhere
NZ-Oxf,30,969.3006333333334,903,NA,969.3006333333334,1.0734226282761168,NA,1.0734226282761168,1
NZ-ScF,30,1244.2229,1269,NA,1244.2229,0.980475098502758,NA,0.980475098502758,1
PA-SPn,30,2166.4429666666665,2671,2350,2166.4429666666665,0.81109807812305,0.9218906241134751,0.8664943511182626,1
PA-SPs,30,2220.400633333333,2671,2350,2220.400633333333,0.8312993760139772,0.9448513333333333,0.8880753546736553,1
PE-QFR,30,10291.840033333334,2705,NA,10291.840033333334,3.804746777572397,NA,3.804746777572397,4
PR-xGU,30,673.1688333333334,1027,1168,673.1688333333334,0.6554711132749108,0.5763431792237443,0.6159071462493275,elsewhere
PR-xLA,30,964.7648333333333,1047,1168,964.7648333333332,0.9214563833174148,0.8259972888127853,0.8737268360651,1
RU-Ch2,30,170.49943333333334,171,200,170.49943333333334,0.9970727095516569,0.8524971666666668,0.9247849381091618,1
RU-Che,30,109.45376666666667,171,197,109.45376666666668,0.6400805068226121,0.5556028764805414,0.5978416916515767,elsewhere
RU-Ege,30,1349.8303666666666,324,312,1349.8303666666666,4.166143106995884,4.32637938034188,4.246261243668882,4
RU-Fy2,30,585.4687,695,711,585.4687,0.8424010071942446,0.8234440225035162,0.8329225148488804,elsewhere
RU-Fy3,30,712.9970666666667,687,955,712.9970666666667,1.0378414361960213,0.7465937870855148,0.8922176116407681,1
RU-Fy4,30,452.93016666666665,690,778,452.93016666666665,0.6564205314009661,0.5821724507283633,0.6192964910646648,elsewhere
RU-Fyo,30,557.2262666666667,689,711,557.2262666666667,0.8087463957426222,0.7837218940459447,0.7962341448942835,elsewhere
RU-Ha1,30,377.7314666666667,459,NA,377.7314666666667,0.8229443718228032,NA,0.8229443718228032,elsewhere
RU-NeB,30,1069.2168666666666,253,235,1069.2168666666666,4.226153623188406,4.5498590070921985,4.388006315140302,4
RU-NeC,30,1069.2168666666666,256,235,1069.2168666666666,4.176628385416667,4.5498590070921985,4.3632436962544325,4
RU-NeF,30,1069.2168666666666,253,235,1069.2168666666666,4.226153623188406,4.5498590070921985,4.388006315140302,4
RU-Sk2,30,1018.6925,246,NA,1018.6925,4.141026422764227,NA,4.141026422764227,4
RU-SkP,30,1069.2126666666666,252,NA,1069.2126666666666,4.242907407407407,NA,4.242907407407407,4
RU-Tur,30,1764.6893,380,317,1764.6893,4.643919210526316,5.566843217665615,5.105381214095965,elsewhere
SD-Dem,30,320.2158,291,320,320.2158,1.1003979381443298,1.000674375,1.050536156572165,1
SE-Deg,30,551.8517,608,523,551.8517,0.9076508223684211,1.0551657743785852,0.9814082983735031,1
SE-HfM,30,453.6553,635,645,453.6553,0.7144177952755906,0.7033415503875969,0.7088796728315938,elsewhere
SE-Hmr,30,543.2816666666666,635,645,543.2816666666666,0.8555616797900262,0.8422971576227389,0.8489294187063825,elsewhere
SE-Htm,30,866.0847,864,707,866.0847,1.0024128472222222,1.225013719943423,1.1137132835828227,1
SE-Nor,30,544.4536666666667,599,586,544.4536666666667,0.908937673900946,0.9291018202502844,0.9190197470756152,1
SE-Ros,30,619.4648333333333,644,NA,619.4648333333333,0.9619019151138717,NA,0.9619019151138717,1
SE-Srj,30,512.0480333333334,608,645,512.0480333333334,0.8421842653508772,0.7938729198966409,0.818028592623759,elsewhere
SE-St1,30,205.1934,379,303.3,205.1934,0.5414073878627969,0.676536102868447,0.6089717453656219,elsewhere
SE-Sto,30,390.507,379,332,390.507,1.0303614775725594,1.1762259036144578,1.1032936905935085,1
SE-Svb,30,580.8159666666667,622,614,571.2178333333334,0.9337877277599143,0.9459543431053203,0.9398710354326173,1
SE-Trb,30,2565.8849,630,635,2565.8849,4.072833174603175,4.040763622047244,4.05679839832521,4
SJ-Adv,30,150.65223333333333,308,NA,150.65223333333333,0.4891306277056277,NA,0.4891306277056277,elsewhere
SN-Dhr,30,379.9324,387,416,379.9324,0.9817374677002584,0.9132990384615384,0.9475182530808983,1
SN-Nkr,30,570.6594,529,584.7,570.6594,1.0787512287334593,0.9759866598255516,1.0273689442795053,1
TH-Kog,30,1857.1944333333333,1104,1756,1857.194433333333,1.6822413345410627,1.057627809415338,1.3699345719782003,elsewhere
TH-Mae,30,1320.5501,1122,1448,1320.5501,1.1769608734402852,0.9119821132596685,1.0444714933499768,1
UK-AMo,30,1007.6969,843,960,1007.6969,1.1953699881376039,1.0496842708333334,1.1225271294854686,1
UK-Ags,30,1259.5997666666667,984,1301,1259.5997666666667,1.280081063685637,0.9681781450166539,1.1241296043511455,1
UK-BnB,30,1000.1563666666667,1138,1263.7,1000.1563666666668,0.8788720269478618,0.7914507926459339,0.8351614097968978,elsewhere
UK-CCr,30,1243.8746,1482,1552,1243.8746,0.8393215924426451,0.8014655927835053,0.8203935926130752,elsewhere
UK-Cvn,30,611.6592,551,833.4,611.6592,1.1100892921960073,0.733932325413967,0.9220108088049872,1
UK-GaB,30,979.9505333333333,1170,1502,979.9505333333332,0.8375645584045583,0.6524304482911673,0.7449975033478629,elsewhere
UK-Gnn,30,1232.0132333333333,1449,1389,1232.0132333333331,0.8502506786289395,0.8869785697144229,0.8686146241716812,1
UK-Gwr,30,1531.2825666666665,1278,1274.5,1531.2825666666663,1.1981866718831506,1.2014771021315547,1.1998318870073525,elsewhere
UK-HgF,30,608.0013666666666,616,860.12,608.0013666666666,0.9870152056277056,0.7068796989567346,0.8469474522922201,elsewhere
UK-HpF,30,624.1721333333332,581,832.4,624.1721333333332,1.0743065978198507,0.749846387954509,0.9120764928871798,1
US-A03,30,904.299,146,115.1,904.299,6.1938287671232874,7.856637706342311,7.025233236732799,8
US-A10,30,914.8648666666667,107,115.1,914.8648666666668,8.550138940809969,7.948434984071822,8.249286962440895,8
US-A32,30,796.7446,816,889,796.7446,0.9764026960784313,0.8962256467941507,0.936314171436291,1
US-A37,30,28.1835,822,NA,28.1835,0.03428649635036496,NA,0.03428649635036496,elsewhere
US-A39,30,28.21343333333333,999,965,28.21343333333333,0.028241675008341672,0.029236718480138167,0.02873919674423992,elsewhere
US-A74,30,334.8814,823,889,334.8814,0.4069032806804374,0.3766944881889764,0.3917988844347069,elsewhere
US-ABa,30,1163.3433,1206,1371,1163.3433,0.9646296019900498,0.8485363238512035,0.9065829629206266,1
US-ABb,30,1387.2422333333334,1206,1371,1387.2422333333334,1.1502837755666115,1.011846997325553,1.0810653864460824,1
US-ABc,30,1262.7893333333334,1206,1371,1262.7893333333334,1.0470889994472083,0.9210717238025772,0.9840803616248928,1
US-ABd,30,1254.9155,1213,1371,1254.9155,1.0345552349546578,0.9153285922684172,0.9749419136115376,1
US-ABe,30,4224.1391,1219,1371,4224.1391,3.4652494667760463,3.081064259664479,3.2731568632202626,elsewhere
US-ADR,30,137.15643333333333,108,110,137.15643333333333,1.269966975308642,1.2468766666666666,1.2584218209876543,elsewhere
US-ALQ,30,762.6937333333333,808,NA,762.6937333333333,0.9439278877887788,NA,0.9439278877887788,1
US-AR1,30,671.5477666666667,584,NA,671.5477666666667,1.1499105593607306,NA,1.1499105593607306,1
US-AR2,30,553.886,600,NA,553.886,0.9231433333333333,NA,0.9231433333333333,1
US-ARM,30,633.0905666666666,859,843,633.0905666666666,0.7370088086922778,0.7509971134835903,0.7440029610879341,elsewhere
US-ARb,30,1120.4619666666667,793,NA,1120.4619666666667,1.4129406893652796,NA,1.4129406893652796,elsewhere
US-ARc,30,1192.0474333333334,793,NA,1192.0474333333334,1.503212400168138,NA,1.503212400168138,elsewhere
US-ASH,30,1028.2872666666667,175,210,1028.2872666666667,5.8759272380952385,4.896606031746032,5.386266634920635,elsewhere
US-ASM,30,1028.2872666666667,175,210,1028.2872666666667,5.8759272380952385,4.896606031746032,5.386266634920635,elsewhere
US-Akn,30,45.66973333333333,1195,NA,45.66973333333333,0.03821735006973501,NA,0.03821735006973501,elsewhere
US-Aud,30,411.84526666666665,462,438.35,411.84526666666665,0.8914399711399711,0.93953522679746,0.9154875989687156,1
US-BRG,30,4220.8321,1103,1200,4220.8321,3.826683680870353,3.517360083333333,3.672021882101843,4
US-BZB,30,232.59470000000002,294,274,232.5947,0.7911384353741497,0.8488857664233578,0.8200121008987538,elsewhere
US-BZF,30,220.65093333333334,294,274,220.65093333333337,0.7505133786848073,0.8052953771289538,0.7779043779068806,elsewhere
US-BZo,30,158.46103333333335,294,274,158.46103333333335,0.5389831065759637,0.5783249391727494,0.5586540228743566,elsewhere
US-Bar,30,1160.2874,1233,1245.77,1160.2874,0.9410278994322789,0.9313817157260168,0.9362048075791478,1
US-Bi1,30,362.50073333333336,386,338,362.50073333333336,0.9391210708117445,1.0724873767258383,1.0058042237687914,1
US-Bi2,30,323.395,379,338,323.395,0.8532849604221635,0.9567899408284023,0.905037450625283,1
US-CAK,30,340.08683333333335,413,NA,340.08683333333335,0.823454802259887,NA,0.823454802259887,elsewhere
US-CF1,30,8.998866666666666,611,550,8.998866666666666,0.014728096017457719,0.016361575757575755,0.015544835887516737,elsewhere
US-CF2,30,14.574033333333333,583,550,14.574033333333333,0.02499834190966266,0.026498242424242424,0.02574829216695254,elsewhere
US-CF3,30,15.796166666666666,559,550,15.796166666666666,0.028257901013714965,0.02872030303030303,0.028489102022008998,elsewhere
US-CF4,30,23.586000000000002,559,550,23.586,0.04219320214669052,0.04288363636363637,0.04253841925516344,elsewhere
US-CGG,30,525.0985333333333,507,419,525.0985333333333,1.0356973044049966,1.2532184566428002,1.1444578805238983,1
US-CLF,30,603.9065333333333,980,1050,603.9065333333333,0.616231156462585,0.5751490793650793,0.5956901179138321,elsewhere
US-CMW,30,278.78473333333335,352,288,278.78473333333335,0.7920020833333333,0.9680025462962963,0.8800023148148148,1
US-CRK,30,1013.1134333333333,1080,1148,1013.1134333333332,0.9380679938271604,0.8825029907084785,0.9102854922678194,1
US-CRT,30,768.9276,854,849,768.9276,0.900383606557377,0.9056862190812721,0.9030349128193246,1
US-CS1,30,721.6422,808,830,721.6422,0.8931215346534653,0.8694484337349397,0.8812849841942025,1
US-CS2,30,3231.0546666666664,809,830,3231.0546666666664,3.9938871034198598,3.892836947791164,3.943362025605512,4
US-CS3,30,994.6649666666667,814,830,994.6649666666668,1.2219471334971335,1.1983915261044178,1.2101693298007756,elsewhere
US-CS4,30,909.2061,814,830,909.2061,1.1169608108108109,1.0954290361445782,1.1061949234776947,1
US-CS5,30,1516.8692999999998,808,830,1516.8692999999998,1.8773134900990096,1.8275533734939757,1.8524334317964928,elsewhere
US-CS6,30,829.1552333333333,818,830,829.1552333333333,1.0136372045639772,0.9989822088353413,1.0063097066996591,1
US-CS8,30,1571.122,822,830,1571.122,1.9113406326034064,1.8929180722891568,1.9021293524462815,elsewhere
US-CdM,30,175.45656666666667,297,348,175.45656666666667,0.5907628507295174,0.5041855363984674,0.5474741935639924,elsewhere
US-Ced,30,1220.0665999999999,1147,1138,1220.0666,1.06370235396687,1.0721147627416518,1.067908558354261,1
US-ChR,30,1399.8499,1241,1358.85,1399.8499,1.1280015310233682,1.0301724988041359,1.079087014913752,1
US-Cms,30,77.05356666666667,107,274,77.05356666666667,0.7201267912772585,0.28121739659367395,0.5006720939354663,elsewhere
US-Cop,30,197.0277,330,NA,197.0277,0.5970536363636364,NA,0.5970536363636364,elsewhere
US-Cst,30,1141.0507666666667,1409,1410,1141.0507666666667,0.8098302105512184,0.8092558628841608,0.8095430367176897,elsewhere
US-Cwt,30,5593.431333333333,1808,1800,5593.431333333333,3.0937120206489674,3.1074618518518515,3.1005869362504095,elsewhere
US-DFC,30,745.6671,799,787,745.6671,0.9332504380475595,0.9474804320203304,0.940365435033945,1
US-DFK,30,3277.5183666666667,799,787,3277.5183666666667,4.102025490196079,4.164572257518,4.13329887385704,4
US-DPW,30,3911.317466666667,1223,1142,3911.317466666667,3.1981336603979287,3.424971511967309,3.3115525861826187,elsewhere
US-DS1,30,1578.2313333333334,392,432,1578.2313333333334,4.026100340136055,3.6533132716049384,3.8397068058704966,4
US-DS2,30,1542.8013666666666,392,432,1542.8013666666666,3.9357177721088434,3.571299459876543,3.7535086159926934,4
US-DS3,30,419.11136666666664,373,432,419.11136666666664,1.123622966934763,0.9701652006172838,1.0468940837760234,1
US-Dix,30,1139.0100666666667,1153,1126.63,1139.0100666666667,0.987866493206129,1.0109885824686602,0.9994275378373946,1
US-Dk1,30,1138.0428666666667,1165,1169.75,1138.042866666667,0.9768608297567954,0.972894094179668,0.9748774619682317,1
US-Dk2,30,1137.5497666666668,1165,1168.69,1137.5497666666668,0.9764375679542204,0.9733545821960201,0.9748960750751203,1
US-Dk3,30,1136.6637666666666,1165,1169.69,1136.6637666666666,0.975677052932761,0.9717649690658777,0.9737210109993193,1
US-Dmg,30,357.4943666666667,334,365,357.4943666666667,1.0703424151696608,0.9794366210045662,1.0248895180871136,1
US-EA4,30,731.8793,854,836,731.8793,0.8570015222482434,0.8754537081339713,0.8662276151911074,1
US-EA5,30,659.1300666666666,619,632,659.1300666666666,1.064830479267636,1.0429273206751053,1.0538788999713706,1
US-EA6,30,971.9215,668,703,971.9215,1.4549723053892216,1.3825341394025605,1.4187532223958912,elsewhere
US-EDN,30,415.89750000000004,398,NA,415.8975,1.0449685929648242,NA,1.0449685929648242,1
US-EKH,30,16.56,553,894,16.56,0.029945750452079565,0.018523489932885905,0.024234620192482736,elsewhere
US-EKN,30,17.549833333333332,539,894,17.549833333333332,0.0325599876314162,0.019630686055182697,0.026095336843299448,elsewhere
US-EKP,30,13.200566666666667,539,894,13.200566666666669,0.024490847247990107,0.014765734526472781,0.019628290887231444,elsewhere
US-EML,30,2134.550333333333,424,378,2134.550333333333,5.0343168238993705,5.646958553791887,5.340637688845629,elsewhere
US-Elm,30,1087.0007,1343,NA,1087.0007,0.8093825018615042,NA,0.8093825018615042,elsewhere
US-Esm,30,1081.8721333333333,1405,NA,1081.8721333333333,0.7700157532621589,NA,0.7700157532621589,elsewhere
US-EvM,30,1184.8167,1377,1200,1184.8167,0.8604333333333334,0.9873472500000001,0.9238902916666667,1
US-Fcr,30,259.7326,294,NA,259.7326,0.8834442176870748,NA,0.8834442176870748,1
US-Fmf,30,543.0659666666667,561,546,543.0659666666667,0.9680320261437908,0.9946263125763126,0.9813291693600517,1
US-Fo1,30,57.956199999999995,166,NA,57.956199999999995,0.349133734939759,NA,0.349133734939759,elsewhere
US-Fo2,30,63.41126666666667,167,NA,63.41126666666667,0.37970818363273456,NA,0.37970818363273456,elsewhere
US-Fuf,30,640.0857666666666,580,562,640.0857666666666,1.1035961494252873,1.1389426453143534,1.1212693973698205,1
US-Fwf,30,498.22723333333334,526,557,498.22723333333334,0.9472000633713562,0.8944833632555357,0.9208417133134459,1
US-GLE,30,1379.5923,510,1200,1379.5923,2.7050829411764705,1.14966025,1.9273715955882351,elsewhere
US-HB1,30,647.0659333333333,1372,1429,647.0659333333333,0.4716224003887269,0.45281031024026125,0.46221635531449407,elsewhere
US-HB2,30,1335.0056,1370,1429,1335.0056,0.9744566423357663,0.9342236529041288,0.9543401476199476,1
US-HB3,30,1842.267,1370,1429,1842.267,1.3447204379562043,1.2892001399580126,1.3169602889571084,elsewhere
US-HB4,30,658044.5751,1350,1429,658044.5751,487.440426,460.4930546536039,473.966740326802,elsewhere
US-HBK,30,4481.9504,1152,1400,4481.9504,3.890581944444444,3.2013931428571425,3.545987543650793,4
US-HRA,30,530.8393333333333,1289,1250,530.8393333333333,0.4118226014998707,0.42467146666666666,0.4182470340832687,elsewhere
US-HRC,30,504.8086333333333,1289,1250,504.8086333333333,0.3916281096457202,0.40384690666666667,0.39773750815619346,elsewhere
US-HVs,30,1515.1631666666667,196,217,1515.1631666666667,7.7304243197278915,6.982318740399386,7.3563715300636385,8
US-HWB,30,1033.7404666666666,1007,1006.35,1033.7404666666666,1.0265545845746442,1.027217634686408,1.0268861096305262,1
US-Ha1,30,1210.9178333333334,1103,1071,1210.9178333333334,1.0978402840737385,1.1306422346716465,1.1142412593726925,1
US-Hn2,30,42.84546666666667,167,197,42.84546666666667,0.25655968063872253,0.21748967851099832,0.23702467957486043,elsewhere
US-Hn3,30,13.158766666666667,167,197,13.158766666666668,0.07879500998003992,0.06679576988155668,0.0727953899307983,elsewhere
US-Ho2,30,796.8249,1062,1064,796.8249,0.7503059322033898,0.7488955827067669,0.7496007574550784,elsewhere
US-Ho3,30,1118.2289666666666,1064,1072,1118.2289666666666,1.050967073934837,1.0431240360696517,1.0470455550022444,1
US-Hsm,30,505.5593,546,450,505.5593,0.9259327838827839,1.1234651111111111,1.0246989474969475,1
US-IAB,30,3589.859733333333,849,912,3589.859733333333,4.228338908519827,3.936249707602339,4.082294308061083,4
US-IAC,30,3589.859733333333,851,912,3589.859733333333,4.218401566784175,3.936249707602339,4.077325637193257,4
US-IAM,30,3589.859733333333,851,912,3589.859733333333,4.218401566784175,3.936249707602339,4.077325637193257,4
US-ICh,30,213.02486666666667,243,318,213.02486666666667,0.8766455418381345,0.6698895178197065,0.7732675298289204,elsewhere
US-ICs,30,220.42793333333333,243,318,220.42793333333333,0.9071108367626886,0.6931696016771488,0.8001402192199187,elsewhere
US-ICt,30,286.46073333333334,243,318,286.46073333333334,1.178850754458162,0.9008199161425576,1.0398353353003598,1
US-Jo1,30,243.9739,283,245.1,243.9739,0.8620985865724381,0.9954055487556099,0.928752067664024,1
US-Jo2,30,332.1813,298,282.3,332.1813,1.1147023489932886,1.1766960680127525,1.1456992085030206,1
US-KFS,30,599.5625333333334,996,1014,599.5625333333334,0.6019704149933066,0.5912845496383958,0.5966274823158513,elsewhere
US-KLS,30,352.7522666666666,754,NA,352.7522666666666,0.46784120247568517,NA,0.46784120247568517,elsewhere
US-KPL,30,382.63723333333337,850,375.8,382.63723333333337,0.4501614509803922,1.0181938087635267,0.7341776298719594,elsewhere
US-KS1,30,1227.4967333333334,1229,1266,1227.4967333333334,0.9987768375372933,0.9695866771985255,0.9841817573679095,1
US-KS2,30,1240.9408333333333,1276,1294,1240.940833333333,0.9725241640543365,0.9589960072127769,0.9657600856335566,1
US-KS3,30,274.10203333333334,1290,1340,274.10203333333334,0.21248219638242893,0.20455375621890548,0.2085179763006672,elsewhere
US-Kon,30,722.2409666666667,892,867,722.2409666666667,0.809687182361734,0.8330345636293734,0.8213608729955537,elsewhere
US-LA2,30,891.8103666666666,1614,1655,891.8103666666666,0.5525466955803386,0.538858227593152,0.5457024615867454,elsewhere
US-LA3,30,546.9458333333333,1557,1623,546.9458333333333,0.3512818454292443,0.3369968165947833,0.34413933101201377,elsewhere
US-LS1,30,311.8808666666667,359,288,311.8808666666667,0.8687489322191273,1.082919675925926,0.9758343040725267,1
US-LS2,30,316.23,359,NA,316.23,0.8808635097493037,NA,0.8808635097493037,1
US-Lin,30,327.6041333333333,330,NA,327.6041333333333,0.9927397979797979,NA,0.9927397979797979,1
US-Los,30,753.36,834,828,753.36,0.9033093525179856,0.9098550724637682,0.9065822124908769,1
US-MBP,30,2870.626166666667,695,780,2870.626166666667,4.130397362110312,3.6802899572649577,3.9053436596876345,4
US-MEF,30,419.4433,430,368.47,419.4433,0.975449534883721,1.138337720845659,1.05689362786469,1
US-MMS,30,1103.8964333333333,1092,1032,1103.896433333333,1.0108941697191698,1.0696670865633076,1.0402806281412387,1
US-MN1,30,456.3752333333333,598,684.5,456.3752333333333,0.7631692865105908,0.6667278792305819,0.7149485828705864,elsewhere
US-MN2,30,473.4106,597,684.5,473.4106,0.7929825795644891,0.6916151935719503,0.7422988865682197,elsewhere
US-MN3,30,501.7547666666667,598,684.5,501.7547666666667,0.8390547937569677,0.7330237643048454,0.7860392790309065,elsewhere
US-MOz,30,908.8695,1013,986,908.8695,0.8972058242843041,0.9217743407707911,0.9094900825275476,1
US-MZA,30,504.2912,962,940,504.2912,0.5242112266112267,0.53648,0.5303456133056133,elsewhere
US-Me1,30,166.06796666666668,608,704.61,166.06796666666668,0.27313810307017544,0.23568778000123,0.2544129415357027,elsewhere
US-Me3,30,383.19306666666665,537,719,383.19306666666665,0.713581129733085,0.5329528048215113,0.6232669672772981,elsewhere
US-Me5,30,479.1358,821,590.81,479.1358,0.5836002436053593,0.8109811953081364,0.6972907194567479,elsewhere
US-Me6,30,322.80733333333336,537,494,322.80733333333336,0.601130974549969,0.6534561403508773,0.6272935574504231,elsewhere
US-Me7,30,2553.5444666666667,821,523,2553.5444666666667,3.110285586682907,4.88249420012747,3.9963898934051882,4
US-Mo1,30,921.9112666666666,1014,981,921.9112666666666,0.9091827087442471,0.939766836561332,0.9244747726527895,1
US-Mo2,30,743.9494666666667,1018,981,743.9494666666667,0.7307951538965292,0.7583582738702005,0.7445767138833648,elsewhere
US-Mo3,30,937.9848666666667,1017,981,937.9848666666668,0.9223056702720419,0.9561517499150527,0.9392287100935472,1
US-Mpj,30,416.3135,407,385,416.3135,1.0228832923832922,1.081333766233766,1.052108529308529,1
US-MtB,30,624.9588,717,790,624.9588,0.8716301255230126,0.7910870886075949,0.8313586070653037,elsewhere
US-Myb,30,273.38203333333337,356,338,273.38203333333337,0.7679270599250937,0.8088225838264301,0.7883748218757619,elsewhere
US-NC1,30,1132.5543,1248,1320,1132.5543,0.9074954326923077,0.8579956818181819,0.8827455572552447,1
US-NC2,30,1239.1141,1252,1320,1239.1141,0.9897077476038338,0.9387228030303031,0.9642152753170685,1
US-NC3,30,1449.9727333333333,1254,1320,1449.9727333333333,1.156278096757044,1.098464191919192,1.127371144338118,1
US-NC4,30,889.0554333333333,1327,1311,889.0554333333333,0.6699739512685254,0.6781505975082635,0.6740622743883944,elsewhere
US-NC5,30,636.7941,1142,1330,636.7941,0.557613047285464,0.4787925563909774,0.5182028018382208,elsewhere
US-NGB,30,914.8648666666667,109,171,914.8648666666668,8.393255657492356,5.35008693957115,6.871671298531753,8
US-NGC,30,2398.5839333333333,413,NA,2398.5839333333333,5.807709281678774,NA,5.807709281678774,elsewhere
US-NR1,30,709.2242,567,800,709.2242,1.250836331569665,0.88653025,1.0686832907848325,1
US-NR3,30,2853.9561,686,884,2853.9561,4.160285860058309,3.2284571266968323,3.6943714933775706,4
US-NSa,30,1815.2084,299,NA,1815.2084,6.070931103678929,NA,6.070931103678929,elsewhere
US-NSb,30,900.7200333333333,172,NA,900.7200333333332,5.236744379844961,NA,5.236744379844961,elsewhere
US-Ne1,30,3120.004,799,790.37,3120.004,3.904886107634543,3.9475233118665938,3.9262047097505683,4
US-Ne2,30,3120.004,799,788.89,3120.004,3.904886107634543,3.9549290775646795,3.929907592599611,4
US-Ne3,30,3120.004,797,783.68,3120.004,3.9146850690087827,3.9812219273172724,3.9479534981630273,4
US-ONA,30,733.493,1285,1268,733.493,0.570811673151751,0.5784645110410095,0.5746380920963803,elsewhere
US-OPE,30,891.1683333333333,1127,1192,891.1683333333333,0.7907438627624963,0.7476244407158836,0.76918415173919,elsewhere
US-OWC,30,564.5961666666667,897,930,564.5961666666667,0.6294271646228169,0.6070926523297492,0.618259908476283,elsewhere
US-Oho,30,839.0880999999999,855,849,839.0880999999999,0.9813895906432748,0.9883252061248528,0.9848573983840638,1
US-PAS,30,4443.1348333333335,1285,1268,4443.1348333333335,3.457692477302205,3.504049553101998,3.4808710152021014,4
US-PFL,30,3162.7420666666667,825,823,3162.7420666666667,3.8336267474747476,3.8429429728635074,3.8382848601691277,4
US-PFb,30,3162.7420666666667,829,823,3162.7420666666667,3.815129151588259,3.8429429728635074,3.8290360622258834,4
US-PFc,30,3162.7420666666667,829,823,3162.7420666666667,3.815129151588259,3.8429429728635074,3.8290360622258834,4
US-PFd,30,3162.7420666666667,829,823,3162.7420666666667,3.815129151588259,3.8429429728635074,3.8290360622258834,4
US-PFf,30,3162.7420666666667,825,823,3162.7420666666667,3.8336267474747476,3.8429429728635074,3.8382848601691277,4
US-PFg,30,3162.7420666666667,828,823,3162.7420666666667,3.8197367954911434,3.8429429728635074,3.8313398841773254,4
US-PFh,30,3162.7420666666667,827,823,3162.7420666666667,3.824355582426441,3.8429429728635074,3.833649277644974,4
US-PFi,30,3162.7420666666667,834,823,3162.7420666666667,3.7922566746602717,3.8429429728635074,3.8175998237618893,4
US-PFj,30,3162.7420666666667,834,823,3162.7420666666667,3.7922566746602717,3.8429429728635074,3.8175998237618893,4
US-PFk,30,3162.7420666666667,817,823,3162.7420666666667,3.871165320277438,3.8429429728635074,3.857054146570473,4
US-PFm,30,3162.7420666666667,825,823,3162.7420666666667,3.8336267474747476,3.8429429728635074,3.8382848601691277,4
US-PFn,30,3162.7420666666667,824,823,3162.7420666666667,3.838279207119741,3.8429429728635074,3.840611089991624,4
US-PFp,30,3162.7420666666667,824,823,3162.7420666666667,3.838279207119741,3.8429429728635074,3.840611089991624,4
US-PFq,30,3162.7420666666667,827,823,3162.7420666666667,3.824355582426441,3.8429429728635074,3.833649277644974,4
US-PFr,30,3162.7420666666667,827,823,3162.7420666666667,3.824355582426441,3.8429429728635074,3.833649277644974,4
US-PFt,30,3162.7420666666667,827,823,3162.7420666666667,3.824355582426441,3.8429429728635074,3.833649277644974,4
US-PLo,30,4001.626133333333,1098,1262,4001.626133333333,3.6444682452944748,3.170860644479662,3.407664444887068,4
US-PSH,30,900.7205,171,191,900.7205,5.26737134502924,4.715814136125655,4.991592740577447,elsewhere
US-PSL,30,1206.1900666666666,226,311,1206.1900666666666,5.33712418879056,3.8784246516613075,4.607774420225934,elsewhere
US-Prr,30,375.2394,319,275,375.2394,1.1762990595611285,1.364506909090909,1.2704029843260187,elsewhere
US-RC1,30,510.87426666666664,611,550,510.87426666666664,0.8361280960174576,0.928862303030303,0.8824951995238803,1
US-RC2,30,441.5242666666667,611,550,441.5242666666667,0.7226256410256411,0.802771393939394,0.7626985174825176,elsewhere
US-RC3,30,258.66540000000003,260,280,258.66540000000003,0.9948669230769233,0.9238050000000001,0.9593359615384617,1
US-RC4,30,634.6162666666667,678,680,634.6162666666667,0.9360121927236972,0.9332592156862745,0.9346357042049858,1
US-RC5,30,136.2416,190,230,136.2416,0.7170610526315789,0.5923547826086957,0.6547079176201374,elsewhere
US-RGA,30,1105.6634666666666,1291,1250,1105.6634666666666,0.8564395558998192,0.8845307733333333,0.8704851646165763,1
US-RGB,30,438.8813,573,737,438.8813,0.7659359511343805,0.5954970149253731,0.6807164830298769,elsewhere
US-RGF,30,276.97476666666665,287,31,276.97476666666665,0.9650688734030197,8.934669892473117,4.949869382938068,elsewhere
US-RGW,30,1283.4840666666666,1340,1283,1283.4840666666666,0.9578239303482587,1.0003772928033254,0.9791006115757921,1
US-RGo,30,381.3772333333333,560,610,381.3772333333333,0.6810307738095238,0.6252085792349726,0.6531196765222482,elsewhere
US-RRC,30,1228.6875666666667,1137,1117,1228.6875666666667,1.080639900322486,1.09998886899433,1.090314384658408,1
US-Rls,30,1305.9504666666667,375,333,1305.950466666667,3.482534577777778,3.921773173173173,3.7021538754754753,4
US-Rms,30,1484.0106,448,800,1484.0106,3.312523660714286,1.85501325,2.583768455357143,elsewhere
US-Ro1,30,812.8240000000001,768,879,812.8240000000001,1.0583645833333335,0.9247144482366326,0.9915395157849831,1
US-Ro2,30,823.6855333333333,768,879,823.6855333333333,1.072507204861111,0.9370711414486158,1.0047891731548635,1
US-Ro3,30,805.9235333333334,768,879,805.9235333333334,1.0493796006944445,0.9168640879787637,0.9831218443366041,1
US-Ro4,30,779.9887,766,879,779.9887,1.0182620104438642,0.8873591581342435,0.9528105842890539,1
US-Ro5,30,753.4834333333333,766,879,753.4834333333333,0.9836598346388163,0.8572052711414486,0.9204325528901325,1
US-Ro6,30,753.4834333333333,766,879,753.4834333333333,0.9836598346388163,0.8572052711414486,0.9204325528901325,1
US-Rpf,30,320.1290666666667,321,450,320.1290666666667,0.9972868120456906,0.711397925925926,0.8543423689858083,1
US-Rwe,30,1484.0106,463,800,1484.0106,3.2052064794816415,1.85501325,2.5301098647408207,elsewhere
US-Rwf,30,1484.0106,449,505,1484.0106,3.3051461024498887,2.9386348514851486,3.1218904769675184,elsewhere
US-Rws,30,1305.9504666666667,309,290,1305.950466666667,4.226376914778856,4.503277471264368,4.364827193021612,4
US-SD1,30,960.3414666666666,970,946.16,960.3414666666666,0.9900427491408934,1.014988444519602,1.0025155968302477,1
US-SD2,30,397.94016666666664,966,NA,397.94016666666664,0.4119463423050379,NA,0.4119463423050379,elsewhere
US-SHC,30,844.1197,825,827,844.1197,1.023175393939394,1.020700967351874,1.021938180645634,1
US-SP1,30,1706.5929666666666,1307,1309.77,1706.5929666666666,1.3057329507778628,1.3029714886328643,1.3043522197053634,elsewhere
US-SRC,30,327.47316666666666,395,330,327.47316666666666,0.8290459915611814,0.9923429292929292,0.9106944604270553,1
US-SRG,30,434.6741,566,420,434.6741,0.7679754416961131,1.0349383333333333,0.9014568875147232,1
US-SRM,30,378.2395,474,380,378.2395,0.7979736286919832,0.995367105263158,0.8966703669775706,1
US-SRS,30,409.9934,474,388,409.9934,0.8649649789029537,1.0566840206185568,0.9608244997607552,1
US-SSH,30,934.9181666666667,989,1050,934.9181666666668,0.9453166498146276,0.890398253968254,0.9178574518914409,1
US-Sag,30,22.827066666666667,179,121,22.827066666666667,0.12752551210428306,0.1886534435261708,0.15808947781522692,elsewhere
US-Seg,30,252.56323333333333,255,273.304,252.56323333333333,0.9904440522875817,0.924111002156329,0.9572775272219554,1
US-Ses,30,253.19693333333333,248,275.082,253.19693333333333,1.020955376344086,0.9204416622437431,0.9706985192939146,1
US-Slt,30,1059.4663,1162,1138,1059.4663,0.9117610154905336,0.930989718804921,0.9213753671477273,1
US-Sne,30,338.2771666666667,340,311,338.2771666666667,0.9949328431372549,1.087707931404073,1.041320387270664,1
US-Snf,30,343.7930666666667,336,NA,343.7930666666667,1.0231936507936508,NA,1.0231936507936508,1
US-Srr,30,1963.2860333333333,530,326,1963.2860333333333,3.7043132704402515,6.022349795501023,4.863331532970637,elsewhere
US-StJ,30,564.8426,1133,1121,564.8426,0.49853715798764336,0.5038738626226583,0.5012055103051508,elsewhere
US-Sta,30,1727.4923666666666,293,NA,1727.4923666666666,5.895878384527872,NA,5.895878384527872,elsewhere
US-Syv,30,3158.2599666666665,836,826,3158.2599666666665,3.7778229266347685,3.823559281678773,3.800691104156771,4
US-TKs,30,216.66003333333333,236,316,216.66003333333333,0.918050988700565,0.6856330168776371,0.8018420027891011,elsewhere
US-TLR,30,1.0004666666666666,1276,469.4,1.0004666666666666,7.840647857889236e-4,0.0021313733844624343,0.001457719085125679,elsewhere
US-TaS,30,3536.1759333333334,1257,986.8,3536.1759333333334,2.813186900026518,3.58347784083232,3.1983323704294193,elsewhere
US-Ton,30,607.5981333333333,623,559,607.5981333333333,0.9752779026217228,1.0869376267143709,1.0311077646680469,1
US-Tw1,30,1717.7816666666665,370,421,1717.7816666666663,4.6426531531531525,4.080241488519398,4.361447320836275,4
US-Tw2,30,1717.7816666666665,370,421,1717.7816666666663,4.6426531531531525,4.080241488519398,4.361447320836275,4
US-Tw3,30,265.85970000000003,370,421,265.85970000000003,0.7185397297297298,0.6314957244655582,0.6750177270976441,elsewhere
US-Tw4,30,366.24593333333337,370,421,366.24593333333337,0.989853873873874,0.8699428345209819,0.929898354197428,1
US-Tw5,30,1717.7816666666665,370,421,1717.7816666666663,4.6426531531531525,4.080241488519398,4.361447320836275,4
US-Twt,30,373.8043666666667,370,421,373.8043666666667,1.0102820720720722,0.8878963578780681,0.94908921497507015,1
US-UC1,30,1084.6863666666668,1010,1006.35,1084.6863666666668,1.073946897689769,1.0778420695251818,1.0758944836074753,1
US-UC2,30,1036.5163666666667,1009,1006.35,1036.5163666666667,1.02727092831186,1.0299760189463574,1.0286234736291087,1
US-UMd,30,3229.1988333333334,793,803,3229.198833333334,4.072129676334594,4.021418223329182,4.046773949831888,4
US-UTB,30,42.33186666666666,165,138.59,42.33186666666666,0.25655676767676766,0.3054467614305986,0.28100176455368314,elsewhere
US-UTD,30,67.7812,271,215.65,67.7812,0.2501151291512915,0.3143111523301646,0.28221314074072806,elsewhere
US-UTE,30,228.46273333333335,225,258.318,228.46273333333335,1.015389925925926,0.884424365833327,0.9499071458796264,1
US-UTJ,30,824.7116,212,196.85,824.7116,3.8901490566037733,4.189543307086614,4.039846181845194,4
US-UTL,30,98.10723333333334,211,177,98.10723333333334,0.4649631911532386,0.5542781544256121,0.5096206727894254,elsewhere
US-UTM,30,73.7891,236,240.03,73.7891,0.31266567796610173,0.30741615631379415,0.31004091713994797,elsewhere
US-UTP,30,285.49806666666666,436,419,285.49806666666666,0.6548120795107033,0.6813796340493238,0.6680958567800135,elsewhere
US-UTV,30,128.37,206,177,128.37,0.6231553398058253,0.7252542372881357,0.6742047885469804,elsewhere
US-UTW,30,822.7638333333333,228,225.22,822.7638333333333,3.6086133040935673,3.6531561732232185,3.630884738658393,4
US-Uaf,30,258.19873333333334,301,263,258.19873333333334,0.8578031007751938,0.9817442332065907,0.9197736669908922,1
US-UiA,30,3837.7169,1015,1051,3837.7169,3.781001871921182,3.6514908658420553,3.7162463688816185,4
US-UiB,30,3837.7169,1015,1051,3837.7169,3.781001871921182,3.6514908658420553,3.7162463688816185,4
US-UiC,30,3837.7169,1015,1051,3837.7169,3.781001871921182,3.6514908658420553,3.7162463688816185,4
US-UiD,30,3837.7169,1015,1051,3837.7169,3.781001871921182,3.6514908658420553,3.7162463688816185,4
US-UiE,30,985.3755666666667,1015,1021,985.3755666666668,0.9708133661740559,0.9651082925236697,0.9679608293488629,1
US-UiF,30,954.1183333333333,1015,1021,954.1183333333332,0.9400180623973727,0.9344939601697682,0.9372560112835704,1
US-UiG,30,954.1183333333333,1015,1021,954.1183333333332,0.9400180623973727,0.9344939601697682,0.9372560112835704,1
US-VT1,30,812.4177,973,1068.37,812.4177,0.8349616649537512,0.760427286426987,0.7976944756903691,elsewhere
US-VT2,30,810.1182666666667,973,1068.37,810.1182666666667,0.8325984241178487,0.7582750046020262,0.7954367143599375,elsewhere
US-Var,30,584.9927333333334,640,559,584.9927333333334,0.9140511458333334,1.0464986285032798,0.9802748871683066,1
US-Vcm,30,538.4859666666666,700,646,538.4859666666666,0.7692656666666666,0.8335696078431372,0.8014176372549019,elsewhere
US-Vcp,30,505.1534,597,550,505.1534,0.8461530988274707,0.9184607272727272,0.8823069130500989,1
US-WCr,30,687.0006666666667,818,787,687.0006666666667,0.8398541157294214,0.8729360440491317,0.8563950798892765,1
US-WPT,30,812.0837,882,849,812.0837,0.9207298185941043,0.9565179034157834,0.9386238610049438,1
US-WT1,30,1763.8166333333334,491,482,1763.8166333333334,3.5922945689069925,3.6593706085753803,3.6258325887411864,4
US-Whs,30,310.37823333333336,360,320,310.37823333333336,0.8621617592592593,0.9699319791666667,0.9160468692129631,1
US-Wjs,30,375.6472,344,361,375.6472,1.0919976744186046,1.0405739612188365,1.0662858178187204,1
US-Wkg,30,334.9805666666667,410,407,334.9805666666667,0.8170257723577236,0.8230480753480753,0.8200369238528995,elsewhere
US-YK1,30,362.5051666666667,525,NA,362.5051666666667,0.6904860317460318,NA,0.6904860317460318,elsewhere
US-YK2,30,400.88443333333333,530,NA,400.88443333333333,0.7563857232704403,NA,0.7563857232704403,elsewhere
US-ZF1,30,318.5988,963,NA,318.5988,0.33083987538940807,NA,0.33083987538940807,elsewhere
US-ZF2,30,457.0007,963,914,457.0007,0.47455939771547245,0.5000007658643326,0.48728008178990256,elsewhere
US-xAB,30,2201.8873,2372,2450.59,2201.8873,0.9282830101180438,0.8985131335719152,0.9133980718449795,1
US-xAE,30,790.6705000000001,700,778.85,790.6705000000001,1.1295292857142858,1.0151768633241318,1.0723530745192087,1
US-xBA,30,70.94716666666666,109,110,70.94716666666666,0.6508914373088684,0.6449742424242424,0.6479328398665554,elsewhere
US-xBL,30,1093.0072666666667,991,982.55,1093.0072666666667,1.102933669693912,1.1124189778297968,1.1076763237618543,1
US-xBN,30,379.33189999999996,329,275,379.3319,1.152984498480243,1.3793887272727272,1.2661866128764852,elsewhere
US-xBR,30,1342.6421666666668,1233,1246,1342.6421666666668,1.0889230873208977,1.0775619315141787,1.0832425094175382,1
US-xCL,30,947.5983333333334,870,925.61,947.5983333333334,1.0891934865900383,1.023755505378435,1.0564744959842367,1
US-xCP,30,323.6106666666667,367,320,323.6106666666667,0.8817729336966396,1.0112833333333335,0.9465281335149865,1
US-xDC,30,377.5992,438,489.74,377.5992,0.8620986301369863,0.7710197247519092,0.8165591774444477,elsewhere
US-xDJ,30,239.51666666666668,290,300,239.51666666666668,0.8259195402298851,0.7983888888888889,0.812154214559387,elsewhere
US-xDL,30,1300.6067,1402,1372,1300.6067,0.9276795292439373,0.9479640670553936,0.9378217981496655,1
US-xDS,30,1150.9070666666667,1221,1216.09,1150.9070666666669,0.9425938301938301,0.9463995811713498,0.9444967056825899,1
US-xGR,30,1378.7163666666665,1367,1375,1378.7163666666663,1.008570860765667,1.002702812121212,1.0056368364434394,1
US-xHA,30,1127.1007,1103,NA,1127.1007,1.021850135992747,NA,1.021850135992747,1
US-xHE,30,256.2087,419,320,256.2087,0.6114766109785204,0.8006521875000001,0.7060643992392602,elsewhere
US-xJE,30,1203.044,1355,1307.97,1203.044,0.8878553505535056,0.9197795056461541,0.9038174280998299,1
US-xJR,30,203.24796666666666,273,271.33,203.24796666666663,0.7444980463980464,0.7490803326822197,0.7467891895401331,elsewhere
US-xKA,30,868.9191333333333,888,NA,868.9191333333333,0.9785125375375375,NA,0.9785125375375375,1
US-xKZ,30,891.7298333333333,892,870.38,891.7298333333333,0.9996971225710015,1.0245293243564113,1.0121132234637065,1
US-xLE,30,1463.2431,1513,1386.24,1463.2431,0.9671137475214805,1.0555481734764542,1.0113309604989673,1
US-xMB,30,192.30396666666667,306,319.46,192.30396666666667,0.6284443355119825,0.6019657129739769,0.6152050242429797,elsewhere
US-xML,30,1361.8994666666667,1122,1227.82,1361.8994666666667,1.2138141414141415,1.1092012401383482,1.161507690776245,elsewhere
US-xNG,30,336.91363333333334,428,456.51,336.91363333333334,0.7871813862928349,0.7380202697275708,0.7626008280102028,elsewhere
US-xNQ,30,233.8227,297,288.31,233.8227,0.7872818181818182,0.8110114113280843,0.7991466147549513,elsewhere
US-xNW,30,1610.8974333333333,623,1004.54,1610.8974333333333,2.5857101658640986,1.6036170120984066,2.094663588981253,elsewhere
US-xPU,30,2372.7130666666667,2155,2685,2372.7130666666667,1.1010269450889405,0.8836920173805091,0.9923594812347247,1
US-xRM,30,416.0914333333333,548,730.59,416.0914333333333,0.7592909367396593,0.5695279614193095,0.6644094490794844,elsewhere
US-xRN,30,1545.3926666666666,1220,1340.32,1545.3926666666666,1.266715300546448,1.1530027655087343,1.2098590330275911,elsewhere
US-xSB,30,1101.3257666666666,1290,1302.09,1101.3257666666666,0.8537409043927648,0.8458138582330459,0.8497773813129054,elsewhere
US-xSC,30,1040.1001666666666,1027,1125.5,1040.1001666666666,1.0127557611165205,0.9241227602547015,0.968439260685611,1
US-xSE,30,1121.9486333333334,1104,1074.65,1121.9486333333334,1.0162578200483092,1.0440130585151755,1.0301354392817423,1
US-xSJ,30,421.1263666666667,542,539.62,421.1263666666667,0.7769859163591636,0.7804128213681233,0.7786993688636434,elsewhere
US-xSL,30,416.76616666666666,429,432.67,416.76616666666666,0.971482905982906,0.9632425790248149,0.9673627425038605,1
US-xSP,30,568.4881,842,900.35,568.4881,0.6751640142517815,0.631407896928972,0.6532859555903767,elsewhere
US-xSR,30,313.45043333333336,395,346,313.45043333333336,0.7935454008438819,0.9059261078998074,0.8497357543718447,elsewhere
US-xST,30,727.1521333333334,803,797.56,727.1521333333334,0.9055443752594439,0.9117209154588162,0.90863264535913,1
US-xTA,30,1236.4183333333333,1449,NA,1236.4183333333333,0.8532907752472969,NA,0.8532907752472969,1
US-xTE,30,555.1969,831,1222.5,555.1969,0.6681069795427197,0.45414879345603276,0.5611278864993763,elsewhere
US-xTL,30,367.4055333333333,239,331,367.4055333333333,1.5372616457461645,1.1099865055387714,1.323624075642468,elsewhere
US-xTR,30,682.6325,803,797.56,682.6325,0.8501027397260275,0.8559011234264507,0.8530019315762392,1
US-xUK,30,926.3591666666666,998,990.63,926.3591666666666,0.9282155978623914,0.9351212528054538,0.9316684253339226,1
US-xUN,30,659.0398333333334,843,802.3,659.0398333333334,0.7817791617240016,0.8214381569653912,0.8016086593446965,elsewhere
US-xWD,30,560.4637333333334,423,493.76,560.4637333333334,1.3249733648542161,1.1350934327068483,1.2300333987805323,elsewhere
US-xWR,30,2135.3224333333333,1966,2225.01,2135.3224333333333,1.0861253475754493,0.959691162436723,1.0229082550060862,1
US-xYE,30,488.4209333333333,590,493.44,488.4209333333333,0.8278320903954802,0.9898284154777345,0.9088302529366074,1
VU-Coc,30,2593.5981,2897,2763,2593.5981,0.8952703141180532,0.9386891422366993,0.9169797281773763,1
ZA-BfK,30,479.7237666666667,440,441,479.7237666666667,1.090281287878788,1.0878089947089948,1.0890451412938913,1
ZA-BfS,30,393.14160000000004,437,445,393.1416,0.899637528604119,0.8834642696629215,0.8915508991335203,1
ZA-Jks,30,1747.7135,839,1029,1747.7135,2.083091179976162,1.698458211856171,1.8907746959161664,elsewhere
ZA-Spk,30,461.5525666666667,801,822,461.5525666666667,0.5762204327923429,0.5614994728304947,0.5688599528114189,elsewhere
ZA-Uby,30,1091.3175333333334,793,872,1091.3175333333334,1.3761885666246323,1.2515109327217127,1.3138497496731725,elsewhere
ZM-Mon,30,503.8849666666667,877,945,503.8849666666667,0.5745552641581148,0.5332116049382716,0.5538834345481931,elsewhere
