site_id,submitting_network,n_contacts_snapshot,n_contacts_badm,difference,badm_has_more
CH-Oe3,EUF,1,3,2,TRUE
DE-Rns,EUF,4,6,2,TRUE
ES-Dnn,EUF,5,7,2,TRUE
IT-Bsn,EUF,4,6,2,TRUE
CN-DaW,CNF,4,5,1,TRUE
CN-SnB,FLX,0,1,1,TRUE
CZ-KrP,EUF,2,3,1,TRUE
ES-HeB,EUF,3,4,1,TRUE
IE-Gwr,EUF,5,6,1,TRUE
JP-Api,JPF,0,1,1,TRUE
JP-Nuf,JPF,1,2,1,TRUE
KR-HPK,KOF,2,3,1,TRUE
KR-Kw1,KOF,2,3,1,TRUE
RU-Ege,JPF,3,4,1,TRUE
US-Bi1,AMF,3,4,1,TRUE
US-Bi2,AMF,3,4,1,TRUE
US-CF1,AMF,4,5,1,TRUE
US-Fcr,AMF,3,4,1,TRUE
US-Rpf,AMF,4,5,1,TRUE
US-Uaf,AMF,4,5,1,TRUE
US-xBR,AMF,5,6,1,TRUE
AR-Bal,AMF,5,5,0,FALSE
AR-CCa,AMF,3,3,0,FALSE
AR-CCg,AMF,3,3,0,FALSE
AR-TF1,AMF,3,3,0,FALSE
AR-TF2,AMF,3,3,0,FALSE
AT-Mmg,EUF,2,2,0,FALSE
AU-APL,TERN,1,1,0,FALSE
AU-ASM,TERN,3,3,0,FALSE
AU-Ade,TERN,2,2,0,FALSE
AU-Boy,TERN,2,2,0,FALSE
AU-Col,TERN,1,1,0,FALSE
AU-Cow,TERN,1,1,0,FALSE
AU-Cpr,TERN,3,3,0,FALSE
AU-Ctr,TERN,1,1,0,FALSE
AU-Cum,TERN,1,1,0,FALSE
AU-Lit,TERN,2,2,0,FALSE
AU-Lon,TERN,1,1,0,FALSE
AU-Lox,TERN,2,2,0,FALSE
AU-Rob,TERN,1,1,0,FALSE
AU-Sam,TERN,1,1,0,FALSE
AU-Sil,TERN,1,1,0,FALSE
AU-Sno,TERN,1,1,0,FALSE
AU-Wgt,TERN,1,1,0,FALSE
AU-Wom,TERN,3,3,0,FALSE
AU-Ya1,TERN,1,1,0,FALSE
AU-Ya2,TERN,1,1,0,FALSE
BJ-Bfg,FLX,6,6,0,FALSE
BJ-Db1,FLX,2,2,0,FALSE
BJ-Nhu,FLX,3,3,0,FALSE
BR-CST,AMF,4,4,0,FALSE
BR-ITA,AMF,3,3,0,FALSE
BR-Ji3,AMF,20,20,0,FALSE
BR-Ma2,AMF,17,17,0,FALSE
BR-Ma3,AMF,16,16,0,FALSE
BR-Npw,AMF,4,4,0,FALSE
BR-SM1,AMF,1,1,0,FALSE
BR-Sa1,AMF,4,4,0,FALSE
BR-Sa3,AMF,1,1,0,FALSE
BR-Xpw,AMF,4,4,0,FALSE
BW-Gum,FLX,2,2,0,FALSE
BW-Nxr,FLX,3,3,0,FALSE
CA-ARB,AMF,2,2,0,FALSE
CA-ARF,AMF,2,2,0,FALSE
CA-BOU,AMF,2,2,0,FALSE
CA-CF1,AMF,2,2,0,FALSE
CA-CF2,AMF,2,2,0,FALSE
CA-CF3,AMF,3,3,0,FALSE
CA-Ca1,AMF,1,1,0,FALSE
CA-Ca2,AMF,1,1,0,FALSE
CA-Ca3,AMF,3,3,0,FALSE
CA-Cbo,AMF,1,1,0,FALSE
CA-DB2,AMF,2,2,0,FALSE
CA-DBB,AMF,5,5,0,FALSE
CA-DSM,AMF,2,2,0,FALSE
CA-EM1,AMF,2,2,0,FALSE
CA-EM2,AMF,2,2,0,FALSE
CA-Gro,AMF,1,1,0,FALSE
CA-HPC,AMF,4,4,0,FALSE
CA-KLP,AMF,2,2,0,FALSE
CA-LP1,AMF,1,1,0,FALSE
CA-LU1,AMF,4,4,0,FALSE
CA-LU2,AMF,4,4,0,FALSE
CA-MA1,AMF,1,1,0,FALSE
CA-MA2,AMF,1,1,0,FALSE
CA-MA3,AMF,1,1,0,FALSE
CA-Man,AMF,2,2,0,FALSE
CA-Mer,AMF,3,3,0,FALSE
CA-Mtk,AMF,3,3,0,FALSE
CA-Na1,AMF,1,1,0,FALSE
CA-Ojp,AMF,4,4,0,FALSE
CA-PB1,AMF,2,2,0,FALSE
CA-PB2,AMF,2,2,0,FALSE
CA-Qc2,AMF,2,2,0,FALSE
CA-Qfo,AMF,2,2,0,FALSE
CA-RBM,AMF,2,2,0,FALSE
CA-SCB,AMF,2,2,0,FALSE
CA-SCC,AMF,2,2,0,FALSE
CA-SF1,AMF,1,1,0,FALSE
CA-SF2,AMF,1,1,0,FALSE
CA-SF3,AMF,1,1,0,FALSE
CA-SJ2,AMF,1,1,0,FALSE
CA-SMC,AMF,3,3,0,FALSE
CA-TP1,AMF,2,2,0,FALSE
CA-TP2,AMF,2,2,0,FALSE
CA-TP3,AMF,2,2,0,FALSE
CA-TP4,AMF,2,2,0,FALSE
CA-TPA,AMF,1,1,0,FALSE
CA-TPD,AMF,2,2,0,FALSE
CA-TVC,AMF,4,4,0,FALSE
CH-Crs,EUF,3,3,0,FALSE
CH-Frk,EUF,1,1,0,FALSE
CH-Rh1,EUF,3,3,0,FALSE
CH-Rh2,EUF,3,3,0,FALSE
CH-Rtb,EUF,3,3,0,FALSE
CH-Tnk,EUF,3,3,0,FALSE
CL-ACF,AMF,4,4,0,FALSE
CL-SDF,AMF,3,3,0,FALSE
CL-SDP,AMF,2,2,0,FALSE
CN-Aro,CNF,3,3,0,FALSE
CN-Ash,CNF,5,5,0,FALSE
CN-BeO,CNF,1,1,0,FALSE
CN-Dan,CNF,4,4,0,FALSE
CN-Dda,CNF,2,2,0,FALSE
CN-Din,CNF,3,3,0,FALSE
CN-Dmn,CNF,3,3,0,FALSE
CN-Dsh,CNF,3,3,0,FALSE
CN-Du2,CNF,1,1,0,FALSE
CN-Dzo,CNF,5,5,0,FALSE
CN-Erg,CNF,1,1,0,FALSE
CN-GuT,CNF,2,2,0,FALSE
CN-Ha2,CNF,4,4,0,FALSE
CN-HaW,CNF,4,4,0,FALSE
CN-HeD,CNF,3,3,0,FALSE
CN-HeM,CNF,3,3,0,FALSE
CN-Huz,CNF,3,3,0,FALSE
CN-Jng,CNF,3,3,0,FALSE
CN-Jzh,CNF,3,3,0,FALSE
CN-Lch,CNF,1,1,0,FALSE
CN-Mxn,CNF,1,1,0,FALSE
CN-Nmn,CNF,1,1,0,FALSE
CN-Qng,CNF,4,4,0,FALSE
CN-Sb1,FLX,3,3,0,FALSE
CN-Sb2,FLX,3,3,0,FALSE
CN-Sdq,CNF,3,3,0,FALSE
CN-Wnb,CNF,1,1,0,FALSE
CN-Xi2,CNF,1,1,0,FALSE
CN-YaS,CNF,1,1,0,FALSE
CN-Yan,CNF,4,4,0,FALSE
CN-You,CNF,3,3,0,FALSE
CN-Yuc,CNF,1,1,0,FALSE
CN-Zha,CNF,3,3,0,FALSE
CR-AqC,FLX,4,4,0,FALSE
CR-Fsc,AMF,2,2,0,FALSE
CZ-LnG,EUF,4,4,0,FALSE
CZ-RAJ,EUF,4,4,0,FALSE
CZ-Stn,EUF,3,3,0,FALSE
DE-Akm,EUF,2,2,0,FALSE
DE-Etn,EUF,3,3,0,FALSE
DE-RuC,EUF,2,2,0,FALSE
DE-RuM,EUF,2,2,0,FALSE
DE-SbM,EUF,2,2,0,FALSE
EE-Stg,EUF,2,2,0,FALSE
ES-Cnd,EUF,4,4,0,FALSE
ES-Crg,EUF,2,2,0,FALSE
ES-HdD,EUF,2,2,0,FALSE
ES-Hen,EUF,3,3,0,FALSE
ES-LM1,EUF,7,7,0,FALSE
ES-LM2,EUF,7,7,0,FALSE
ES-Mcd,EUF,2,2,0,FALSE
ES-MtB,EUF,5,5,0,FALSE
ES-Mzn,EUF,1,1,0,FALSE
ES-Pzb,EUF,1,1,0,FALSE
ES-Srn,EUF,1,1,0,FALSE
ES-TzM,EUF,4,4,0,FALSE
FI-Nsv,EUF,4,4,0,FALSE
FI-Pap,EUF,2,2,0,FALSE
FI-Qvd,EUF,3,3,0,FALSE
FI-Rk2,EUF,2,2,0,FALSE
FI-Ruk,EUF,6,6,0,FALSE
FI-Sar,EUF,2,2,0,FALSE
FR-Nzn,EUF,4,4,0,FALSE
ID-JOP,FLX,4,4,0,FALSE
IL-RmH,EUF,2,2,0,FALSE
IT-Arz,EUF,4,4,0,FALSE
JP-Fmt,JPF,2,2,0,FALSE
JP-Hc3,JPF,2,2,0,FALSE
JP-KaP,JPF,3,3,0,FALSE
JP-MBF,JPF,7,7,0,FALSE
JP-Sb1,JPF,1,1,0,FALSE
JP-Sb2,JPF,1,1,0,FALSE
JP-Shn,JPF,2,2,0,FALSE
JP-Tkb,JPF,4,4,0,FALSE
JP-Toc,JPF,3,3,0,FALSE
KE-Aq1,FLX,3,3,0,FALSE
KE-Aq2,FLX,3,3,0,FALSE
KE-Chk,FLX,5,5,0,FALSE
KE-Kpt,FLX,3,3,0,FALSE
KE-Mkt,FLX,5,5,0,FALSE
KH-Kmp,JPF,6,6,0,FALSE
KR-CmF,KOF,2,2,0,FALSE
KR-GmP,KOF,3,3,0,FALSE
KR-Nj1,KOF,3,3,0,FALSE
KR-SmM,KOF,2,2,0,FALSE
KR-TwB,KOF,1,1,0,FALSE
KR-TwC,KOF,1,1,0,FALSE
ML-Kem,FLX,3,3,0,FALSE
MN-Hst,JPF,6,6,0,FALSE
MN-Nkh,JPF,6,6,0,FALSE
MN-Udg,JPF,1,1,0,FALSE
MX-Aog,AMF,2,2,0,FALSE
MX-PMm,AMF,1,1,0,FALSE
MX-Tes,AMF,3,3,0,FALSE
NL-Hrw,EUF,3,3,0,FALSE
NL-Vkp,EUF,3,3,0,FALSE
NO-And,EUF,4,4,0,FALSE
NO-Fns,EUF,2,2,0,FALSE
NO-Ikr,EUF,1,1,0,FALSE
NZ-ADd,TERN,2,2,0,FALSE
NZ-ADw,TERN,2,2,0,FALSE
NZ-Lau,TERN,1,1,0,FALSE
NZ-Oxf,TERN,1,1,0,FALSE
PA-SPn,EUF,2,2,0,FALSE
PA-SPs,EUF,2,2,0,FALSE
PE-QFR,AMF,4,4,0,FALSE
PR-xGU,AMF,5,5,0,FALSE
PR-xLA,AMF,5,5,0,FALSE
RU-Fy2,EUF,1,1,0,FALSE
RU-Fy3,EUF,3,3,0,FALSE
RU-Fy4,EUF,4,4,0,FALSE
RU-NeB,JPF,1,1,0,FALSE
RU-NeC,JPF,1,1,0,FALSE
RU-NeF,JPF,1,1,0,FALSE
SE-HfM,EUF,1,1,0,FALSE
SE-Hmr,EUF,1,1,0,FALSE
SE-Srj,EUF,1,1,0,FALSE
SE-Trb,EUF,2,2,0,FALSE
SN-Nkr,EUF,4,4,0,FALSE
UK-Ags,EUF,6,6,0,FALSE
UK-BnB,EUF,7,7,0,FALSE
UK-CCr,EUF,7,7,0,FALSE
UK-Cvn,EUF,6,6,0,FALSE
UK-GaB,EUF,7,7,0,FALSE
UK-Gnn,EUF,7,7,0,FALSE
UK-Gwr,EUF,7,7,0,FALSE
UK-HgF,EUF,6,6,0,FALSE
UK-HpF,EUF,7,7,0,FALSE
US-A03,AMF,3,3,0,FALSE
US-A10,AMF,3,3,0,FALSE
US-A32,AMF,4,4,0,FALSE
US-A37,AMF,4,4,0,FALSE
US-A39,AMF,6,6,0,FALSE
US-A74,AMF,4,4,0,FALSE
US-ABa,AMF,6,6,0,FALSE
US-ABb,AMF,6,6,0,FALSE
US-ABc,AMF,5,5,0,FALSE
US-ABd,AMF,6,6,0,FALSE
US-ABe,AMF,6,6,0,FALSE
US-ADR,AMF,2,2,0,FALSE
US-AR1,AMF,3,3,0,FALSE
US-AR2,AMF,3,3,0,FALSE
US-ARM,AMF,3,3,0,FALSE
US-ARb,AMF,2,2,0,FALSE
US-ARc,AMF,2,2,0,FALSE
US-ASH,AMF,1,1,0,FALSE
US-ASM,AMF,1,1,0,FALSE
US-Akn,AMF,4,4,0,FALSE
US-Aud,AMF,2,2,0,FALSE
US-BRG,AMF,3,3,0,FALSE
US-BZB,AMF,2,2,0,FALSE
US-BZF,AMF,2,2,0,FALSE
US-BZo,AMF,2,2,0,FALSE
US-Bar,AMF,3,3,0,FALSE
US-CAK,AMF,3,3,0,FALSE
US-CF2,AMF,4,4,0,FALSE
US-CF3,AMF,4,4,0,FALSE
US-CF4,AMF,4,4,0,FALSE
US-CLF,AMF,3,3,0,FALSE
US-CMW,AMF,2,2,0,FALSE
US-CRK,AMF,7,7,0,FALSE
US-CRT,AMF,2,2,0,FALSE
US-CS2,AMF,3,3,0,FALSE
US-CS6,AMF,3,3,0,FALSE
US-CS8,AMF,3,3,0,FALSE
US-Ced,AMF,4,4,0,FALSE
US-ChR,AMF,3,3,0,FALSE
US-Cms,AMF,3,3,0,FALSE
US-Cop,AMF,1,1,0,FALSE
US-Cst,AMF,4,4,0,FALSE
US-Cwt,AMF,1,1,0,FALSE
US-DFC,AMF,6,6,0,FALSE
US-DFK,AMF,5,5,0,FALSE
US-DPW,AMF,2,2,0,FALSE
US-DS1,AMF,1,1,0,FALSE
US-DS2,AMF,2,2,0,FALSE
US-DS3,AMF,5,5,0,FALSE
US-Dix,AMF,4,4,0,FALSE
US-Dk1,AMF,3,3,0,FALSE
US-Dk2,AMF,3,3,0,FALSE
US-Dk3,AMF,3,3,0,FALSE
US-EA5,AMF,3,3,0,FALSE
US-EA6,AMF,5,5,0,FALSE
US-EKH,AMF,4,4,0,FALSE
US-EKN,AMF,4,4,0,FALSE
US-EKP,AMF,4,4,0,FALSE
US-EML,AMF,7,7,0,FALSE
US-Elm,AMF,3,3,0,FALSE
US-Esm,AMF,3,3,0,FALSE
US-EvM,AMF,3,3,0,FALSE
US-Fmf,AMF,2,2,0,FALSE
US-Fo1,AMF,3,3,0,FALSE
US-Fo2,AMF,2,2,0,FALSE
US-Fuf,AMF,2,2,0,FALSE
US-Fwf,AMF,2,2,0,FALSE
US-GLE,AMF,3,3,0,FALSE
US-HB1,AMF,5,5,0,FALSE
US-HB2,AMF,3,3,0,FALSE
US-HB3,AMF,3,3,0,FALSE
US-HB4,AMF,3,3,0,FALSE
US-HBK,AMF,3,3,0,FALSE
US-HRA,AMF,4,4,0,FALSE
US-HRC,AMF,3,3,0,FALSE
US-HVs,AMF,3,3,0,FALSE
US-HWB,AMF,2,2,0,FALSE
US-Hn2,AMF,4,4,0,FALSE
US-Hn3,AMF,4,4,0,FALSE
US-Hsm,AMF,4,4,0,FALSE
US-IAB,AMF,2,2,0,FALSE
US-IAC,AMF,2,2,0,FALSE
US-IAM,AMF,2,2,0,FALSE
US-ICh,AMF,4,4,0,FALSE
US-ICs,AMF,4,4,0,FALSE
US-ICt,AMF,4,4,0,FALSE
US-Jo1,AMF,3,3,0,FALSE
US-Jo2,AMF,2,2,0,FALSE
US-KFS,AMF,2,2,0,FALSE
US-KPL,AMF,1,1,0,FALSE
US-KS1,AMF,5,5,0,FALSE
US-KS2,AMF,5,5,0,FALSE
US-KS3,AMF,2,2,0,FALSE
US-Kon,AMF,3,3,0,FALSE
US-LA2,AMF,4,4,0,FALSE
US-LA3,AMF,3,3,0,FALSE
US-LS1,AMF,2,2,0,FALSE
US-Lin,AMF,3,3,0,FALSE
US-Los,AMF,2,2,0,FALSE
US-MBP,AMF,4,4,0,FALSE
US-MEF,AMF,2,2,0,FALSE
US-MMS,AMF,6,6,0,FALSE
US-MN1,AMF,5,5,0,FALSE
US-MN2,AMF,5,5,0,FALSE
US-MN3,AMF,5,5,0,FALSE
US-MOz,AMF,3,3,0,FALSE
US-MZA,AMF,2,2,0,FALSE
US-Me1,AMF,2,2,0,FALSE
US-Me3,AMF,3,3,0,FALSE
US-Me5,AMF,2,2,0,FALSE
US-Me6,AMF,4,4,0,FALSE
US-Me7,AMF,3,3,0,FALSE
US-Mo1,AMF,4,4,0,FALSE
US-Mo2,AMF,4,4,0,FALSE
US-Mo3,AMF,4,4,0,FALSE
US-Mpj,AMF,3,3,0,FALSE
US-MtB,AMF,3,3,0,FALSE
US-Myb,AMF,3,3,0,FALSE
US-NC1,AMF,2,2,0,FALSE
US-NC3,AMF,3,3,0,FALSE
US-NC5,AMF,5,5,0,FALSE
US-NGB,AMF,2,2,0,FALSE
US-NGC,AMF,2,2,0,FALSE
US-NR3,AMF,3,3,0,FALSE
US-NSa,AMF,4,4,0,FALSE
US-NSb,AMF,4,4,0,FALSE
US-Ne1,AMF,2,2,0,FALSE
US-Ne2,AMF,2,2,0,FALSE
US-Ne3,AMF,2,2,0,FALSE
US-ONA,AMF,2,2,0,FALSE
US-OPE,AMF,3,3,0,FALSE
US-OWC,AMF,4,4,0,FALSE
US-Oho,AMF,3,3,0,FALSE
US-PAS,AMF,3,3,0,FALSE
US-PFL,AMF,4,4,0,FALSE
US-PFb,AMF,4,4,0,FALSE
US-PFc,AMF,4,4,0,FALSE
US-PFd,AMF,4,4,0,FALSE
US-PFf,AMF,4,4,0,FALSE
US-PFg,AMF,4,4,0,FALSE
US-PFh,AMF,4,4,0,FALSE
US-PFi,AMF,4,4,0,FALSE
US-PFj,AMF,4,4,0,FALSE
US-PFk,AMF,4,4,0,FALSE
US-PFm,AMF,4,4,0,FALSE
US-PFn,AMF,4,4,0,FALSE
US-PFp,AMF,4,4,0,FALSE
US-PFq,AMF,4,4,0,FALSE
US-PFr,AMF,4,4,0,FALSE
US-PFt,AMF,4,4,0,FALSE
US-PLo,AMF,2,2,0,FALSE
US-PSH,AMF,1,1,0,FALSE
US-PSL,AMF,1,1,0,FALSE
US-Prr,AMF,6,6,0,FALSE
US-RC1,AMF,5,5,0,FALSE
US-RC2,AMF,5,5,0,FALSE
US-RC3,AMF,6,6,0,FALSE
US-RC4,AMF,6,6,0,FALSE
US-RC5,AMF,6,6,0,FALSE
US-RGA,AMF,3,3,0,FALSE
US-RGB,AMF,3,3,0,FALSE
US-RGF,AMF,3,3,0,FALSE
US-RGW,AMF,3,3,0,FALSE
US-RGo,AMF,3,3,0,FALSE
US-RRC,AMF,4,4,0,FALSE
US-Rls,AMF,2,2,0,FALSE
US-Rms,AMF,2,2,0,FALSE
US-Ro1,AMF,4,4,0,FALSE
US-Ro2,AMF,5,5,0,FALSE
US-Ro3,AMF,4,4,0,FALSE
US-Ro4,AMF,6,6,0,FALSE
US-Ro5,AMF,6,6,0,FALSE
US-Ro6,AMF,6,6,0,FALSE
US-Rwe,AMF,2,2,0,FALSE
US-Rwf,AMF,1,1,0,FALSE
US-Rws,AMF,2,2,0,FALSE
US-SD1,AMF,5,5,0,FALSE
US-SD2,AMF,5,5,0,FALSE
US-SHC,AMF,4,4,0,FALSE
US-SP1,AMF,4,4,0,FALSE
US-SRC,AMF,1,1,0,FALSE
US-SRG,AMF,1,1,0,FALSE
US-SRM,AMF,1,1,0,FALSE
US-SRS,AMF,2,2,0,FALSE
US-SSH,AMF,5,5,0,FALSE
US-Sag,AMF,3,3,0,FALSE
US-Seg,AMF,3,3,0,FALSE
US-Ses,AMF,3,3,0,FALSE
US-Slt,AMF,4,4,0,FALSE
US-Sne,AMF,4,4,0,FALSE
US-Snf,AMF,4,4,0,FALSE
US-StJ,AMF,2,2,0,FALSE
US-Sta,AMF,3,3,0,FALSE
US-Syv,AMF,2,2,0,FALSE
US-TKs,AMF,2,2,0,FALSE
US-TLR,AMF,2,2,0,FALSE
US-TaS,AMF,3,3,0,FALSE
US-Ton,AMF,3,3,0,FALSE
US-Tw1,AMF,4,4,0,FALSE
US-Tw2,AMF,5,5,0,FALSE
US-Tw3,AMF,6,6,0,FALSE
US-Tw4,AMF,6,6,0,FALSE
US-Tw5,AMF,4,4,0,FALSE
US-Twt,AMF,4,4,0,FALSE
US-UC1,AMF,2,2,0,FALSE
US-UC2,AMF,2,2,0,FALSE
US-UMd,AMF,4,4,0,FALSE
US-UTB,AMF,3,3,0,FALSE
US-UTD,AMF,3,3,0,FALSE
US-UTE,AMF,3,3,0,FALSE
US-UTJ,AMF,3,3,0,FALSE
US-UTL,AMF,4,4,0,FALSE
US-UTM,AMF,3,3,0,FALSE
US-UTP,AMF,3,3,0,FALSE
US-UTV,AMF,3,3,0,FALSE
US-UTW,AMF,3,3,0,FALSE
US-UiA,AMF,5,5,0,FALSE
US-UiB,AMF,5,5,0,FALSE
US-UiC,AMF,5,5,0,FALSE
US-UiD,AMF,5,5,0,FALSE
US-UiE,AMF,4,4,0,FALSE
US-UiF,AMF,4,4,0,FALSE
US-UiG,AMF,4,4,0,FALSE
US-VT1,AMF,5,5,0,FALSE
US-VT2,AMF,5,5,0,FALSE
US-Var,AMF,3,3,0,FALSE
US-Vcm,AMF,3,3,0,FALSE
US-Vcp,AMF,3,3,0,FALSE
US-WCr,AMF,2,2,0,FALSE
US-WPT,AMF,2,2,0,FALSE
US-WT1,AMF,1,1,0,FALSE
US-Whs,AMF,2,2,0,FALSE
US-Wjs,AMF,3,3,0,FALSE
US-Wkg,AMF,1,1,0,FALSE
US-YK1,AMF,3,3,0,FALSE
US-YK2,AMF,3,3,0,FALSE
US-ZF2,AMF,3,3,0,FALSE
US-xAB,AMF,5,5,0,FALSE
US-xAE,AMF,5,5,0,FALSE
US-xBA,AMF,5,5,0,FALSE
US-xBL,AMF,5,5,0,FALSE
US-xBN,AMF,5,5,0,FALSE
US-xCL,AMF,5,5,0,FALSE
US-xCP,AMF,5,5,0,FALSE
US-xDC,AMF,5,5,0,FALSE
US-xDJ,AMF,5,5,0,FALSE
US-xDL,AMF,5,5,0,FALSE
US-xDS,AMF,5,5,0,FALSE
US-xGR,AMF,5,5,0,FALSE
US-xHE,AMF,5,5,0,FALSE
US-xJE,AMF,5,5,0,FALSE
US-xJR,AMF,5,5,0,FALSE
US-xKZ,AMF,5,5,0,FALSE
US-xLE,AMF,5,5,0,FALSE
US-xMB,AMF,5,5,0,FALSE
US-xML,AMF,5,5,0,FALSE
US-xNG,AMF,5,5,0,FALSE
US-xNQ,AMF,5,5,0,FALSE
US-xNW,AMF,5,5,0,FALSE
US-xPU,AMF,5,5,0,FALSE
US-xRM,AMF,5,5,0,FALSE
US-xRN,AMF,5,5,0,FALSE
US-xSB,AMF,5,5,0,FALSE
US-xSC,AMF,5,5,0,FALSE
US-xSE,AMF,5,5,0,FALSE
US-xSJ,AMF,5,5,0,FALSE
US-xSL,AMF,5,5,0,FALSE
US-xSP,AMF,5,5,0,FALSE
US-xSR,AMF,5,5,0,FALSE
US-xST,AMF,5,5,0,FALSE
US-xTE,AMF,5,5,0,FALSE
US-xTL,AMF,5,5,0,FALSE
US-xTR,AMF,5,5,0,FALSE
US-xUK,AMF,5,5,0,FALSE
US-xUN,AMF,5,5,0,FALSE
US-xWD,AMF,5,5,0,FALSE
US-xWR,AMF,5,5,0,FALSE
US-xYE,AMF,5,5,0,FALSE
VU-Coc,FLX,1,1,0,FALSE
AU-DaP,TERN,2,1,-1,FALSE
AU-DaS,TERN,2,1,-1,FALSE
AU-Fog,TERN,2,1,-1,FALSE
AU-GWW,TERN,2,1,-1,FALSE
AU-How,TERN,2,1,-1,FALSE
AU-MvA,TERN,2,1,-1,FALSE
AU-MvB,TERN,2,1,-1,FALSE
AU-Otw,TERN,2,1,-1,FALSE
AU-RDF,TERN,2,1,-1,FALSE
AU-Rgf,TERN,2,1,-1,FALSE
AU-Rig,TERN,2,1,-1,FALSE
AU-Stp,TERN,2,1,-1,FALSE
AU-Wac,TERN,2,1,-1,FALSE
AU-Wel,TERN,2,1,-1,FALSE
AU-Wrr,TERN,2,1,-1,FALSE
AU-Ync,TERN,2,1,-1,FALSE
ES-Abr,EUF,5,4,-1,FALSE
ES-FtD,EUF,5,4,-1,FALSE
ES-MtN,EUF,5,4,-1,FALSE
IE-Cra,ICOS,2,1,-1,FALSE
IT-BsB,EUF,4,3,-1,FALSE
JP-NsC,JPF,2,1,-1,FALSE
JP-NsM,JPF,2,1,-1,FALSE
JP-Om2,JPF,2,1,-1,FALSE
JP-Srk,JPF,2,1,-1,FALSE
JP-Yms,JPF,4,3,-1,FALSE
KR-Hnm,KOF,4,3,-1,FALSE
KR-Kw2,KOF,4,3,-1,FALSE
MN-Kbu,JPF,2,1,-1,FALSE
NZ-BFm,TERN,2,1,-1,FALSE
NZ-BFu,TERN,2,1,-1,FALSE
NZ-Kop,TERN,2,1,-1,FALSE
NZ-ScF,TERN,2,1,-1,FALSE
US-CGG,AMF,3,2,-1,FALSE
US-CS1,AMF,3,2,-1,FALSE
US-CS3,AMF,3,2,-1,FALSE
US-CS4,AMF,3,2,-1,FALSE
US-CS5,AMF,3,2,-1,FALSE
US-CdM,AMF,4,3,-1,FALSE
US-Dmg,AMF,5,4,-1,FALSE
US-EA4,AMF,5,4,-1,FALSE
US-Ha1,AMF,3,2,-1,FALSE
US-Ho2,AMF,4,3,-1,FALSE
US-Ho3,AMF,4,3,-1,FALSE
US-NC2,AMF,6,5,-1,FALSE
US-NC4,AMF,6,5,-1,FALSE
US-NR1,AMF,5,4,-1,FALSE
US-Srr,AMF,6,5,-1,FALSE
AT-Neu,EUF,3,1,-2,FALSE
AT-Nsd,EUF,4,2,-2,FALSE
AT-PsM,EUF,4,2,-2,FALSE
AU-Dry,TERN,2,0,-2,FALSE
AU-Emr,TERN,3,1,-2,FALSE
AU-Fle,TERN,3,1,-2,FALSE
AU-Gin,TERN,3,1,-2,FALSE
AU-TTE,TERN,3,1,-2,FALSE
BE-Lcr,EUF,5,3,-2,FALSE
CG-Tch,EUF,4,2,-2,FALSE
CN-Lsh,JPF,4,2,-2,FALSE
DE-Amv,ICOS,4,2,-2,FALSE
DE-Hdn,EUF,6,4,-2,FALSE
DE-Hte,EUF,4,2,-2,FALSE
DE-Lkb,EUF,4,2,-2,FALSE
DE-Obe,EUF,4,2,-2,FALSE
DE-Seh,EUF,4,2,-2,FALSE
DE-Spw,EUF,4,2,-2,FALSE
DK-Gds,ICOS,4,2,-2,FALSE
DK-Skj,ICOS,4,2,-2,FALSE
EE-Pts,EUF,4,2,-2,FALSE
EE-Rng,EUF,4,2,-2,FALSE
ES-Ln2,EUF,2,0,-2,FALSE
FR-Mau,EUF,4,2,-2,FALSE
GH-Ank,EUF,4,2,-2,FALSE
GL-Dsk,ICOS,4,2,-2,FALSE
GL-NuF,ICOS,4,2,-2,FALSE
ID-PaB,JPF,4,2,-2,FALSE
IE-CaC,EUF,5,3,-2,FALSE
IE-CaN,EUF,5,3,-2,FALSE
IT-NiG,EUF,5,3,-2,FALSE
JP-Hc2,JPF,4,2,-2,FALSE
JP-Mse,JPF,4,2,-2,FALSE
JP-Nkm,JPF,2,0,-2,FALSE
JP-SMF,JPF,4,2,-2,FALSE
JP-Spp,JPF,4,2,-2,FALSE
JP-Ta2,JPF,4,2,-2,FALSE
JP-Tgf,JPF,2,0,-2,FALSE
JP-Tmd,JPF,4,2,-2,FALSE
JP-Tmk,JPF,4,2,-2,FALSE
NZ-Cla,TERN,3,1,-2,FALSE
RU-Ha1,EUF,4,2,-2,FALSE
RU-Tur,JPF,4,2,-2,FALSE
SD-Dem,EUF,4,2,-2,FALSE
SE-Ros,EUF,5,3,-2,FALSE
TH-Kog,JPF,4,2,-2,FALSE
TH-Mae,JPF,4,2,-2,FALSE
US-ALQ,AMF,4,2,-2,FALSE
US-EDN,AMF,3,1,-2,FALSE
US-KLS,AMF,2,0,-2,FALSE
US-LS2,AMF,2,0,-2,FALSE
ZA-BfK,SAEON,6,4,-2,FALSE
ZA-BfS,SAEON,6,4,-2,FALSE
ZA-Uby,SAEON,4,2,-2,FALSE
AU-Tum,TERN,4,1,-3,FALSE
AU-Whr,TERN,4,1,-3,FALSE
CH-Oe1,EUF,4,1,-3,FALSE
DE-Gwg,ICOS,6,3,-3,FALSE
DE-Zrk,EUF,6,3,-3,FALSE
DK-Vng,ICOS,6,3,-3,FALSE
ES-Gdn,EUF,6,3,-3,FALSE
ES-Yst,EUF,6,3,-3,FALSE
FR-FBn,ICOS,6,3,-3,FALSE
GF-Guy,ICOS,6,3,-3,FALSE
HK-MPM,FLX,3,0,-3,FALSE
IT-MtM,EUF,3,0,-3,FALSE
IT-MtP,EUF,3,0,-3,FALSE
IT-PT1,EUF,3,0,-3,FALSE
IT-TrF,ICOS,6,3,-3,FALSE
JP-BBY,JPF,6,3,-3,FALSE
JP-Fjy,JPF,8,5,-3,FALSE
JP-Kzw,JPF,6,3,-3,FALSE
JP-Tak,JPF,8,5,-3,FALSE
JP-Ynf,JPF,6,3,-3,FALSE
KR-AdC,KOF,6,3,-3,FALSE
KR-GmR,KOF,6,3,-3,FALSE
KR-GmS,KOF,6,3,-3,FALSE
KR-HcM,KOF,6,3,-3,FALSE
KR-JjM,KOF,6,3,-3,FALSE
KR-Nj2,KOF,6,3,-3,FALSE
KR-PcD,KOF,6,3,-3,FALSE
KR-ScC,KOF,6,3,-3,FALSE
KR-UAO,KOF,6,3,-3,FALSE
KR-WdE,KOF,6,3,-3,FALSE
NO-Hur,ICOS,8,5,-3,FALSE
RU-Ch2,EUF,6,3,-3,FALSE
RU-Fyo,EUF,4,1,-3,FALSE
SN-Dhr,EUF,6,3,-3,FALSE
US-ZF1,AMF,3,0,-3,FALSE
DE-SfS,EUF,8,4,-4,FALSE
DK-Eng,EUF,4,0,-4,FALSE
DK-Fou,EUF,4,0,-4,FALSE
ES-LJu,EUF,8,4,-4,FALSE
ES-LgS,EUF,4,0,-4,FALSE
FR-EM2,ICOS,8,4,-4,FALSE
ID-PaD,JPF,4,0,-4,FALSE
IT-CA1,EUF,8,4,-4,FALSE
IT-SRo,EUF,5,1,-4,FALSE
JP-MMF,JPF,10,6,-4,FALSE
JP-Tef,JPF,6,2,-4,FALSE
KR-CRK,KOF,8,4,-4,FALSE
MY-LHP,JPF,8,4,-4,FALSE
RU-Sk2,JPF,10,6,-4,FALSE
ZA-Jks,SAEON,8,4,-4,FALSE
ZA-Spk,SAEON,8,4,-4,FALSE
ZM-Mon,EUF,6,2,-4,FALSE
DE-Msr,ICOS,10,5,-5,FALSE
DK-Sor,ICOS,12,7,-5,FALSE
ES-LMa,ICOS,10,5,-5,FALSE
FI-Jok,EUF,8,3,-5,FALSE
FI-Si2,EUF,5,0,-5,FALSE
FI-Var,ICOS,10,5,-5,FALSE
FR-Mej,ICOS,8,3,-5,FALSE
ID-Pag,JPF,10,5,-5,FALSE
IT-CA3,EUF,10,5,-5,FALSE
US-xHA,AMF,5,0,-5,FALSE
US-xKA,AMF,5,0,-5,FALSE
US-xTA,AMF,5,0,-5,FALSE
AT-Zoe,EUF,10,4,-6,FALSE
CN-HaM,JPF,12,6,-6,FALSE
CZ-BK2,EUF,8,2,-6,FALSE
DK-RCW,ICOS,12,6,-6,FALSE
ES-VDA,EUF,9,3,-6,FALSE
FR-Pue,ICOS,14,8,-6,FALSE
IL-Yat,EUF,9,3,-6,FALSE
IT-Lsn,ICOS,10,4,-6,FALSE
IT-Tor,ICOS,8,2,-6,FALSE
JP-Fhk,JPF,12,6,-6,FALSE
SJ-Adv,EUF,6,0,-6,FALSE
CH-For,EUF,7,0,-7,FALSE
DE-Har,ICOS,12,5,-7,FALSE
FR-Hes,ICOS,14,7,-7,FALSE
IT-CA2,EUF,12,5,-7,FALSE
IT-MBo,ICOS,14,7,-7,FALSE
IT-SR2,ICOS,16,9,-7,FALSE
DE-Lnf,EUF,12,4,-8,FALSE
FR-Lam,ICOS,14,6,-8,FALSE
IT-BFt,ICOS,12,4,-8,FALSE
DE-Fen,ICOS,12,3,-9,FALSE
DE-Tha,ICOS,18,9,-9,FALSE
FI-Let,ICOS,16,7,-9,FALSE
FR-Aur,ICOS,22,13,-9,FALSE
FR-Gri,ICOS,18,9,-9,FALSE
IT-Niv,ICOS,14,5,-9,FALSE
JP-Khw,JPF,18,9,-9,FALSE
RU-SkP,JPF,15,6,-9,FALSE
CZ-wet,ICOS,18,8,-10,FALSE
DE-Brs,ICOS,12,2,-10,FALSE
DE-Geb,ICOS,14,4,-10,FALSE
DE-Gri,ICOS,16,6,-10,FALSE
DE-Hzd,ICOS,16,6,-10,FALSE
DE-Kli,ICOS,16,6,-10,FALSE
DE-RuR,ICOS,16,6,-10,FALSE
NL-Loo,ICOS,16,6,-10,FALSE
RU-Che,EUF,15,5,-10,FALSE
DE-GsB,ICOS,18,7,-11,FALSE
FI-Ken,ICOS,18,7,-11,FALSE
FI-Sii,ICOS,20,9,-11,FALSE
FR-Tou,ICOS,14,3,-11,FALSE
BE-Bra,ICOS,24,12,-12,FALSE
BE-Maa,ICOS,18,6,-12,FALSE
BE-Vie,ICOS,34,22,-12,FALSE
DE-RuS,ICOS,20,8,-12,FALSE
ES-Agu,EUF,15,3,-12,FALSE
ES-Amo,EUF,15,3,-12,FALSE
ES-Pdu,EUF,12,0,-12,FALSE
FI-Ant,ICOS,22,9,-13,FALSE
IT-BCi,ICOS,26,13,-13,FALSE
DE-RuW,ICOS,20,6,-14,FALSE
FR-Bil,ICOS,22,8,-14,FALSE
GL-ZaF,ICOS,18,4,-14,FALSE
IT-Cp2,ICOS,20,6,-14,FALSE
SE-Htm,ICOS,20,6,-14,FALSE
BE-Lon,ICOS,46,31,-15,FALSE
FR-CLt,ICOS,24,9,-15,FALSE
FR-LBr,EUF,18,3,-15,FALSE
GL-ZaH,ICOS,16,1,-15,FALSE
IT-Noe,ICOS,20,5,-15,FALSE
SE-Nor,ICOS,20,5,-15,FALSE
FI-Sod,ICOS,26,10,-16,FALSE
BE-Dor,ICOS,30,13,-17,FALSE
CD-Ygb,ICOS,28,11,-17,FALSE
CZ-Lnz,ICOS,30,12,-18,FALSE
FI-Hyy,ICOS,28,10,-18,FALSE
IT-Ren,ICOS,26,8,-18,FALSE
FR-Lqu,ICOS,30,10,-20,FALSE
FR-Lus,ICOS,26,6,-20,FALSE
FR-Fon,ICOS,28,7,-21,FALSE
DE-HoH,ICOS,30,8,-22,FALSE
UK-AMo,ICOS,36,14,-22,FALSE
CH-Oe2,EUF,28,5,-23,FALSE
CZ-BK1,ICOS,38,14,-24,FALSE
DE-Hai,ICOS,28,4,-24,FALSE
IT-Lav,EUF,30,6,-24,FALSE
SE-St1,EUF,28,4,-24,FALSE
FR-LGt,ICOS,34,7,-27,FALSE
CH-Aws,EUF,32,4,-28,FALSE
CH-Fru,EUF,32,3,-29,FALSE
SE-Deg,ICOS,38,9,-29,FALSE
IT-Cpz,EUF,30,0,-30,FALSE
CH-Cha,EUF,36,5,-31,FALSE
SE-Sto,ICOS,42,8,-34,FALSE
SE-Svb,ICOS,42,8,-34,FALSE
CH-Lae,EUF,44,4,-40,FALSE
IT-Ro2,EUF,40,0,-40,FALSE
IT-Ro1,EUF,42,0,-42,FALSE
CH-Dav,ICOS,68,21,-47,FALSE
