site_id,n_own_years,tower_nee,tower_half_width,model_median,model_min,model_max,n_models,diff_tower_minus_model
AR-CCa,7,-292.76136173952,12.11955843744002,-75.81914104582519,-295.7775582103131,45.70071219517824,17,-216.94222069369482
AR-CCg,3,-165.74890628159997,39.09763759968001,-79.1919383605794,-335.1295333314128,66.32666306292276,17,-86.55696792102057
AR-TF1,3,-91.28409343487999,5.1398751312,-20.76353166299104,-48.753460449218764,21.2808329264323,17,-70.52056177188895
AR-TF2,2,-14.410477445759994,9.994841854272003,-21.376395651811286,-71.84474793830785,34.324722836303636,17,6.965918206051292
AT-Neu,19,522.2333910507671,77.81042272278901,-51.88919125530167,-198.37554528578514,20.38148874452376,17,574.1225823060687
AT-Nsd,3,191.34891599327997,13.256156882879992,-92.36858724899503,-229.6269805137194,29.82228919628473,17,283.71750324227503
AT-PsM,5,80.04704132448,23.82843592350719,-81.14481217516186,-141.66185592636566,-15.613500254570022,17,161.19185349964187
AT-Zoe,6,-475.7669366243657,34.020546045284505,-85.68568879883337,-155.68509856161705,2.3267189363374015,17,-390.08124782553233
AU-ASM,11,-132.30474530639316,5.118044674643407,-2.159750383622182,-51.03397729307885,3.808586110916078,17,-130.144994922771
AU-Ade,3,-441.5343665414399,22.03430646527997,-52.895458214228796,-290.69629160721445,25.912951041052438,17,-388.6389083272111
AU-Boy,4,-388.3410614882263,13.443767644752,-19.141490967549984,-173.47549613238536,47.38861600150882,17,-369.1995705206763
AU-Col,3,-214.89179973119997,60.63627100435198,-51.14014266998291,-139.1571124869786,28.03847743204743,17,-163.75165706121706
AU-Cow,12,-703.4651947127156,77.60815121918256,-84.02692394206758,-179.7163753241576,-33.2253860995382,17,-619.438270770648
AU-Cpr,11,-199.82492987841272,5.061915360275023,-1.6443755353095908,-46.356438688856784,14.515482544489608,17,-198.18055434310313
AU-Ctr,9,90.68298369490287,114.8494943709257,-80.1661681938833,-173.81078327657056,-11.16208687724801,17,170.84915188878617
AU-Cum,7,-367.5981987468916,21.570209333568016,-40.66911592087763,-136.6543134453414,40.23106481296874,17,-326.929082826014
AU-DaP,6,-201.14830414079998,36.782878204799985,-73.79906239271568,-237.5173293157016,4.2312712045877605,17,-127.3492417480843
AU-DaS,13,-380.31271943842006,47.25215015365717,-47.07791771182728,-172.68313131389382,6.196786355869305,17,-333.23480172659276
AU-Dry,11,-409.44963746607294,22.929566771126076,-73.70357096319971,-231.1194039878159,7.411133715420605,17,-335.74606650287325
AU-Emr,3,73.85074584191999,7.8196450636799995,-48.795547973115916,-276.2367401715868,92.75098205678529,17,122.6462938150359
AU-Fog,3,-490.2394608230399,17.567308494720038,-70.36938490405282,-303.94406935500587,9.50539352635416,17,-419.8700759189871
AU-GWW,8,-240.69150997681945,7.300707468506175,-10.121624920627616,-84.45133710847067,10.622504773286446,17,-230.56988505619182
AU-Gin,10,-431.3495547610977,18.179874253287466,-16.348944291704633,-83.30558970876623,48.13666445593266,17,-415.00061046939305
AU-How,19,-761.5323518266719,40.30468769953518,-77.8209074392126,-217.92895276364783,4.1845478258634845,17,-683.7114443874592
AU-Lit,6,-437.11410173472007,59.41532631801604,-52.79961362387209,-229.29931889951447,63.50041592200806,17,-384.31448811084795
AU-Lon,3,-132.77238837984,19.063202271033575,-13.060769638303142,-97.50328497958922,5.640654742859134,17,-119.71161874153687
AU-Otw,4,-274.77785205503994,25.722018426240027,-59.021643669128636,-244.25241088867202,38.3096289554483,17,-215.7562083859113
AU-RDF,3,321.0642614016,55.482186384000045,-71.13117489094391,-219.3694998026851,0.0010060474710162307,17,392.1954362925439
AU-Rgf,5,-57.51503455762284,18.22449007460571,-19.847726889193027,-182.70403414988323,43.92723738936435,17,-37.667307668429814
AU-Rig,7,-139.08795810706286,7.2593581454043346,-44.09129942817141,-183.1891512610561,17.191318045816747,17,-94.99665867889145
AU-Rob,8,-1047.0528517862667,43.80046137481838,-61.94727976579765,-234.89740074649944,-6.664782209543708,17,-985.105572020469
AU-Sam,8,-145.70635772952,34.27236505621028,-80.07813988932716,-181.63996288578122,6.0470462951941,17,-65.62821784019283
AU-Sil,1,-28.913014768896016,9.758813468543996,-64.70477817474355,-278.4371599539693,69.81797959982953,17,35.79176340584753
AU-Stp,13,-84.3784323066277,12.553093004415864,-28.27644728903891,-175.24757285674747,6.887493474776826,17,-56.10198501758879
AU-Wac,4,-1772.472951936,56.76056726400009,-24.729243095487767,-83.9461142762253,50.35636740106601,17,-1747.7437088405122
AU-Whr,9,-404.1430603632,21.88029106738287,-33.5436569606077,-126.13623445852444,14.745852322248503,17,-370.5994034025923
AU-Wom,11,-1258.578905888216,43.7506921371928,-54.650348852906724,-155.03400353647444,14.403840411078901,17,-1203.9285570353093
AU-Wrr,8,-99.90387431374633,48.71891721512777,-54.05107130365024,-143.40120023315453,25.785970109998324,17,-45.85280301009609
AU-Ync,9,-133.775185810176,10.47046824796449,-19.05801095169579,-115.03611471751718,31.922906220070256,17,-114.7171748584802
BE-Bra,20,-151.95352303091784,20.19967169307438,-72.00525417622752,-198.54488378614522,97.00495519535008,17,-79.94826885469031
BE-Dor,10,-77.14650561768474,19.81436926457354,-48.31473524624342,-230.60880191664583,62.42904927869895,17,-28.831770371441316
BE-Lcr,2,-342.5592650976,29.97682779887998,-61.71641699545128,-273.13212438843595,63.04682562160403,17,-280.84284810214876
BE-Lon,17,-361.1485691927115,15.83801457087344,-51.55277626268001,-260.388002506444,69.0810181458646,17,-309.59579293003145
BE-Maa,5,6.4916828536320175,5.192586630143994,-45.648976119229886,-180.1170916582837,109.53122971679495,17,52.1406589728619
BE-Vie,25,-488.02508675397326,23.716839027418445,-94.66019604976482,-217.73776380818433,4.302362494502348,17,-393.36489070420845
BJ-Bfg,10,-788.7604218669258,65.1803125638856,-72.61681586562501,-181.34705406135254,-8.29719643636476,17,-716.1436060013008
BJ-Nhu,10,-164.02349056780804,41.01652552015544,-69.46156622090656,-169.68769934082033,8.66823808593747,17,-94.56192434690148
BR-ITA,1,-141.0121835712,39.66340506048,-67.19582557443378,-194.60902310190102,121.18052203150437,17,-73.81635799676623
BR-Ji3,7,-1478.4545528639999,73.85008265279998,-28.058169661586184,-185.7243901678949,124.91431702423975,17,-1450.3963832024137
BR-Ma2,17,-473.63639727961515,173.05408389314022,-65.89889519364374,-163.20882091379687,-17.811073598171298,17,-407.7375020859714
BR-Ma3,10,-920.9942506458514,162.6927494130515,-58.39321830705445,-170.93279355279697,45.91281340049805,17,-862.6010323387969
BR-Npw,4,-417.31852484160004,70.46341375391998,-61.234703922363316,-231.5626531137694,61.975689023891135,17,-356.0838209192367
BR-Sa1,8,353.1411497046857,69.31808389851432,-70.20876388075563,-207.5479656008295,62.1657631489109,17,423.3499135854413
BR-Sa3,5,-133.2686860416,56.77768483200001,-50.3212756931251,-156.82429345632784,35.08664930914048,17,-82.9474103484749
BR-Xpw,3,268.32666550809597,39.19570097932801,-17.925526857991482,-155.0715972524414,79.5258968534547,17,286.25219236608746
CA-ARB,10,-53.777919771857455,2.6876960029178214,-28.412427442251442,-97.27333572412108,7.904018807812546,17,-25.365492329606013
CA-ARF,10,-17.462803234286774,2.379486635313226,-28.475109382177923,-97.86564912316884,7.365522894116478,17,11.012306147891149
CA-Ca1,13,-345.69275413513844,29.27134987155688,-35.38334172664482,-98.39500472633193,10.89663722222049,17,-310.30941240849364
CA-Ca2,11,579.8129367995346,21.66329911077827,-30.276543916645355,-91.19481162431522,13.380278500360298,17,610.0894807161799
CA-Cbo,24,-320.1404825361658,34.985252395686956,-51.61478233977119,-172.46324614301477,17.063265864482812,17,-268.5257001963946
CA-DB2,2,4.879304307072001,31.4051987808,-53.88201538922009,-185.74814419349389,1.2029103495604572,17,58.76131969629209
CA-DBB,6,-23.25071071740342,28.745597888639995,-56.37304845972368,-127.41713417020327,0.5741728531545114,17,33.122337742320255
CA-Gro,12,-121.99151359400723,14.398725220819173,-59.002714367690814,-123.70374305367791,-8.929363323870145,17,-62.98879922631642
CA-Man,14,-20.73741946368498,6.369523015979222,-31.378063924259163,-97.9728950542522,-11.324292117599645,17,10.640644460574183
CA-Mer,23,-86.50937814338317,9.964885581715812,-46.18722750162675,-149.43362585575036,-15.001545715005557,17,-40.32215064175642
CA-Qfo,8,4.4611868818285725,12.793590464914288,-39.04980861877444,-75.12933323796076,-1.1826811473080119,17,43.510995500603016
CA-SJ2,6,128.838406830336,8.707864010975989,-46.74046691538494,-152.29608218373616,28.68898146870932,17,175.57887374572095
CA-TP1,18,167.60264163915645,31.468553021176433,-54.05507480621339,-171.33689097425673,60.575186747062304,17,221.65771644536983
CA-TP2,5,-858.3705212716801,40.86357950304,-55.59486737507832,-136.13371850793334,69.59901480417959,17,-802.7756538966017
CA-TP3,18,-557.0552981135846,15.074476717088771,-51.957728808932565,-162.40441975029816,64.5758571292317,17,-505.09756930465204
CA-TP4,18,-133.2442739187999,29.59235661536598,-52.423624142116886,-162.7892942206488,64.24086695430218,17,-80.82064977668301
CA-TPA,1,-266.13943507584,23.18206881024001,-32.13481372593523,-186.6715833471976,49.971892302591,17,-234.0046213499048
CA-TPD,9,-180.37052927643924,26.57513876783301,-58.075079400634934,-177.34674066365548,53.986772569633466,17,-122.29544987580431
CD-Ygb,1,257.22775474272004,92.73462417734405,-65.61125546764669,-234.7029322333369,-0.03576192908236209,17,322.8390102103667
CG-Tch,4,-187.16456113343997,7.203741847199979,-76.48160962587998,-171.27626037597656,77.489288330078125,17,-110.68295150755999
CH-Aws,14,-274.6759073712975,46.385678539923234,-45.01507010899256,-172.64830627324082,-0.9085204418382081,17,-229.66083726230494
CH-Cha,15,52.38358795705772,99.83926594228944,-49.41210867404167,-162.47144811764244,20.546794809726983,17,101.79569663109939
CH-Crs,2,-86.11644055680003,66.68606278656002,-53.532578367553654,-209.89882551135227,6.262611558837679,17,-32.583862189246375
CH-Dav,24,-260.46620829922807,100.71264465371209,-53.35844182103437,-155.3032379877536,-0.34025088840963996,17,-207.1077664781937
CH-Fru,16,-315.01147961302456,142.70090502407083,-52.59688312826457,-152.2856515341062,6.2864263112509535,17,-262.41459648476
CH-Lae,17,-217.84929259573536,105.64434183964448,-67.06492330672431,-176.5116414138109,-5.322864738685322e-4,17,-150.78436928901107
CH-Oe1,10,-334.29920381406714,17.489130380640034,-78.52412727992683,-166.11941474276125,6.036137571269056,17,-255.7750765341403
CH-Oe2,17,-21.931805787238005,28.299715180706194,-63.63380370258922,-166.0166031110338,4.455822156921352,17,41.701997915351214
CH-Oe3,10,-281.6069044565211,28.11487588214402,-78.53710866230055,-166.10139890303017,6.158860937988422,17,-203.0697957942205
CH-Rh1,3,214.83474301151998,100.68525064215358,-71.33656209309848,-226.46191355387367,-0.9004079173156333,17,286.17130510461845
CH-Rh2,3,-414.95347154880005,110.99987149536003,-71.33656209309848,-226.46191355387367,-0.9004079173156333,17,-343.6169094557016
CH-Rtb,12,-505.4831988581907,50.50688433150384,-68.37587034288774,-164.6331211167006,-0.23378546044156936,17,-437.1073285153029
CL-SDF,7,-163.33841977344,35.4529652822208,-74.70015038190554,-195.57848806347667,26.087865710728202,17,-88.63826939153445
CL-SDP,7,42.63114596140801,8.596592346239987,-74.91810486711786,-195.28886501981017,26.07996333884977,17,117.54925082852587
CN-Aro,8,-352.7599061825281,24.433958530786896,-23.644402098678416,-70.2189397484365,2.729002291701798,17,-329.11550408384966
CN-Ash,11,-1461.0853211149963,61.104782226501925,-81.52654998206592,-221.01643305097357,-16.369846338858743,17,-1379.5587711329304
CN-BeO,9,-48.069669188962266,41.10591305221715,-56.08468180018945,-180.56385876125813,37.487173881047354,17,8.015012611227185
CN-Dda,3,-110.29059591551999,2.45760794496001,-14.881325651050451,-130.73874214959665,8.716914878650899,17,-95.40927026446954
CN-Dmn,9,-703.7716394224201,29.17888512435661,-15.91417367010003,-85.79185392864689,0.5354683785740073,17,-687.8574657523201
CN-Dsh,8,-306.3070890057207,10.059891606182447,-6.412129246398846,-171.0886213832306,0.01914024803612682,17,-299.89495975932186
CN-Du2,8,-104.03697452179887,16.191894186514283,-33.69045445904314,-172.57256629098643,14.285496915215496,17,-70.34652006275573
CN-Dzo,9,-1006.6979438138056,60.74145542874851,-101.1199914550779,-247.33133554687427,-38.05346045057522,17,-905.5779523587278
CN-Erg,3,-28.829835999359986,23.59087204319999,-29.271856971112744,-134.35208534940443,57.21983039907101,17,0.4420209717527577
CN-Ha2,9,-268.174704121056,15.389599636655973,-26.581172445823842,-87.36806259428856,2.05112935938928,17,-241.59353167523213
CN-HaM,14,-215.8747560119314,9.136436110169157,-29.316143511408626,-76.38972366872974,2.428238117085188,17,-186.55861250052277
CN-HaW,6,-308.89373510304,21.43622906351999,-25.44264204325701,-78.71409962201305,2.0044131299140098,17,-283.451093059783
CN-HeD,2,15.649255956960001,2.6388432406368008,0.08990958685035608,-3.884041069281013,11.63447667781219,17,15.559346370109646
CN-HeM,8,-400.85591680629807,24.807184259904005,3.035440180506592e-4,-3.2268571699434205,4.976053998265682,17,-400.8562203503161
CN-Huz,6,-228.29881559904,4.802304602879957,-22.34699483661259,-108.30888014203899,1.0710510661788435,17,-205.95182076242742
CN-Jng,3,-169.51814193887998,10.123532273951994,-39.17525507414658,-129.38519508345476,7.460975989036804,17,-130.3428868647334
CN-Jzh,5,-526.4746137912961,53.60158342123211,-54.96251344877417,-381.82886241697213,5.0550762483875955,17,-471.5121003425219
CN-Lch,12,-623.2123644110088,96.53957898115328,-56.7259219077643,-321.7316157937371,134.78321106748595,17,-566.4864425032445
CN-Lsh,5,187.423857072,45.35635685760005,-44.89486234621028,-266.3725051439818,51.362256560743276,17,232.3187194182103
CN-Nmn,5,-437.16264582700796,16.515834821567978,-37.6438391088815,-201.1639362286639,1.4994673368095048,17,-399.5188067181265
CN-Sb1,1,-1883.3090471423998,24.100402521600245,-40.7847003906051,-206.69433306701742,59.9774996412541,17,-1842.5243467517946
CN-Sb2,1,-1270.8376968407042,31.697325233280026,-42.76518221664565,-209.80219362144067,61.28330594018958,17,-1228.0725146240586
CN-Sdq,8,-262.8219294542263,11.083191489824912,3.048125411096764e-4,-3.214522441395159,5.300096997743756,17,-262.8222342667674
CN-Xi2,8,-142.68383414043427,33.797158639627895,-28.48882348887886,-126.335379891858,3.183263428539531,17,-114.1950106515554
CN-YaS,10,7.720823202237259,5.327709057557479,-10.337022124202452,-105.92076282777249,4.5841656633604595,17,18.05784532643971
CN-Yan,3,-253.00675987200003,9.34232318783998,-29.15000904879776,-150.21167630247135,7.981742480430023,17,-223.85675082320228
CN-You,6,-143.53315797657598,8.61274767527999,-14.616877581752311,-91.37879285201558,1.5956840498248486,17,-128.91628039482367
CN-Yuc,9,-573.3888402116571,48.37461520558628,-70.1096704517124,-445.43119687842585,99.88209093467022,17,-503.2791697599447
CN-Zha,9,-650.1715627900008,48.830958206142554,-9.998999775782536,-79.96375829733819,0.7580199513348267,17,-640.1725630142183
CR-AqC,8,-837.4366514748342,53.44736341433139,-163.8637883953272,-385.2794438810026,-46.16110835788134,17,-673.572863079507
CR-Fsc,4,-1157.9251548959996,169.9679659392001,-148.66244290573678,-525.7337724750939,-6.1428343725439145,17,-1009.2627119902629
CZ-BK1,17,-737.8259119795106,29.93113684475952,-90.81043539666614,-167.56241499412863,60.32455729069188,17,-647.0154765828445
CZ-BK2,7,36.745094114742884,11.289023921005713,-94.68623471349562,-160.52218444525593,38.87193768415748,17,131.43132882823852
CZ-KrP,7,-97.25159903915517,11.331047113574407,-39.28161978055484,-219.9811363342621,36.95030254170068,17,-57.969979258600326
CZ-LnG,2,37.65858794496002,22.579993978559994,-97.29836063278543,-249.90624576285327,74.53811680224285,17,134.95694857774544
CZ-Lnz,6,-516.7678369909875,16.713715840337443,-83.86050821193086,-274.2987413211357,49.010037046640406,17,-432.90732877905657
CZ-RAJ,9,-247.1776412154495,28.093689310496174,-54.273899537766496,-220.25669949274015,115.97892846891119,17,-192.903741677683
CZ-Stn,11,-257.85570066193577,50.75977270593444,-92.81936853204542,-202.53232129341723,113.01774348883914,17,-165.03633212989035
CZ-wet,15,74.11022475124548,18.341945271784425,-65.94355033930321,-201.1585654027859,-10.679538117984466,17,140.0537750905487
DE-Akm,11,17.106617131012968,20.930298573154904,-94.80640600001864,-283.1122629136844,33.33034020066123,17,111.91302313103161
DE-Geb,1,-182.87156954880004,22.006661290560018,-80.55616617378016,-295.3314879780276,93.67246269222346,17,-102.31540337501988
DE-Gri,17,-96.31955739812501,13.98692730107652,-82.95546767651362,-256.9122827114444,14.75226420162375,17,-13.364089721611393
DE-GsB,6,186.54013235231997,20.962154098629824,-66.35396711445453,-285.37773600029544,43.89941562719106,17,252.8940994667745
DE-Hai,21,-522.1038668808477,27.587952697783436,-91.43674257978445,-289.89852849064806,14.684621383235255,17,-430.66712430106327
DE-Har,1,-206.39288083968,26.833825342080004,-92.71414079531635,-255.35907887764955,99.6105105893827,17,-113.67874004436365
DE-Hdn,1,-336.25548969984,14.727921534719968,-87.77765089781036,-295.28776976338867,127.86402177808372,17,-248.47783880202962
DE-HoH,6,-260.84982303359993,22.300767477294514,-69.51714395279255,-289.2489801730679,55.91412551876487,17,-191.3326790808074
DE-Hte,10,-233.3689920662606,13.495439994796797,-44.11696813771175,-276.18875075524244,25.97560712623266,17,-189.25202392854885
DE-Hzd,11,147.77908581017093,38.74803889937588,-66.50731615409019,-257.1064204282966,29.14786016732936,17,214.28640196426113
DE-Kli,17,-99.80310153077562,17.454392063758064,-75.83425340547717,-254.7511011083746,14.785082769298207,17,-23.96884812529845
DE-Msr,1,-353.03324900544,43.517692528703975,-81.92828153927405,-384.5889905183933,20.005222013904103,17,-271.10496746616593
DE-Obe,13,-249.75186531578916,27.382883414161157,-57.99236312084187,-252.80530476791034,35.66327193894147,17,-191.7595021949473
DE-RuC,8,156.1120265138269,11.542855224383999,-51.07669065682373,-198.00328836369042,4.141805753022487,17,207.18871717065062
DE-RuM,9,-521.6778157248,13.650070325677717,-48.58148907087912,-240.62838261801224,9.157735357401508,17,-473.09632665392087
DE-RuR,10,-171.84289240257547,13.671668632290917,-74.03251711566014,-206.1129878770984,5.687129283438598,17,-97.81037528691533
DE-RuS,10,-484.7332090044314,11.941157922495137,-43.50547959807251,-238.05240125417632,8.648734816920944,17,-441.2277294063589
DE-RuW,9,-452.6991776087887,51.29246408217844,-83.68636609267845,-209.1420555782294,4.28421169094164,17,-369.0128115161103
DE-Seh,4,-510.3467603712,21.95475617087999,-70.80181995141831,-288.8678457347018,38.263672830744426,17,-439.5449404197817
DE-SfS,11,-465.16272190073016,27.424406632738936,-73.51428886403022,-221.56101427282005,41.117236435286955,17,-391.64843303669994
DE-Spw,6,-391.9559693299199,17.715951028799992,-83.46966844092705,-258.98915979657176,17.72852994804768,17,-308.4863008889929
DE-Tha,25,-493.1207784918951,12.271156630092719,-87.58465518690095,-260.7044219491583,0.4895162651622934,17,-405.5361233049942
DE-Zrk,8,15.90035989165714,65.42541307891747,-64.06413194160146,-312.03797039628665,39.67982375361117,17,79.96449183325859
DK-Eng,4,-72.44556914304002,8.015452649280007,-70.24100266809464,-228.60866903634087,39.32773361312449,17,-2.2045664749453806
DK-Sor,25,-249.44013099810178,12.941602895754386,-61.15281607575228,-258.8904586733209,16.882470875480923,17,-188.2873149223495
DK-Vng,1,-136.88106979968,6.196100192640017,-128.32819492383754,-330.3957399642888,69.90969735908013,17,-8.552874875842463
EE-Stg,5,-186.83662429553138,16.46330973099427,-49.44164098757427,-164.57475365644123,-16.70665969668429,17,-137.39498330795712
ES-Abr,6,-0.31365872179200394,10.363555469952015,-38.44295738802901,-177.0522148994677,6.523279737425845,17,38.129298666237005
ES-Amo,13,76.81388920279853,4.63363527551563,-28.815478767288216,-114.87252445536897,2.1820268119382167,17,105.62936797008675
ES-HeB,2,-184.45581194111998,36.50563124616963,-64.86542118281884,-184.31475956003433,10.372360746150349,17,-119.59039075830114
ES-Hen,2,-175.7816017138944,51.122225881152005,-65.28296278518745,-186.60058120408723,10.393684574672404,17,-110.49863892870694
ES-LJu,17,-7.129325895686069,30.19590628061696,-39.00418513085649,-103.86562760847863,4.246522169966862,17,31.874859235170423
ES-LM1,7,-11.023680896221098,9.630832482274924,-45.75866096880352,-180.63421834940388,13.003104407523034,17,34.73498007258242
ES-LM2,7,31.04990868978431,9.212932386672868,-44.85202046014915,-180.48144298987393,13.227470474762418,17,75.90192914993347
ES-LMa,1,50.868493596288,12.442898686176008,-86.30983621581778,-185.92105166945336,31.634393635470083,17,137.17832981210577
ES-LgS,3,-102.536035538112,6.869677210559999,-60.718248054854925,-161.59328993979898,1.4112473630708642,17,-41.81778748325708
ES-Mcd,3,-154.45740446290287,20.48401900215771,-71.36376455171813,-186.38672124744443,-8.237462359873208,17,-83.09363991118474
ES-Pdu,4,-130.761917568,21.319673601599995,-20.653681562404472,-98.29785972262842,27.711705560833344,17,-110.10823600559553
ES-Pzb,1,45.92325182976002,11.381152708799998,-19.90165337351326,-205.64463013459897,33.717552200809706,17,65.82490520327327
ES-Yst,2,-339.31041958656,15.76082655359997,-74.00259146867111,-241.54124285075494,-2.4724866454724523,17,-265.3078281178889
FI-Hyy,24,-228.60092958375273,9.209306248551982,-39.558358285212556,-79.42636845699903,11.307074351387687,17,-189.04257129854017
FI-Jok,4,124.36938745919998,5.453189624160025,-70.93300778792371,-150.89723609542605,-3.550279242256056,17,195.30239524712368
FI-Ken,3,53.39903132752457,12.948152340507434,-45.95040921863682,-172.2277354479874,47.777393965793365,17,99.34944054616139
FI-Let,12,-33.206153672982865,22.634354844851654,-63.70481273672501,-158.13779895392204,1.9558053264220516,17,30.498659063742146
FI-Qvd,3,92.427580185984,58.85505821376,-29.977305094026928,-159.80667465174398,-2.5183220806929167,17,122.40488528001093
FI-Rk2,1,296.2116696384,20.57433333465599,-41.62937485603899,-205.05505104145726,86.31865934479764,17,337.84104449443896
FI-Ruk,1,383.97345398496,28.860795186479976,-5.4663859108664345,-202.22113451903016,61.231090352829845,17,389.4398398958264
FI-Sii,3,-29.994643007999997,3.4924830726857152,-31.879760988526044,-92.55495302891046,37.74940751139024,17,1.8851179805260472
FI-Var,5,13.041644020416005,10.502877987216,-29.104719236700582,-124.17738256259747,14.425482844011041,16,42.14636325711659
FR-Aur,16,-181.5010717342386,15.451478344486276,-72.857097766277235,-273.02735479341834,-13.037835782264123,17,-108.64397396796136
FR-Bil,7,-451.56321605072293,14.772266517730884,-58.67657164986325,-172.68489532154527,11.890475413186234,17,-392.88664440085967
FR-CLt,2,111.07936892505597,16.393498824844784,-54.02344742181697,-278.21998232283426,49.57109456581324,17,165.10281634687294
FR-EM2,4,-244.4772965402058,34.910028524694866,-61.06721441192638,-274.5355091313615,30.561394850351093,17,-183.4100821282794
FR-FBn,12,-607.0011372792943,25.93982070073025,-36.77306257661185,-156.73374993214395,-1.7372334930294415,17,-570.2280747026824
FR-Fon,2,-314.39438838143997,23.966790347520032,-84.43708951813986,-269.99141817947367,14.809957552001556,17,-229.9572988633001
FR-Gri,17,-383.1713522986271,28.690477033290932,-67.47362573796975,-282.049380490061,-1.3354672058158883,17,-315.6977265606573
FR-LBr,11,-323.7045636928732,20.30195637535266,-40.27933596159922,-154.88456032063993,23.689886951516655,17,-283.425227731274
FR-LGt,4,199.84874704045714,25.985869758144005,-55.06603273594901,-253.9094678441003,9.793589543583167,17,254.91477977640614
FR-Mau,6,-216.29804987231995,24.57939246192001,-66.79627990722656,-251.6053603765083,-10.72966625385996,17,-149.5017699650934
FR-Mej,2,164.38005505464682,18.34188234089143,-97.4719602130564,-258.5864176716351,19.656836580955897,17,261.8520152677032
FR-Nzn,5,97.94165119183542,33.668122539065145,-43.47405100433351,-238.4592590021916,6.525013161900702,17,141.41570219616892
FR-Pue,21,-220.16217890765154,20.255482598518086,-69.95163063175873,-227.49371215978184,3.099104347492483,17,-150.2105482758928
FR-Tou,3,118.62024770236114,26.049379842000008,-90.27858287325958,-275.9257080368184,45.688123875317096,17,208.8988305756207
GF-Guy,17,-219.51161905326862,48.035946081877384,-74.3314854492186,-172.7418207189214,-10.222206933593469,17,-145.18013360405
GL-Dsk,1,-20.21645497536001,8.720431531200006,0,-5.837854627407598,2.563981056213379,16,-20.21645497536001
HK-MPM,3,-1048.39150176,55.28425115519997,-71.68465184309893,-295.61223004956395,46.69443302699626,17,-976.7068499169011
ID-JOP,7,-781.5427572362605,31.2416596576183,-174.2198161892022,-754.819624019513,52.659095538077786,17,-607.3229410470583
ID-PaB,13,-150.99732273141615,62.21648602015552,-122.84838149662617,-313.88442923386367,48.14994793333806,17,-28.148941234789973
ID-PaD,17,-295.99967534458983,81.55435872359858,-122.30565787492931,-305.597572555947,35.99578437115275,17,-173.69401746966054
ID-Pag,13,-587.808799196791,71.7267147672261,-120.14219624857515,-310.83579050730964,57.5127161746142,17,-467.6666029482159
IE-CaC,5,-169.20415078272003,9.864951355007989,-77.10001780840749,-186.09839687525442,48.17450463834552,17,-92.10413297431255
IE-CaN,4,-184.57262536319993,8.79556734720002,-73.4120948977058,-178.64638496521982,48.03621229864532,17,-111.16053046549413
IE-Cra,1,-29.676745547135997,5.750786566079999,-63.4410251797706,-179.49773388919283,24.14743756254477,17,33.7642796326346
IL-Yat,21,-86.9612016642111,8.095193829117378,-12.275344779692194,-38.16293717088723,18.514913916415974,17,-74.68585688451891
IT-Arz,5,-86.74862368587429,18.494791434411418,-78.52743644748949,-269.46178812228175,16.96699740949949,17,-8.2211872383848
IT-BCi,17,-76.15485573558654,26.567586520085648,-63.943105680290756,-217.32877431692265,-12.300588628660195,17,-12.21175005529578
IT-BFt,2,-42.013829216859406,58.929923971748565,-90.21457941495704,-352.80858021734366,71.7517962158642,17,48.20075019809764
IT-CA1,4,-317.6955113184,20.591028100799974,-51.976031934136635,-211.6534462205424,-14.857764553669995,17,-265.71947938426337
IT-CA2,4,-171.34972827264002,41.331678684480025,-51.74422294246827,-211.60580784775564,-14.865808310521892,17,-119.60550533017175
IT-CA3,4,-531.8350077064321,41.46165771264006,-51.544169498047005,-211.57784124660412,-15.05546829711919,17,-480.2908382083851
IT-Cp2,9,-771.1443666843428,21.347732939451475,-45.01943008172266,-202.30452632202642,-1.520204332139757,17,-726.1249366026201
IT-Cpz,8,-509.2001822283428,20.270409401211424,-50.74813489785491,-210.20220736291273,-10.323341369628906,17,-458.45204733048786
IT-Lav,18,-2030.3991810625007,29.191662287068425,-99.54019699907673,-217.02810986020646,13.558877384612783,17,-1930.858984063424
IT-Lsn,5,-38.03330391278399,9.516084187651195,-102.41836031987307,-333.9891794350331,2.7370030615970875,17,64.38505640708908
IT-MBo,18,3.0261056197005054,13.121033914281561,-84.77024684063284,-205.37484553901945,9.036311435609274,17,87.79635246033334
IT-MtM,6,-402.21377708018684,31.268741414198388,-39.8057682591475,-158.77866399588223,9.18541310814473,17,-362.40800882103935
IT-MtP,6,171.09254745792,28.367208210239994,-39.90372204697,-159.1590117871235,8.882660021553324,17,210.99626950489
IT-NiG,1,-54.218229783552005,30.779292823775982,-62.067415145097975,-274.50167219271094,-2.3337346665268535,17,7.84918536154597
IT-PT1,3,-587.0865045888,22.97283249600008,-63.575060964658924,-310.7964019028949,64.3712566495393,17,-523.5114436241411
IT-Ren,22,-732.0473481306758,71.70706977411783,-99.04454078123581,-175.15070653251365,13.584450698799873,17,-633.00280734944
IT-Ro1,9,-216.19447721732575,27.84121278027426,-74.9360096532185,-214.98844822526556,-9.855787448967835,17,-141.25846756410726
IT-Ro2,10,-668.1405767266286,29.58741317836791,-73.7525154865366,-212.4580248224413,9.856325305541995,17,-594.388061240092
IT-SR2,8,-244.31055974486273,32.54293358366884,-57.62534102963689,-140.0917510986328,18.96494443901591,17,-186.68521871522583
IT-SRo,14,-392.3006838174075,26.761546274106223,-58.418168631836835,-133.8422110421317,6.569120518989784,17,-333.8825151855707
IT-Tor,13,-66.85406847497345,35.90874488048647,-58.08117923383176,-160.19867944509903,0,17,-8.772889241141684
IT-TrF,9,-900.4637297437109,22.342162352209243,-57.64183652568591,-181.4768669984138,0,17,-842.821893218025
JP-Api,21,-262.2892787055841,25.16529008949591,-76.85526375851032,-122.6919110429337,-16.404334660991307,17,-185.43401494707376
JP-Fhk,15,-170.17649718852712,23.677452945571773,-81.32848946553074,-121.1454710256245,-29.66215094853323,17,-88.84800772299639
JP-Fjy,20,-419.4322517678123,15.987584632629137,-78.0656783937319,-129.8422344392336,-27.11782080460937,17,-341.3665733740804
JP-Fmt,7,-45.01679945965712,87.71122378532573,-76.5862795026087,-142.2317041349349,-11.540777712731792,17,31.569480042951582
JP-Kzw,8,-102.88823924303999,60.293731788411414,-75.36960118279028,-140.62690261470385,-15.048654345244435,17,-27.518638060249714
JP-MMF,8,-754.9711939254857,33.01550647323427,-39.45273342351428,-112.66571266814861,-13.596415355407673,17,-715.5184605019715
JP-Mse,8,-208.82345248602516,11.072353637520038,-82.03033816949547,-200.81018931367248,-16.77697989706026,17,-126.7931143165297
JP-NsC,12,-434.57039381768726,18.054472310857335,-71.74115388868121,-175.8437494012388,-22.370762907182623,17,-362.82923992900606
JP-NsM,12,-299.0193590194036,15.52301454056726,-71.80589629353126,-175.74419889089808,-22.3344302780557,17,-227.21346272587238
JP-Nuf,2,-205.75454065344007,49.8432792384,-75.20000925680156,-155.3251522507319,8.81703082408785,17,-130.5545313966385
JP-SMF,13,231.07132336344688,81.27591573434296,-86.31034044523177,-142.09932027066176,-22.172246497283766,17,317.38166380867864
JP-Spp,19,266.7570689005951,53.347952513564394,-55.101325766848184,-113.25872121112174,5.434202780582804,17,321.85839466744324
JP-Srk,6,-1045.72123924032,32.805207614879805,-85.228356468436,-145.11245284936982,-0.00461408548994946,17,-960.4928827718841
JP-Ta2,11,-700.3985370959314,52.97865916412576,-75.3355545796873,-161.08510320718796,-11.263393435166867,17,-625.0629825162441
JP-Tak,23,-368.46201713685264,29.90917129447277,-69.0142482926385,-155.08955419444263,-1.513621768227485,17,-299.4477688442141
JP-Tef,20,24.628496973254645,18.859978438944125,-50.0883877112882,-85.53320319374234,-24.96322758494722,17,74.71688468454285
JP-Tmd,16,197.08221619889486,10.637765159801134,-57.301534186762595,-116.6003005086169,19.83697992049769,17,254.38375038565744
JP-Tmk,3,-311.58253393920006,12.140164586880019,-71.64070860240795,-138.1013393515396,-7.62001636149318,17,-239.9418253367921
JP-Toc,4,-604.50412165344,28.538732475360007,-55.546281586191064,-113.66137843474057,96.83506772755476,17,-548.957840067249
JP-Yms,21,-202.62486730743638,32.29318342111729,-87.1201042978973,-140.36444324549322,-9.962252217996443,17,-115.50476300953908
JP-Ynf,8,-463.2725225478857,25.33567509720001,-58.72270202636719,-241.45621334838884,-12.42520523071289,5,-404.54982052151854
KE-Kpt,3,-265.83642827999995,12.041903833343994,-108.92192414751077,-237.42874798671406,-33.45208793872029,17,-156.91450413248918
KE-Mkt,2,-389.91572650367993,11.056483532159945,-129.96688882012268,-313.7827212946494,-45.525344027948165,17,-259.94883768355726
KR-AdC,4,-438.33375866879993,24.029028820799965,-113.81234397658612,-327.68674213966216,14.138277534460155,16,-324.5214146922138
KR-CRK,6,41.81157342720001,24.52413739885711,-104.68468288790585,-211.0392858591137,55.49659330154023,17,146.49625631510585
KR-CmF,7,-186.37112088576004,20.646644299199977,-121.41438448146707,-215.10283911386927,-14.255330563381518,17,-64.95673640429297
KR-GmR,3,-793.37449161216,22.48560452736001,-122.97682553670242,-274.67134945119506,23.06493067896575,17,-670.3976660754576
KR-GmS,3,-516.4957161653759,30.82676451840001,-122.92961556823734,-276.3103936618683,2.761168781705244,17,-393.5661005971386
KR-HPK,3,-717.6718533542399,24.20311747679989,-91.69443768626792,-218.44071451822916,-11.86599563512174,17,-625.9774156679721
KR-HcM,4,-587.8397240294399,57.720337490447946,-82.42277687055736,-211.55680371739123,-17.203843762791614,17,-505.4169471588826
KR-Hnm,4,145.83757443552003,98.35611914606402,-103.60690307617188,-220.9300994873047,-32.68859395359344,17,249.4444775116919
KR-JjM,4,-654.750771397344,15.472941344927904,-59.90281295776367,-214.40269470214844,0.03523764945566654,14,-594.8479584395803
KR-Kw1,5,-383.62664896243194,149.2952446883519,-89.47451501851336,-239.56350286837463,-31.28392560262703,17,-294.15213394391856
KR-Kw2,5,216.07011880525437,53.03743101100801,-89.03157911473035,-240.86687019699949,-31.86400919765718,17,305.1016979199847
KR-PcD,4,-296.82133027776,196.85655045215998,-97.59162129560893,-209.45466042622084,32.070607331484304,17,-199.22970898215107
KR-SmM,6,-432.2250043330011,32.588358257088004,-91.08621607134043,-249.44083833143554,-26.0408758017834,17,-341.1387882616607
KR-UAO,3,4.971302553599999,19.324540967039994,-95.1023473791301,-231.59531602385752,232.91645425209265,17,100.07364993273009
KR-WdE,4,-435.03754440959995,80.54494156799993,-97.45895258382387,-214.40269470214844,-23.6619873046875,17,-337.5785918257761
ML-Kem,3,-479.86369982208,24.793905237119986,-15.518049450773109,-95.97940766291913,8.744822285045347e-4,17,-464.3456503713069
MN-Hst,6,54.525096324864,7.101215292453119,-8.691987403964816,-80.4259826284417,36.571993651641364,17,63.21708372882882
MN-Kbu,6,-503.78496538751995,22.307281604352028,0.8843414748962366,-56.488889470256574,138.7567494447375,17,-504.6693068624162
MN-Nkh,6,-86.896159081344,3.308374421567983,-15.807758379121612,-107.05062218484683,40.59387775285806,17,-71.08840070222239
MX-Aog,3,36.629511795648014,52.61962329403201,-52.61986943571737,-192.335204190177,37.937895527864534,17,89.24938123136539
MX-Tes,5,-81.73643618534399,10.511441087327995,-56.12033530870333,-187.40932483806748,2.158534397748762,17,-25.616100876640658
MY-LHP,11,-470.4403633385143,211.62085063097146,-76.24241097116231,-223.4971271397087,70.14340734212723,17,-394.197952367352
NL-Hrw,9,-29.221273018697154,32.63096273101714,-76.3336794725968,-181.96165079073236,108.83960017575775,17,47.112406453899645
NL-Loo,24,-501.61572964673564,17.005393396617592,-66.85823686550728,-187.6244756930806,94.79958765813717,17,-434.7574927812284
NL-Vkp,7,-57.036860012641746,28.234096021649435,-55.52778069009823,-173.69396396054432,151.92424742580127,17,-1.5090793225435135
NO-And,7,-19.406212900605244,3.3356322408960004,-17.851806329051005,-38.213093090685625,1.4788529171023361,16,-1.5544065715542388
NO-Fns,3,-0.35483250527999743,5.638230509184002,-12.976201956609172,-144.46674202533939,37.45140820080235,17,12.621369451329175
NZ-ADd,5,-140.91909305241597,15.171055579583992,-66.09956929310829,-222.13407339364682,-11.654315144501737,17,-74.81952375930769
NZ-ADw,6,-162.50983365513596,23.789751472306293,-61.051949078474,-222.1728097457637,-3.2056039874123172,17,-101.45788457666197
NZ-BFm,4,-468.95507870975996,12.174798752640015,-74.04673810741963,-300.852842670847,5.921110197445517,17,-394.90834060234033
NZ-BFu,3,-192.02673877631997,11.544287443199977,-65.2672004732834,-297.5143727855213,10.505946692596709,17,-126.75953830303658
NZ-Kop,4,-253.54277661599997,18.242995583376015,-68.21395189637019,-247.35251996158811,-12.613868000786475,17,-185.32882471962978
NZ-Lau,2,-32.369706597394284,31.64576731360458,-61.872055547255655,-169.5755298096817,7.631503780905675,17,29.50234894986137
NZ-Oxf,5,-140.54662630195202,19.734096106368014,-87.85788550587444,-184.1762580306812,-19.032562075027666,17,-52.68874079607758
NZ-ScF,4,-316.58231901571196,27.750963968640008,-84.04048156738281,-211.12743828343153,19.96980700378419,17,-232.54183744832915
PA-SPn,3,-380.11162464,95.61886166591998,-97.26054501546068,-217.95737817382715,-40.15763346354183,17,-282.85107962453935
PA-SPs,3,466.08453423360004,77.97424280543999,-98.07800792704403,-218.46516248779383,-40.074436442057156,17,564.1625421606441
PE-QFR,2,-361.38463286399985,83.25643506623999,-115.88621860654314,-186.44110709873036,-5.5555349536632574,17,-245.49841425745672
PR-xGU,2,-209.28225623039995,20.249840108159987,-104.70700073242188,-274.869310272216,40.59430491968757,17,-104.57525549797808
PR-xLA,1,269.7732480384,95.77084700303998,-105.48816708068992,-252.14617919921875,429.3363662499986,17,375.26141511909
RU-Ch2,7,-91.82001111338056,7.962852890262852,-6.988389393411194,-174.65070171595016,1.7045747000630473,17,-84.83162171996936
RU-Che,8,-67.33028657087998,10.154707793280004,-5.725075399974363,-170.69483138017594,-0.7446937748325813,17,-61.60521117090561
RU-Fy2,6,59.41142964646765,17.720907306984003,-60.14220328040783,-143.39222446462296,-11.887835196762834,17,119.55363292687548
RU-Fy4,6,-121.66424852544002,24.555300552,-59.47595149218046,-148.30971048454865,-16.386142558978335,17,-62.18829703325956
RU-Fyo,23,85.45125866626555,16.956315532733655,-63.78093531734931,-132.6672973375252,-26.16587711829596,17,149.23219398361485
SD-Dem,3,-98.53604830079999,9.442301924160013,-25.722278097462134,-80.5242048906518,15.67440910693672,17,-72.81377020333785
SE-Deg,2,-52.582974562368,1.2935498523840039,-35.59409239865976,-175.39129251393746,57.14863206444896,17,-16.98888216370824
SE-HfM,1,-9.706789681919998,9.850892444640003,-29.328097599982883,-167.9071140355753,105.19786308622406,17,19.621307918062882
SE-Hmr,1,-40.35984497855999,8.873252874719991,-29.328097599982883,-167.9071140355753,105.19786308622406,17,-11.031747378577109
SE-Htm,3,-75.22947425417141,30.983040925961166,-92.7843527828997,-227.42246593608724,28.038580096248197,17,17.554878528728295
SE-Nor,3,355.1974638467657,29.736297197897187,-61.704076924094394,-161.66725885029413,-0.09380168434745428,17,416.9015407708601
SE-Ros,7,-277.26572613451884,30.498018302139428,-49.358313994922916,-136.98496415923537,23.2191546692315,17,-227.90741213959592
SE-Srj,1,-5.1977659392,8.163746709695998,-28.381196129853237,-167.43108208730135,108.1109609871857,17,23.183430190653237
SE-St1,8,-113.68648362182401,18.10286415216001,-19.9976373197111,-165.74767080518097,29.06642990782952,17,-93.6888463021129
SE-Svb,7,-109.85134585839714,12.212456968669095,-49.37288572773206,-142.7196269655509,25.802615844985297,17,-60.47846013066508
SN-Dhr,9,-191.14746065780074,11.48133760681091,-37.61746953687996,-150.22707483902016,0.8666952713595022,17,-153.52999112092078
SN-Nkr,3,-311.2316240667429,12.773347645988565,-52.534813204182264,-190.59937332832544,164.9495987820668,17,-258.6968108625606
TH-Mae,11,-633.4879202829258,35.20401867473146,-98.4245909741377,-217.86911560651296,-24.751811226758267,17,-535.0633293087881
UK-AMo,18,-15.786354930895868,8.749432018456483,-60.12184226821702,-175.7591335944887,19.414095944663302,17,44.335487337321155
US-A03,6,-70.99109443337144,24.50588850975086,-4.935969452412942,-99.71197569783489,22.562666834513056,17,-66.0551249809585
US-ABa,3,-359.45060473728,24.691839552000033,-100.275807473371,-293.45545471800165,28.02601899466194,17,-259.174797263909
US-ABb,3,-158.28953606784,29.584337149440017,-100.60668411729422,-291.4904691828718,28.35116520630424,17,-57.68285195054578
US-ABc,3,-478.20485982528004,29.787847848000013,-101.85128747415462,-284.1702473481465,27.807419276430842,17,-376.3535723511254
US-ABd,3,-295.71361747775995,26.724375292608016,-103.2020948124493,-277.87273781166454,30.656225216623902,17,-192.51152266531065
US-ABe,3,-211.57338927744004,38.80738430784004,-102.9569077624886,-279.0877806552116,30.592272580644323,17,-108.61648151495145
US-ADR,6,-3.5546299027199986,2.4854060875967994,-0.40890699059697566,-10.016306141591034,5.795252027077356,17,-3.145722912123023
US-AR1,4,55.128808820159996,30.188287952352,13.396224679351874,-107.86580064662158,77.6313937601625,17,41.73258414080812
US-AR2,4,-37.76028268464,9.664768082016003,-0.25085239578223245,-109.91792757975021,80.71734062663246,17,-37.50943028885777
US-ARM,18,-176.56720922877167,14.571720357762715,-85.12056598319903,-270.14897027436194,6.297832987024627,17,-91.44664324557264
US-ARb,2,42.15922940159997,12.75315943679999,-41.05965116931174,-226.26824669899258,51.46877855328569,17,83.21888057091172
US-ARc,2,-12.140447961600017,6.150823257599983,-41.17055682571423,-225.5581694317223,51.354522083739795,17,29.03010886411421
US-Aud,18,148.89291666502555,16.57594233964865,-11.035790175839523,-43.72848512122247,8.7140061979682,17,159.92870684086506
US-BRG,4,-108.07584433919999,71.61196666752004,-73.28294688966054,-207.62227400523923,3.9226079818515984,17,-34.79289744953945
US-BZB,9,5.509297427283112,21.898365020135074,-41.082400118990115,-143.15099015128894,13.908782740021294,17,46.591697546273224
US-BZF,9,64.14326152875131,22.963011698376505,-40.965363580515834,-143.8393757736173,14.948608386618478,17,105.10862510926714
US-BZo,3,-46.869193543474296,18.64603763218286,-41.636738600585765,-139.15991806315063,17.97946723999026,17,-5.2324549428885305
US-Bar,17,-192.2570704346922,46.06534122840475,-67.28584184791616,-140.4274283877299,-16.391221867181223,17,-124.97122858677604
US-Bi1,5,0.9447424510628792,67.14552432671996,-29.087756740504634,-188.07559363955664,14.604551717262297,17,30.032499191567513
US-Bi2,4,1633.06550196,75.32660655668587,-20.78119251421403,-194.44281037290406,15.788076329745858,17,1653.846694474214
US-CF1,4,-210.11682974688006,12.446059958064026,-54.10179330832715,-154.81202575799404,-0.46639784174420607,17,-156.0150364385529
US-CF2,4,-186.59633321663998,17.931296427840053,-54.81599720538959,-154.85181803398442,-0.39359196103518057,17,-131.78033601125037
US-CF3,4,-219.9454418304,9.265065120000003,-57.56899334647586,-155.3424710084726,0.2320219261745523,17,-162.37644848392415
US-CF4,4,-170.04183577919997,11.541289190400022,-57.56474696997025,-155.37805577004698,0.28268841463552985,17,-112.47708880922971
US-CGG,2,69.96747028031999,49.35621437567999,-10.689741933972268,-142.3694673859824,73.61080941396236,17,80.65721221429226
US-CMW,20,-281.00792063370403,115.29555736720567,-9.95795464302896,-47.65199232981815,3.914951310827205,17,-271.04996599067505
US-CRT,3,-64.06447749120001,20.043167904000015,-39.64417769201241,-231.4918465237221,35.76981323047569,17,-24.420299799187596
US-CdM,2,-159.58147697793794,8.42659040592001,-3.102329387881814,-62.777071370924816,72.57710919218327,17,-156.47914759005613
US-Ced,10,-99.47477537794285,16.116695683776,-81.39077421080142,-116.8966468094558,19.26749952341604,17,-18.084001167141423
US-ChR,14,-791.6265445973718,104.86507947891761,-91.58538024047,-167.45545858728488,-24.870688613942953,17,-700.0411643569017
US-Cop,5,-33.278224111487994,3.0684574249919976,-7.649730887425391,-34.63558882324218,60.169011662750165,17,-25.628493224062602
US-Cst,5,-472.05229425984,17.42297437094399,-152.59126799726954,-372.5385188463587,-27.517847468429835,17,-319.46102626257044
US-DFC,3,-590.432445989321,37.63111088217602,-56.594045292668305,-186.08020007978183,68.20534548552374,17,-533.8384006966527
US-DPW,3,-157.05458578944,64.89463972607999,-138.92339965322256,-232.4492201834243,75.6357189386863,17,-18.13118613621745
US-DS2,1,701.8226769600001,93.07718333279996,-6.53846056365966,-203.7239317291876,204.8844455470739,17,708.3611375236597
US-Dix,4,2.600047330560006,18.888922941119993,-70.04722879950708,-124.48352255242483,41.03790011887477,17,72.64727613006708
US-Dk1,8,16.58443765412572,59.996727738473155,-95.77300090219242,-205.52192423254922,-10.887175776262305,17,112.35743855631814
US-Dk2,8,-928.3378918130742,46.85906602738277,-95.8024707006445,-205.11383458340302,-10.950502073183527,17,-832.5354211124297
US-Dk3,8,-1023.1466166769371,62.62558847074291,-95.83622304854492,-205.52864433180764,-11.12427019082889,17,-927.3103936283921
US-EDN,3,-501.25744296493707,11.047589298925715,-18.24900304729816,-116.16666625702165,13.087748548060812,17,-483.0084399176389
US-EML,13,-16.444608340446308,13.9026425779622,-17.797410732959708,-93.42098808273263,38.99247148503394,17,1.3528023925134
US-Elm,11,-4.83252674923924,19.66079576525797,-131.24887906915845,-294.3379378125768,-5.769478048010588,17,126.41635231991921
US-Esm,11,-105.22605549102255,39.04175396077082,-106.31766313624907,-265.96002848308945,-0.5242843195500442,17,1.0916076452265173
US-EvM,1,-85.45918348800001,8.152336338667205,-37.91922698950195,-278.4739907435067,41.6808463215942,17,-47.53995649849806
US-Fmf,6,16.198149467519997,22.042456675776002,-16.555656281158928,-88.51990578358532,23.101229547534146,17,32.75380574867893
US-Fuf,6,-44.48299191667199,23.128597377791998,-17.75787767390953,-84.03592810860172,20.671123592582376,17,-26.725114242762462
US-Fwf,6,71.007054153984,3.943808616833273,-12.990557258782644,-76.13342017842908,24.97290675794428,17,83.99761141276664
US-GLE,16,-5.390472515950037,28.02863340678138,-31.337646308765137,-94.3801308393447,-0.6477151366162749,17,25.9471737928151
US-HB1,3,-249.69136463999993,118.88085286573713,-85.06874933985205,-220.45175178741297,55.555549358186624,17,-164.62261530014788
US-HB2,3,-597.9185538294857,52.99358855936924,-83.68402251341121,-219.97342404558725,59.40877440325565,17,-514.2345313160745
US-HB3,2,-6.007735491840018,18.982123217279998,-85.01141635620618,-252.63427962460003,35.816667244951404,17,79.00368086436616
US-HB4,1,-138.049589483712,68.67631099497602,-100.81643615722642,-268.2011141738901,57.38861026916548,17,-37.23315332648558
US-HBK,5,-578.1816721110857,35.112528386948554,-56.85234948570658,-155.7438107672061,26.702105859834614,17,-521.3293226253792
US-HWB,4,-176.93069915519996,191.38878605951996,-73.82808548063493,-201.72124870423815,132.93632204842694,17,-103.10261367456503
US-Ha1,30,-303.81360740138524,52.004514819534606,-82.85426323494178,-145.27086415144794,-16.91241666740559,17,-220.95934416644346
US-IAB,2,-166.31849054016004,14.442204502080031,-102.5943264509547,-290.77023444302756,24.814065763542253,17,-63.724164089205345
US-IAC,2,-383.493439872,12.49710254784003,-102.54446648809561,-290.7908339607116,24.92103941540059,17,-280.9489733839044
US-IAM,2,-586.8195995301119,30.694901458751986,-102.54736327486087,-290.8275387919781,24.90158244724357,17,-484.272236255251
US-ICh,14,27.20287060831543,15.447035944285712,-13.138428568491827,-62.25136406966669,0.015316773804219043,17,40.341299176807254
US-ICs,13,63.51063840388986,11.509683536964147,-13.102867695311321,-68.85694829796677,0.01547042090316562,17,76.61350609920117
US-ICt,13,5.6527450239085635,13.925221298660569,-12.582896163514361,-58.911621927593174,0.015385273163143743,17,18.235641187422925
US-Jo1,11,-147.7661266477262,10.882846303017885,-1.796385181916462,-40.13394939702832,5.559459665804918,17,-145.96974146580973
US-KFS,11,-137.33253276591904,17.751418012762983,-98.50461598629704,-212.08784371845658,3.535019339908375,17,-38.827916779622
US-KLS,8,-204.18287528275198,125.10088508707196,-117.719317457681,-232.75254290799498,-9.124976048168943,17,-86.46355782507098
US-KS2,4,-333.55321756992,33.84155370383996,-114.00906395263675,-164.26709399608305,-31.419099807739236,17,-219.54415361728323
US-Kon,15,-133.8469265980207,19.759695123317464,-110.08366751516766,-191.57340590744406,-11.57326044016682,17,-23.76325908285304
US-LA3,1,-670.07275780032,16.345584086400038,-52.096883284628944,-221.8901870205365,50.67956425403282,17,-617.9758745156911
US-LS1,5,-114.83466128985599,20.818285849727985,-23.08807904437239,-69.59085301536432,1.6967739483079582,17,-91.7465822454836
US-LS2,5,-302.48310532176004,26.59586793983999,-22.967082194410736,-68.727268332535715,1.7012360448113055,17,-279.5160231273493
US-MBP,12,-248.99170744788765,8.366495996817491,-71.69645291401672,-151.17339540191904,-2.736691174929132,17,-177.29525453387095
US-MMS,22,-444.00390715135825,22.254161729760625,-99.61085959783328,-222.67672099260787,-20.764758947424312,17,-344.393047553525
US-MN1,4,-279.78754353881146,14.97588626694855,-30.983114387843383,-258.2197738706799,89.1594142457715,17,-248.80442915096808
US-MN2,4,-105.83140302905144,13.260543176951998,-31.033440597121526,-258.24715368879896,88.93408562143398,17,-74.79796243192992
US-MN3,1,-399.9431228256,13.345463545199976,-44.146239953324226,-239.73262492004818,126.04123801057106,17,-355.7968828722758
US-MOz,17,-382.2897640672255,18.081326065637654,-108.2733730813061,-207.82592736817696,-13.529639636194347,17,-274.01639098591943
US-Me3,6,-58.6013861376,12.495041680607997,-61.03970161739487,-100.69851351761167,47.526826467616395,17,2.4383154797948663
US-Me5,3,-200.98375577279995,4.251468150719987,-15.328557823203022,-81.25807891963538,48.43160946258391,17,-185.65519794959692
US-Me6,11,-51.87179985301281,38.64382655379586,-56.389764464839935,-103.78080183460924,-1.7992664290267797,17,4.517964611827125
US-Mo1,6,-382.43502359279995,16.938030165119955,-81.4209501076047,-232.7667867536041,1.6238255087834275,17,-301.01407348519524
US-Mo2,3,-35.672586549942864,12.011809038171421,-87.44846277102457,-196.7313256389341,-22.96516082980555,17,51.7758762210817
US-Mo3,5,-309.4406554896906,13.404339466992013,-74.04489125448207,-229.7858784358919,-0.7402119914701117,17,-235.3957642352085
US-Mpj,13,-90.06325470935576,7.087450149959295,-1.1622813841405586,-57.271157343323665,12.941095984360892,17,-88.9009733252152
US-Myb,10,-312.55538596957183,31.14930925286501,-17.669148465228243,-147.14247084732577,23.184758022974414,17,-294.88623750434357
US-NC1,8,19.658227533449143,27.639540083557026,-110.6287204855755,-278.06352519488405,-7.110029949172989,17,130.28694801902463
US-NC2,16,-542.512023918486,43.95256609914151,-100.92230754984224,-241.18950925688605,-23.377042401573163,17,-441.58971636864374
US-NC3,8,246.23256622348796,38.15906751977144,-99.77634635781888,-210.66988053433178,-7.022761111022656,17,346.00891258130684
US-Ne1,20,-360.26576887211246,21.824304322779,-77.30972227562894,-268.4261493254325,19.878044709634636,17,-282.95604659648353
US-Ne2,19,-364.48526220252324,26.002303878074912,-83.3005866093629,-264.94240116042437,14.093428243220007,17,-281.18467559316036
US-Ne3,20,-247.17159476074892,22.752951199896472,-76.24177973146894,-267.4031669674367,20.437813299565207,17,-170.92981502927998
US-ONA,5,-336.38580207277715,18.83541139858289,-92.50839754368877,-217.51899290873044,18.971073181558648,17,-243.87740452908838
US-Oho,10,-848.884814942976,20.337420352433128,-64.56830279894774,-256.27403847024976,37.55838143469023,17,-784.3165121440284
US-Prr,11,18.02372102725682,13.993259325295785,-26.461667978646727,-128.8980052624298,5.919258943907462,17,44.48538900590354
US-RC1,5,-360.2135343967487,17.726829210086322,-48.83366181419084,-146.49933463930014,11.243250977801846,17,-311.3798725825578
US-RC2,5,-356.4535997606401,19.795325175360034,-49.277187360073405,-146.6230281279374,11.255369611792448,17,-307.1764124005667
US-RC4,5,-355.55290673472,55.03600082332798,-40.911447216491496,-145.14364377177725,15.80107913833005,17,-314.64145951822854
US-RC5,3,-531.7999989983999,41.71746058559995,-3.987499570719412,-100.96331751068307,16.426146914469516,17,-527.8124994276806
US-Rls,7,-6.530067638783997,37.92147672634972,-34.71199330728528,-125.66061745923444,-0.36435918207003326,17,28.181925668501286
US-Rms,7,1.6202910239794264,23.038622861235435,-33.5829157313587,-125.25447632585738,-0.543586575398255,17,35.20320675533813
US-Ro1,13,-143.03380244592697,8.760906863243548,-35.20516820656852,-215.9745001021787,133.81204015125698,17,-107.82863423935845
US-Ro2,8,-251.03028784402284,15.507983175634266,-29.299726139859064,-216.86072617916113,122.3030713208625,17,-221.73056170416376
US-Ro3,4,-184.25744759808003,9.20600982576002,-34.267988078048234,-219.93777651072708,201.84679013465092,17,-149.9894595200318
US-Ro4,7,-292.99251274637504,9.550418173783896,-52.03252559482142,-207.4812736940385,78.20140295355812,17,-240.9599871515536
US-Ro5,4,-220.602356251488,8.277594035019462,-42.51122852315705,-210.61519965553816,44.96401865942383,17,-178.09112772833095
US-Ro6,4,-206.93988217499654,10.488656344666651,-42.03468903836774,-210.41609056283627,45.00753445122072,17,-164.9051931366288
US-Rpf,13,-0.2780063788082572,17.74209600130707,-31.083975766982665,-130.6167059368634,7.712345114428894,17,30.805969388174407
US-Rwe,5,-82.05194067811199,11.477535742368005,-17.26654082151414,-66.05191391273016,66.76447355678945,17,-64.78539985659785
US-Rwf,7,-44.56513954787659,15.40690675117714,-34.29140918798253,-124.58597449785252,-0.4022779937151309,17,-10.27373035989406
US-Rws,7,-67.13562077999997,7.496397306287999,-34.395956140729616,-124.4737142984096,-0.30053756919461294,17,-32.73966463927035
US-SHC,4,-68.77939355711999,80.42855248224001,-30.629997618963785,-119.29077630492182,0.4656567564187739,17,-38.149395938156204
US-SP1,21,-342.4733204221366,56.15760983394205,-87.53756623098552,-200.08923931798793,9.103655847727916,17,-254.9357541911511
US-SRC,7,-50.58889174310401,21.649944271161594,-16.626855183488694,-50.82038621798875,4.909472069579331,17,-33.962036559615314
US-SRG,13,-9.18078032346353,28.617760073200234,-12.979338661005801,-51.245756340095575,11.77752070818754,17,3.7985583375422713
US-SRM,17,39.10236241741615,30.22555196084013,-13.334338195268666,-44.432233285409005,10.945145574554406,17,52.43670061268482
US-SRS,8,-173.13396046996112,43.43992896186513,-15.015080063689979,-89.6689554958827,3.8044673773470286,17,-158.11888040627116
US-SSH,5,-484.3444010717952,49.19605022128317,-83.13553853770485,-191.8932632790921,132.1382864098687,17,-401.2088625340903
US-Seg,14,-12.772131641716012,8.076038263172133,-2.5388385382434113,-32.2164977833249,4.587474941961345,17,-10.233293103472601
US-Ses,14,-1.350850986933036,10.144482132708845,-2.986432188021173,-29.98781985186778,4.590749646858217,17,1.635581201088137
US-Slt,16,-95.87079846368229,25.223976980332644,-81.95697184941605,-125.76959902614752,14.356781078131137,17,-13.913826614266242
US-Sne,5,125.70821523071997,64.51440951398399,-34.271346978636146,-170.61131366619023,8.417728971540594,17,159.97956220935612
US-StJ,6,-1.0094531903999986,22.068454734720007,-88.73787508653311,-194.5023806738906,-1.5226947764712069,17,87.72842189613311
US-TaS,4,-430.4689969489919,35.13197202623999,-97.08361532134992,-276.8121752588161,-5.9008636474609375,17,-333.385381627642
US-Ton,20,-20.979627869037436,21.1948033643215,-37.05103696950228,-154.96984604151996,16.19629924786449,17,16.07140910046484
US-Tw3,6,-109.15458633964799,49.51232717126401,-19.304787383879688,-150.19345389362277,59.180902213377514,17,-89.8497989557683
US-Tw4,7,-424.14272356398544,24.82151258451745,-18.941492083390344,-156.29451406700795,36.47874195764427,17,-405.2012314805951
US-UC1,2,-815.3796828239999,138.47569925443202,-82.023853288711,-160.33550304188253,137.10699017488508,17,-733.3558295352889
US-UC2,2,-458.311293960192,54.18841540031994,-81.96939364370633,-160.222937073889,136.9202016473264,17,-376.3419003164857
US-UMd,14,-403.3423944387952,14.195623173019698,-66.03420030866354,-136.6805115727016,25.81326412265473,17,-337.3081941301317
US-UiE,3,-403.46471875029937,35.855888556342904,-53.05072673177249,-306.6721315856142,16.713810307171535,17,-350.41399201852687
US-UiF,3,-740.261718728064,53.200334313936025,-52.832422913128475,-306.5865785429737,16.58360253738373,17,-687.4292958149356
US-UiG,3,-255.85073303040002,43.94048968799997,-53.044412123253075,-306.59747882747473,16.5391354459903,17,-202.80632090714695
US-Var,21,48.08873406223121,30.411800439815146,-39.17937127790103,-152.6631418149999,13.002923742393083,17,87.26810534013225
US-Vcm,13,-95.57908596898105,21.189251389390357,-10.213687828603378,-80.92096778158164,27.40172624497441,17,-85.36539814037766
US-Vcp,14,-306.768616250026,25.402548990449503,-16.02582171914841,-85.08101666290365,32.18441248431277,17,-290.74279453087763
US-WPT,3,201.39889275648,15.044259513599997,-61.071494492763335,-198.04826012053005,43.18635647313383,17,262.47038724924334
US-Wjs,14,-133.98937147273128,5.096066675266854,-2.434356112128765,-62.085310420415745,9.842803505711235,17,-131.5550153606025
US-Wkg,17,-5.627432643510858,12.144094194281141,-12.194938046588186,-59.6750573749822,1.8487524917812184,17,6.5675054030773286
US-xAB,2,-21.50785889280001,60.69645459791998,-82.63167586375606,-174.8973201720756,1.4432845814578208,17,61.12381697095605
US-xAE,2,5.588852710464005,5.023171564127993,-74.18790568127898,-235.2045143683543,6.387069276274616,17,79.77675839174299
US-xBA,2,22.683108072384,9.308203326720001,-0.017164647873677236,-40.81108124694839,64.42288466110264,15,22.70027272025768
US-xBL,2,-288.9843435590399,43.140161139839975,-86.46804536004589,-210.1311859497507,14.195414380098011,17,-202.51629819899404
US-xBN,2,21.266824193856003,9.868271741135999,-38.27788887915081,-137.30332536816422,9.810376796675676,17,59.54471307300681
US-xBR,2,-218.78732525760006,50.04433158047998,-64.79640775080566,-185.6623524470375,59.991260168879435,17,-153.9909175067944
US-xCL,2,-143.598663167616,14.85051933830401,-108.59008769287257,-263.5579395410155,58.825211801412834,17,-35.008575474743424
US-xCP,2,56.67773287968001,4.26134076336,-5.725438182617176,-80.456285320935,72.51965955395161,17,62.40317106229718
US-xDC,2,51.33430695168,6.7170991305599905,-24.697854220439165,-263.0526006837597,255.17083279633454,17,76.03216117211916
US-xDJ,2,15.741417020140798,9.877069088927996,-32.483123250517316,-145.9050716432854,-4.411989261992073,17,48.22454027065811
US-xDL,2,-455.7751462656,17.70424231680002,-127.41400601739625,-313.76965055579967,-50.78425922154919,17,-328.3611402482037
US-xDS,2,-117.2522761515648,18.235979185305617,-91.07842443084712,-247.27495948486322,65.7545908203125,17,-26.17385172071768
US-xGR,2,353.30983674624,60.07931544499206,-107.03991927996387,-223.21611142463476,-30.519083347118922,17,460.34975602620386
US-xHA,2,-381.38789132928,16.744231448639994,-66.89480629419081,-179.11015689481866,21.47553384894742,17,-314.4930850350892
US-xHE,2,26.475768117503996,12.071448480960004,-26.253249318336998,-191.38312721986375,25.37745482238364,17,52.729017435840994
US-xJE,2,-67.92290873279997,25.02213056928,-138.05370010943375,-377.5673266239281,-15.141420941015443,17,70.13079137663378
US-xJR,2,29.9078409867264,6.0534906368832,1.3622618533983553,-27.797995453325825,129.40105506509772,17,28.545579133328044
US-xKA,1,-130.76976222144003,12.880986819840004,-124.63223520624523,-248.99157133645042,195.06457838189618,17,-6.137527015194806
US-xKZ,2,-168.00585522047996,13.15251752543999,-106.55598628129248,-248.4289707148547,190.29223946979639,17,-61.44986893918748
US-xMB,2,38.251286551872,7.872923620223995,0.28316806988065624,-54.41012227470133,96.47378879937605,17,37.96811848199134
US-xML,2,41.744732901119974,23.236638713279987,-105.34376525561936,-196.4894989624318,12.64259666878878,17,147.08849815673932
US-xNG,2,-12.473411970239995,8.172059010480002,-14.023192287028849,-233.01103923040324,180.06547131246762,17,1.549780316788853
US-xNQ,2,7.0530147055872066,13.029041953065597,-23.654517411217512,-101.77609922523254,90.53369754204905,17,30.707532116804718
US-xPU,2,-432.94596773183997,23.850440038079938,-62.1348891122213,-209.88778686523438,109.05616342809303,17,-370.8110786196187
US-xRM,2,85.15919194847999,17.35468574820481,-21.011029620617045,-58.55470457317238,19.97419153719481,17,106.17022156909704
US-xSB,2,-63.17729153279999,10.882858857119999,-92.55325817960195,-309.73445632021526,-0.5258421391652714,17,29.375966646801963
US-xSC,1,-14.851629849600016,31.427178335999983,-79.4011747551148,-178.44838362279063,76.37467178303237,17,64.54954490551478
US-xSE,2,-417.42801626112004,18.938962080863945,-79.1322415126951,-162.29219973217818,82.10319815814208,17,-338.29577474842495
US-xSJ,2,175.25134346111997,30.92564394259199,-30.98739859555306,-172.35514775276414,56.109554306804455,17,206.23874205667303
US-xSL,2,117.34500557951998,6.590592820800005,-13.909412696905925,-170.7119391093062,33.131987844718275,17,131.2544182764259
US-xSP,2,-6.304812094079999,14.051962416096007,-33.993181295410864,-169.2750356329757,37.25553978678465,17,27.688369201330865
US-xSR,2,49.505250870432,10.932009137856003,8.578267703396707,-34.63920174641373,175.349783346103,17,40.926983167035296
US-xST,2,-343.771664523264,8.746999916543956,-67.03777747517981,-177.88168772939463,7.4878087854732485,17,-276.73388704808417
US-xTE,2,-218.80973387001598,34.817948617824,-39.147119299754564,-165.46696319565424,37.95220409709472,17,-179.6626145702614
US-xTL,1,-19.786816062719996,9.311825806560005,-17.85827296251974,-133.91101087966345,13.475956276617675,17,-1.9285431002002547
US-xTR,2,-243.25804363967995,19.982543849279992,-67.31622043200886,-176.7539770351009,5.750285477435007,17,-175.9418232076711
US-xUK,1,-75.65284355328002,23.631773893056,-76.4136199965426,-266.2415400513228,54.22854095031545,17,0.7607764432625714
US-xUN,2,-333.245805537024,8.513854538112014,-40.48935396103787,-148.50320993199279,35.05946446729626,17,-292.75645157598615
US-xWD,2,30.214759276799995,6.5763641318400055,-25.379196865417562,-258.0516985095867,271.3302864178239,17,55.59395614221756
US-xWR,2,-46.89370107072,31.716190285344002,-75.15805388419494,-177.28082227006212,2.9551424719512944,17,28.264352813474943
VU-Coc,4,-470.14662366720006,52.148406313727975,-71.0900345939156,-214.69769486129928,95.46103854958875,12,-399.05658907328444
ZA-BfK,1,-40.544132279328,13.213396330991992,-69.05653228117522,-282.66794314387937,14.582686065271092,17,28.512400001847226
ZA-BfS,1,-226.28840797440003,8.00444236204801,-69.54516781177735,-270.8014164154319,14.105128027469252,17,-156.74324016262267
ZM-Mon,3,58.14785942208001,27.594465820416012,-94.54268856236169,-240.54035061977893,178.80749414182503,17,152.6905479844417
