site_id,nee_annual_ref,nee_annual_25,nee_annual_75,half_width_site,location_lat,location_long
AR-CCa,-292.76136173952,-294.45495020928,-270.2158333344,12.11955843744002,-35.621,-61.3181
AR-CCg,-165.74890628159997,-213.2129553696,-135.01768017023997,39.09763759968001,-35.9244,-61.1855
AR-TF1,-91.28409343487999,-96.43956856128,-86.15981829888,5.1398751312,-54.9733,-66.7335
AR-TF2,-14.410477445759994,-19.520061073920004,0.4696226346240042,9.994841854272003,-54.8269,-68.4549
AT-Mmg,-181.93674695040002,-271.1520023904,-96.51786021503997,87.31707108768002,47.316563,10.970089
AT-Neu,522.2333910507671,428.02330412938574,583.6441495749638,77.81042272278901,47.116318,11.320229
AT-Nsd,191.34891599327997,176.05918210464,202.57149587039999,13.256156882879992,47.76914,16.758492
AT-PsM,80.04704132448,56.608615337241595,104.26548718425597,23.82843592350719,47.58145,14.347197
AT-Zoe,-475.7669366243657,-519.0217637917988,-450.98067170122977,34.020546045284505,47.842247,14.444137
AU-ASM,-132.30474530639316,-137.17732396682493,-126.94123461753811,5.118044674643407,-22.283,133.249
AU-Ade,-441.5343665414399,-462.24643517567995,-418.17782224512,22.03430646527997,-13.0769,131.1178
AU-Boy,-388.3410614882263,-398.86298750283424,-371.97545221333024,13.443767644752,-32.477093000000004,116.938559
AU-Col,-214.89179973119997,-264.86846481023997,-143.595922801536,60.63627100435198,-33.42,116.237
AU-Cow,-703.4651947127156,-801.5689327174077,-646.3526302790426,77.60815121918256,-16.238189,145.42715
AU-Cpr,-199.82492987841272,-205.49296879417045,-195.3691380736204,5.061915360275023,-34.0027,140.5877
AU-Ctr,90.68298369490287,-41.27244926482284,188.42653947702854,114.8494943709257,-16.103219,145.446922
AU-Cum,-367.5981987468916,-393.4293586506589,-350.2889399835229,21.570209333568016,-33.615278000000004,150.723611
AU-DaP,-201.14830414079998,-231.84390639167992,-158.27814998207995,36.782878204799985,-14.0633,131.3181
AU-DaS,-380.31271943842006,-437.7153732348827,-343.21107292756835,47.25215015365717,-14.1592,131.3881
AU-Dry,-409.44963746607294,-436.20204748598735,-390.3429139437352,22.929566771126076,-15.2588,132.3706
AU-Emr,73.85074584191999,64.0933070976,79.73259722496,7.8196450636799995,-23.85872,148.4746
AU-Fle,-477.5659787232,-502.564715136,-454.6164387168,23.9741382096,-19.887285,146.189138
AU-Fog,-490.2394608230399,-504.39746120832,-469.26284421887993,17.567308494720038,-12.5452,131.3072
AU-GWW,-240.69150997681945,-249.42965654604888,-234.82824160903652,7.300707468506175,-30.1914,120.65417
AU-Gin,-431.3495547610977,-450.21700715637576,-413.8572586498008,18.179874253287466,-31.376351,115.71377
AU-How,-761.5323518266719,-805.641662941567,-725.0322875424966,40.30468769953518,-12.4952,131.15005
AU-Lit,-437.11410173472007,-509.69519705540574,-390.86454441937366,59.41532631801604,-13.17904,130.79455
AU-Lon,-132.77238837984,-154.70455986892796,-116.57815532686081,19.063202271033575,-23.52327,144.31042
AU-MvA,108.04829272704,103.48548823296,140.0653835136,18.28994764032001,-30.543,150.02
AU-Otw,-274.77785205503994,-303.32007131904004,-251.87603446656,25.722018426240027,-38.525,142.81
AU-RDF,321.0642614016,259.7128235711999,370.6771963392,55.482186384000045,-14.563639,132.477567
AU-Rgf,-57.51503455762284,-80.36279735862857,-43.91381720941715,18.22449007460571,-32.506102,116.966827
AU-Rig,-139.08795810706286,-146.15119716124525,-131.63248087043658,7.2593581454043346,-36.6499,145.5759
AU-Rob,-1047.0528517862667,-1095.9436212978662,-1008.3426985482295,43.80046137481838,-17.11746943,145.6301375
AU-Sam,-145.70635772952,-193.52609299028572,-124.98136287786515,34.27236505621028,-27.38806,152.87778
AU-Sil,-28.913014768896016,-38.996887940352,-19.47926100326401,9.758813468543996,-42.090556,147.0875
AU-Stp,-84.3784323066277,-94.9055011401656,-69.79931513133387,12.553093004415864,-17.1507,133.3502
AU-Wac,-1772.472951936,-1815.305409792,-1701.784275264,56.76056726400009,-37.4259,145.1878
AU-Wel,-232.61595344639994,-289.4093813088,-163.8085254912,62.8004279088,-32.5727,148.9843
AU-Whr,-404.1430603632,-421.5386735370514,-377.77809140228567,21.88029106738287,-36.6732,145.0294
AU-Wom,-1258.578905888216,-1308.8053442651096,-1221.303959990724,43.7506921371928,-37.422506,144.094046
AU-Wrr,-99.90387431374633,-159.95309845106465,-62.51526402080911,48.71891721512777,-43.09502,146.65452
AU-Ya1,11.991229009919998,-12.824031490559989,52.00324276031999,32.41363712543999,-33.613469,150.734864
AU-Ya2,-32.568031169280005,-69.80813183232,-7.389602922240009,31.209264455039996,-33.620812,150.763284
AU-Ync,-133.775185810176,-144.40052978422688,-123.4595932882979,10.47046824796449,-34.9878,146.2908
BE-Bra,-151.95352303091784,-169.56809887651565,-129.1687554903669,20.19967169307438,51.30761,4.51984
BE-Dor,-77.14650561768474,-97.12173804814839,-57.49299951900131,19.81436926457354,50.311874,4.968113
BE-Lcr,-342.5592650976,-371.83840530624,-311.88474970848006,29.97682779887998,51.11218,3.85043
BE-Lon,-361.1485691927115,-378.2352821416285,-346.5592529998816,15.83801457087344,50.55162,4.746234
BE-Maa,6.4916828536320175,0.8637968148479978,11.248970075135986,5.192586630143994,50.97987,5.631851
BE-Vie,-488.02508675397326,-514.1277785188588,-466.6941004640219,23.716839027418445,50.304962,5.998099
BJ-Bfg,-788.7604218669258,-842.301369773897,-711.9407446461258,65.1803125638856,9.791,1.718
BJ-Db1,-1173.132596448,-1203.5620246463998,-1157.0343092928001,23.26385767679983,6.607338,2.543043
BJ-Nhu,-164.02349056780804,-224.16563136054856,-142.13258032023768,41.01652552015544,9.74,1.6
BR-ITA,-141.0121835712,-193.2251462784,-113.89833615743999,39.66340506048,-23.0604,-48.6467
BR-Ji3,-1478.4545528639999,-1553.916606624,-1406.2164413184,73.85008265279998,-10.1866,-61.8725
BR-Ma2,-473.63639727961515,-674.3535744248661,-328.2454066385857,173.05408389314022,-2.6091,-60.2093
BR-Ma3,-920.9942506458514,-1086.097261870903,-760.7117630447999,162.6927494130515,-2.3907,-59.8835
BR-Npw,-417.31852484160004,-490.98526109568,-350.05843358784006,70.46341375391998,-16.498,-56.412
BR-Sa1,353.1411497046857,282.27112970934854,420.9072975063772,69.31808389851432,-2.8567,-54.9589
BR-Sa3,-133.2686860416,-199.1265640992,-85.57119443519998,56.77768483200001,-3.018,-54.9714
BR-Xpw,268.32666550809597,235.37277770342402,313.76417966208004,39.19570097932801,-16.373,-56.461
CA-ARB,-53.777919771857455,-56.983912720704,-51.608520714868355,2.6876960029178214,52.695,-83.9452
CA-ARF,-17.462803234286774,-20.307390668241222,-15.54841739761477,2.379486635313226,52.7008,-83.955
CA-CF3,-51.42701604643201,-54.11798831347198,-49.37729812704,2.3703450932159917,58.6658,-93.8304
CA-Ca1,-345.69275413513844,-374.32252760477536,-315.7798278616616,29.27134987155688,49.8673,-125.3336
CA-Ca2,579.8129367995346,557.613884020189,600.9404822417455,21.66329911077827,49.8705,-125.2909
CA-Cbo,-320.1404825361658,-346.29499287753765,-276.32448808616374,34.985252395686956,44.3184,-79.9341
CA-DB2,4.879304307072001,-30.995579411711994,31.814818149888,31.4051987808,49.119,-122.9951
CA-DBB,-23.25071071740342,-56.06502931254856,1.4261664647314323,28.745597888639995,49.1293,-122.9849
CA-DSM,-71.44669342079996,-94.5550172736,-57.09889843200002,18.72805942079999,49.0887,-122.8954
CA-EM1,8.09967807360001,-13.390113024,21.2797725696,17.3349427968,50.3623,-100.2024
CA-EM2,-180.26253964224,-193.70307667392,-166.12304888447994,13.790013894720033,50.3706,-100.5339
CA-Gro,-121.99151359400723,-139.34509287159267,-110.54764242995432,14.398725220819173,48.2167,-82.1556
CA-Man,-20.73741946368498,-28.303886415235322,-15.564840383276877,6.369523015979222,55.8796,-98.4808
CA-Mer,-86.50937814338317,-99.17205734583209,-79.24228618240046,9.964885581715812,45.4094,-75.5186
CA-Qfo,4.4611868818285725,-15.640675060114287,9.94650586971429,12.793590464914288,49.6925,-74.3421
CA-RBM,71.897994144,60.4631335104,81.43223656320002,10.484551526400011,49.1313,-123.1964
CA-SJ2,128.838406830336,122.134184983872,139.54991300582398,8.707864010975989,53.945,-104.649
CA-TP1,167.60264163915645,121.3508981855646,184.28800422791747,31.468553021176433,42.6609,-80.5595
CA-TP2,-858.3705212716801,-887.9772147839999,-806.2500557779199,40.86357950304,42.7744,-80.4588
CA-TP3,-557.0552981135846,-569.8829067701025,-539.733953335925,15.074476717088771,42.7068,-80.3483
CA-TP4,-133.2442739187999,-172.91243782888998,-113.72772459815802,29.59235661536598,42.7102,-80.3574
CA-TPA,-266.13943507584,-288.946392912,-242.58225529152,23.18206881024001,42.6947,-80.3487
CA-TPD,-180.37052927643924,-205.99413341498177,-152.84385587931575,26.57513876783301,42.6353,-80.5577
CD-Ygb,257.22775474272004,115.79096503987199,301.2602133945601,92.73462417734405,0.814444,24.502472
CG-Tch,-187.16456113343997,-198.32924019743996,-183.92175650304,7.203741847199979,-4.2891665,11.656417
CH-Aws,-274.6759073712975,-302.0460069070237,-209.27464982717723,46.385678539923234,46.58311,9.790639
CH-Cha,52.38358795705772,-78.0948570086504,121.5836748759285,99.83926594228944,47.21022,8.410444
CH-Crs,-86.11644055680003,-153.90811575936,-20.535990186239964,66.68606278656002,47.0436,7.0475
CH-Dav,-260.46620829922807,-394.6653704882157,-193.2400811807915,100.71264465371209,46.81533,9.85591
CH-Fru,-315.01147961302456,-484.43409943783973,-199.03228938969806,142.70090502407083,47.115833,8.537778
CH-Lae,-217.84929259573536,-330.1672297757557,-118.87854609646672,105.64434183964448,47.478333,8.364389
CH-Oe1,-334.29920381406714,-352.21786346707205,-317.239602705792,17.489130380640034,47.28583,7.731944
CH-Oe2,-21.931805787238005,-47.979354733402516,8.620075628009875,28.299715180706194,47.286415,7.73375
CH-Oe3,-281.6069044565211,-313.6116877540663,-257.38193598977824,28.11487588214402,47.28542,7.732438
CH-Rh1,214.83474301151998,100.57384363985281,301.94434492415996,100.68525064215358,47.3,9.5
CH-Rh2,-414.95347154880005,-586.6935601536001,-364.69381716288,110.99987149536003,47.3,9.5
CH-Rtb,-505.4831988581907,-544.7241053231008,-443.71033666009316,50.50688433150384,47.3804,8.9934
CH-Tnk,-277.21603661990395,-286.19757962496,-268.320874088448,8.938352768255982,47.48058,8.911775
CL-SDF,-163.33841977344,-188.4350836459008,-117.52915308145919,35.4529652822208,-41.883,-73.676
CL-SDP,42.63114596140801,31.87113265209601,49.06431734457598,8.596592346239987,-41.879,-73.666
CN-Aro,-352.7599061825281,-378.78377333540067,-329.9158562738269,24.433958530786896,38.04734,100.46432
CN-Ash,-1461.0853211149963,-1520.8955746957963,-1398.6860102427925,61.104782226501925,24.53806,101.02917
CN-BeO,-48.069669188962266,-99.27060671725712,-17.05878061282283,41.10591305221715,40.02621,116.39143
CN-Dda,-110.29059591551999,-112.80308223744,-107.88786634751997,2.45760794496001,41.64397,110.33147
CN-Dmn,-703.7716394224201,-728.0613488299085,-669.7035785811953,29.17888512435661,38.85551,100.37223
CN-Dsh,-306.3070890057207,-319.0171967498618,-298.8974135374969,10.059891606182447,38.83992,98.9406
CN-Du2,-104.03697452179887,-115.73109591002743,-83.34730753699887,16.191894186514283,42.0467,116.2836
CN-Dzo,-1006.6979438138056,-1070.7096115481143,-949.2267006906172,60.74145542874851,19.546,109.475
CN-Erg,-28.829835999359986,-59.04191423231999,-11.86017014592001,23.59087204319999,50.1869,119.3889
CN-Ha2,-268.174704121056,-283.88682899308793,-253.10762971977599,15.389599636655973,37.6086,101.3269
CN-HaM,-215.8747560119314,-230.0779316987383,-211.80505947839998,9.136436110169157,37.607433,101.332
CN-HaW,-308.89373510304,-320.64279232608,-277.77033419904,21.43622906351999,37.607655,101.32899
CN-HeD,15.649255956960001,13.099425391583999,18.3771118728576,2.6388432406368008,42.1135,100.9872
CN-HeM,-400.85591680629807,-425.90613131329746,-376.29176279348945,24.807184259904005,41.99029,101.13349
CN-Huz,-228.29881559904,-233.41229365289138,-223.80768444713146,4.802304602879957,38.76519,100.3186
CN-Jng,-169.51814193887998,-180.12201296058512,-159.87494841268114,10.123532273951994,37.83869,101.1145
CN-Jzh,-526.4746137912961,-581.0824075003202,-473.879240657856,53.60158342123211,41.14806,121.20167
CN-Lch,-623.2123644110088,-754.4611966864209,-561.3820387241143,96.53957898115328,37.88936,114.69289
CN-Lsh,187.423857072,145.55048699519995,236.26320071040004,45.35635685760005,45.27984,127.57821
CN-Nmn,-437.16264582700796,-453.03460898399993,-420.002939340864,16.515834821567978,42.94611,120.72694
CN-Sb1,-1883.3090471423998,-1909.1346964416002,-1860.9338913983997,24.100402521600245,42.40907,117.31461
CN-Sb2,-1270.8376968407042,-1300.090288752,-1236.69563828544,31.697325233280026,42.39117,117.37017
CN-Sdq,-262.8219294542263,-278.2037683936841,-256.03738541403425,11.083191489824912,42.00119,101.13741
CN-Xi2,-142.68383414043427,-183.95156946832458,-116.35725218906879,33.797158639627895,43.55444,116.6714
CN-YaS,7.720823202237259,1.55356881903361,12.208986934148568,5.327709057557479,37.70877,107.22655
CN-Yan,-253.00675987200003,-259.24930668288,-240.56466030720003,9.34232318783998,37.82861,107.49278
CN-You,-143.53315797657598,-154.7596461327552,-137.5341507821952,8.61274767527999,38.01419,100.24206
CN-Yuc,-573.3888402116571,-615.887561989111,-519.1383315779384,48.37461520558628,36.8287,116.5701
CN-Zha,-650.1715627900008,-695.9454095312137,-598.2834931189286,48.830958206142554,38.97514,100.4464
CR-AqC,-837.4366514748342,-904.2272720286171,-797.3325451999543,53.44736341433139,9.938369,-83.7289
CR-Fsc,-1157.9251548959996,-1406.9013122592,-1066.9653803807998,169.9679659392001,10.4189,-85.4732
CZ-BK1,-737.8259119795106,-773.4559213590954,-713.5936476695764,29.93113684475952,49.502075,18.536882
CZ-BK2,36.745094114742884,22.976430387017157,45.55447822902858,11.289023921005713,49.49443,18.54285
CZ-KrP,-97.25159903915517,-108.78769508198398,-86.12560085483517,11.331047113574407,49.573257,15.078773
CZ-LnG,37.65858794496002,10.17124492608,55.33123288319999,22.579993978559994,48.704224,16.926247
CZ-Lnz,-516.7678369909875,-534.21453051264,-500.78709883196507,16.713715840337443,48.68155,16.946331
CZ-RAJ,-247.1776412154495,-276.41211937501083,-220.22474075401848,28.093689310496174,49.44372,16.696512
CZ-Stn,-257.85570066193577,-330.3715246761917,-228.85197926432284,50.75977270593444,49.035976,17.9699
CZ-wet,74.11022475124548,52.02431197295495,88.7082025165238,18.341945271784425,49.02465,14.77035
DE-Akm,17.106617131012968,-8.342306013880545,33.51829113242926,20.930298573154904,53.86617,13.68342
DE-Amv,39.774140812799985,36.24910392959997,47.558459750399976,5.654677910400004,52.1757,6.95537
DE-Brs,-287.27154258048,-305.9315773632,-273.9542231116799,15.988677125760063,52.29663,10.44871
DE-Fen,-216.86705918207997,-259.57977895872,-185.01236155008,37.283708704320006,47.832905,11.060701
DE-Geb,-182.87156954880004,-214.63000909632004,-170.6166865152,22.006661290560018,51.09973,10.91463
DE-Gri,-96.31955739812501,-110.92126792426183,-82.94741332210879,13.98692730107652,50.950005,13.512533
DE-GsB,186.54013235231997,166.270070456064,208.19437865332364,20.962154098629824,52.029648,11.10478
DE-Hai,-522.1038668808477,-553.1046860016719,-497.928780606105,27.587952697783436,51.079212,10.452168
DE-Har,-206.39288083968,-240.98530181759998,-187.31765113343997,26.833825342080004,47.93391,7.59814
DE-Hdn,-336.25548969984,-353.78121593087997,-324.32537286144003,14.727921534719968,53.86825,13.268543
DE-HoH,-260.84982303359993,-286.6947942915491,-242.09325933696007,22.300767477294514,52.08656,11.22235
DE-Hte,-233.3689920662606,-249.28811213307426,-222.29723214348067,13.495439994796797,54.213055,12.179944
DE-Hzd,147.77908581017093,103.8573230424024,181.35340084115415,38.74803889937588,50.96381,13.48978
DE-Kli,-99.80310153077562,-118.88312187699177,-83.97433774947564,17.454392063758064,50.893044,13.5223
DE-Msr,-353.03324900544,-393.15066343084794,-306.11527837344,43.517692528703975,47.80918,11.456168
DE-Obe,-249.75186531578916,-277.22073357046816,-222.45496674214584,27.382883414161157,50.7864,13.72168
DE-Rns,-455.962566982464,-488.3666833100159,-432.81627369407994,27.77520480796798,51.494953,9.932118
DE-RuC,156.1120265138269,141.7545232639069,164.8402337126749,11.542855224383999,50.5031,6.336
DE-RuM,-521.6778157248,-533.2774082770285,-505.97726762567305,13.650070325677717,50.929787,6.2969923
DE-RuR,-171.84289240257547,-185.11124561064034,-157.7679083460585,13.671668632290917,50.621914,6.304126
DE-RuS,-484.7332090044314,-495.73467694977666,-471.8523611047864,11.941157922495137,50.865906,6.4471445
DE-RuW,-452.6991776087887,-524.1208993177183,-421.53597115336146,51.29246408217844,50.50493,6.3309627
DE-Seh,-510.3467603712,-536.71614196032,-492.80662961856,21.95475617087999,50.870625,6.449653
DE-SfS,-465.16272190073016,-491.68854999590405,-436.8397367304262,27.424406632738936,47.80629,11.32757
DE-Spw,-391.9559693299199,-411.40240676928,-375.97050471168,17.715951028799992,51.89225,14.03369
DE-Tha,-493.1207784918951,-506.669403953261,-482.12709069307556,12.271156630092719,50.962597,13.565333
DE-Zrk,15.90035989165714,-36.95020479687494,93.90062136096002,65.42541307891747,53.875942,12.88901
DK-Eng,-72.44556914304002,-80.13421960704001,-64.10331430848,8.015452649280007,55.69053,12.19175
DK-RCW,-353.1071230271999,-370.91015873279997,-340.3840342463999,15.26306224320004,55.680683,12.101398
DK-Sor,-249.44013099810178,-260.60700041171015,-234.72379462020137,12.941602895754386,55.48587,11.644645
DK-Vng,-136.88106979968,-144.38411412480002,-131.99191373952,6.196100192640017,56.037476,9.160709
EE-Pts,4.964296740479988,-1.478220744959998,19.22117276736,10.349696756159998,58.562298,24.369932
EE-Stg,-186.83662429553138,-200.11635911478854,-167.1897396528,16.46330973099427,58.023636,26.070753
ES-Abr,-0.31365872179200394,-9.520738700543998,11.20637223936003,10.363555469952015,38.70184,-6.785881
ES-Amo,76.81388920279853,71.71321026056728,80.98048081159854,4.63363527551563,36.833405,-2.2522173
ES-Crg,-224.06769291456,-273.48795421055996,-185.73246154655996,43.877746332,39.11926,-0.95852
ES-FtD,-153.039399604992,-197.38062505727999,-123.55472635199999,36.91294935264,36.99854,-6.434575
ES-HeB,-184.45581194111998,-232.66374940523522,-159.65248691289597,36.50563124616963,38.40475,-1.726215
ES-Hen,-175.7816017138944,-228.43828638374399,-126.19383462143998,51.122225881152005,38.411087,-1.697534
ES-LJu,-7.129325895686069,-42.79149415292173,17.600318408312194,30.19590628061696,36.926594,-2.752115
ES-LM1,-11.023680896221098,-21.320702089658194,-2.059037125108347,9.630832482274924,39.94269,-5.778683
ES-LM2,31.04990868978431,18.30240768653674,36.728272459882476,9.212932386672868,39.934593,-5.775881
ES-LMa,50.868493596288,36.743567922431986,61.629365294784,12.442898686176008,39.94033,-5.77465
ES-LgS,-102.536035538112,-110.25908889408,-96.51973447296,6.869677210559999,37.097935,-2.965833
ES-Mcd,-154.45740446290287,-176.79621574228113,-135.82817773796572,20.48401900215771,39.58819,-0.39969
ES-MtB,-407.76335766432,-417.38572940544,-400.40326493855997,8.491232233440002,37.020206,-6.5544033
ES-Mzn,-20.366102056320017,-41.57555962751997,-2.0218919327999814,19.776833847359995,40.089497,-0.827409
ES-Pdu,-130.761917568,-149.896173024,-107.25682582080002,21.319673601599995,37.016975,-3.609228
ES-Pzb,45.92325182976002,34.67940264000001,57.44170805760001,11.381152708799998,38.362118,-4.767329
ES-Srn,26.467920288000002,-11.41017974784001,38.199020014080006,24.80459988096001,40.15047,-0.8380832
ES-VDA,-82.78651595519999,-134.23013356032,-47.30211544319997,43.46400905856002,42.15111,1.4473800000000001
ES-Yst,-339.31041958656,-355.50900983232,-323.98735672512004,15.76082655359997,38.338932,-2.3506052
FI-Hyy,-228.60092958375273,-238.48530172802845,-220.06668923092448,9.209306248551982,61.847410000000004,24.29477
FI-Jok,124.36938745919998,120.34580152895997,131.25218077728002,5.453189624160025,60.8986,23.51345
FI-Ken,53.39903132752457,41.884680659328,67.78098534034287,12.948152340507434,67.98721,24.24301
FI-Let,-33.206153672982865,-54.61805505527588,-9.349345365572574,22.634354844851654,60.64183,23.95952
FI-Nsv,34.593834734207995,30.687020474112003,36.898743642624005,3.105861584256001,62.8639,24.08382
FI-Qvd,92.427580185984,19.916587497600005,137.62670392512,58.85505821376,60.295242,22.391607
FI-Rk2,296.2116696384,270.681485004288,311.83015167359997,20.57433333465599,61.182884,25.262684
FI-Ruk,383.97345398496,360.3837292128,418.10531958575996,28.860795186479976,64.68398,25.106318
FI-Sar,-123.40239114240003,-137.8362790656,-110.39500627200003,13.720636396799982,63.15143,27.199064
FI-Sii,-29.994643007999997,-33.5153116207543,-26.530345475382866,3.4924830726857152,61.83265,24.19285
FI-Sod,149.8354920576,135.67053377664,158.14198944,11.235727831679995,67.36239,26.63859
FI-Var,13.041644020416005,1.300351764384006,22.306107738816003,10.502877987216,67.7549,29.61
FR-Aur,-181.5010717342386,-198.26999282310695,-167.3670361341344,15.451478344486276,43.54965,1.106103
FR-Bil,-451.56321605072293,-464.6677166151447,-435.1231835796829,14.772266517730884,44.493652,-0.956092
FR-CLt,111.07936892505597,90.403503110784,123.19050076047357,16.393498824844784,45.0414,6.41053
FR-EM2,-244.4772965402058,-284.2414879856914,-214.42143093630165,34.910028524694866,49.87211,3.02065
FR-FBn,-607.0011372792943,-637.6511284255391,-585.7714870240786,25.93982070073025,43.24079,5.67865
FR-Fon,-314.39438838143997,-335.92957517952004,-287.99599448448,23.966790347520032,48.476357,2.780096
FR-Gri,-383.1713522986271,-414.1947247535525,-356.81377068697066,28.690477033290932,48.84422,1.95191
FR-LBr,-323.7045636928732,-346.2668794359771,-305.6629666852718,20.30195637535266,44.71711,-0.7693
FR-LGt,199.84874704045714,165.61344429092568,217.5851838072137,25.985869758144005,47.322918,2.284102
FR-Lam,-191.5397071776,-213.13725384959997,-166.75943040000004,23.188911724799965,43.496437,1.237878
FR-Lqu,-99.56440995839999,-113.93980784639999,-83.98680550848,14.976501168959992,45.6444,2.7349
FR-Lus,-340.90413655104,-351.98844098688005,-332.4508463808001,9.768797303039975,46.414246,0.1206518
FR-Mau,-216.29804987231995,-235.50876859392,-186.34998367007998,24.57939246192001,43.385,1.29306
FR-Mej,164.38005505464682,144.69733313033143,181.3810978121143,18.34188234089143,48.1184,-1.79635
FR-Nzn,97.94165119183542,68.57361058422855,135.90985566235884,33.668122539065145,48.005814,-2.81721
FR-Pue,-220.16217890765154,-246.3318837426327,-205.82091854559653,20.255482598518086,43.7413,3.5957
FR-Tou,118.62024770236114,87.62009579670857,139.71885548070858,26.049379842000008,43.572857,1.37474
GF-Guy,-219.51161905326862,-276.3921983197386,-180.32030615598384,48.035946081877384,5.2787,-52.9248
GL-Dsk,-20.21645497536001,-27.198301841280017,-9.757438778880003,8.720431531200006,69.25349,-53.51413
HK-MPM,-1048.39150176,-1113.12111168,-1002.5526093696001,55.28425115519997,22.498167,114.029236
ID-JOP,-781.5427572362605,-817.6487518746515,-755.1654325594149,31.2416596576183,-1.69306,103.39139
ID-PaB,-150.99732273141615,-226.0203604373102,-101.58738839699915,62.21648602015552,-2.340796,114.0379
ID-PaD,-295.99967534458983,-385.6146659430703,-222.50594849587313,81.55435872359858,-2.3460708,114.03641
ID-Pag,-587.808799196791,-695.0156614669029,-551.5622319324507,71.7267147672261,-2.3239167,113.90439
IE-CaC,-169.20415078272003,-181.77292415231997,-162.043021442304,9.864951355007989,52.85879,-6.918136
IE-CaN,-184.57262536319993,-198.85799790719992,-181.26686321279988,8.79556734720002,52.85879,-6.918136
IE-Cra,-29.676745547135997,-35.49565765439999,-23.994084522239994,5.750786566079999,53.32308,-7.64177
IL-Yat,-86.9612016642111,-96.2846764081306,-80.09428874989584,8.095193829117378,31.345045,35.051987
IT-Arz,-86.74862368587429,-105.89072096262855,-68.90113809380571,18.494791434411418,45.61902,10.00228
IT-BCi,-76.15485573558654,-105.5763465681249,-52.44117352795361,26.567586520085648,40.52375,14.957444
IT-BFt,-42.013829216859406,-103.29834430738283,14.561503636114296,58.929923971748565,45.197754,10.741966
IT-BsB,-569.7474697411199,-818.3937966335999,44.74014591455999,431.56697127407995,45.11823,7.161995
IT-CA1,-317.6955113184,-348.89936385024,-307.71730764864003,20.591028100799974,42.38041,12.026561
IT-CA2,-171.34972827264002,-218.89009593216,-136.22673856319994,41.331678684480025,42.37722,12.026039
IT-CA3,-531.8350077064321,-570.10893963264,-487.1856242073599,41.46165771264006,42.38,12.0222
IT-Cp2,-771.1443666843428,-795.4952605339885,-752.7997946550855,21.347732939451475,41.704266,12.357293
IT-Cpz,-509.2001822283428,-529.1117281242514,-488.57090932182854,20.270409401211424,41.70525,12.376106
IT-Lav,-2030.3991810625007,-2059.5921221125514,-2001.2087975384145,29.191662287068425,45.9562,11.28132
IT-Lsn,-38.03330391278399,-49.293851034388105,-30.261682659085714,9.516084187651195,45.740482,12.750297
IT-MBo,3.0261056197005054,-12.826849620048598,13.415218208514524,13.121033914281561,46.01468,11.045831
IT-MtM,-402.21377708018684,-416.81896051697277,-354.281477688576,31.268741414198388,46.687134,10.579597
IT-MtP,171.09254745792,130.39341902784,187.12783544831998,28.367208210239994,46.684284,10.5851755
IT-NiG,-54.218229783552005,-92.00563931635199,-30.44705366880002,30.779292823775982,45.51919,7.171434
IT-Noe,53.153960797439986,-29.676365625600027,142.41982745664,86.04809654112002,40.606174,8.151694
IT-PT1,-587.0865045888,-618.0935337216,-572.1478687295998,22.97283249600008,45.20087,9.061039
IT-Ren,-732.0473481306758,-808.1612294878569,-664.7470899396212,71.70706977411783,46.58686,11.43369
IT-Ro1,-216.19447721732575,-242.28994517362278,-186.60751961307426,27.84121278027426,42.40812,11.93001
IT-Ro2,-668.1405767266286,-694.5064119434056,-635.3315855866698,29.58741317836791,42.39026,11.92093
IT-SR2,-244.31055974486273,-282.2375737358013,-217.1517065684636,32.54293358366884,43.73202,10.29091
IT-SRo,-392.3006838174075,-423.33961230777766,-369.8165197595652,26.761546274106223,43.72786,10.284445
IT-Tor,-66.85406847497345,-105.81832647225511,-34.00083671128216,35.90874488048647,45.84444,7.578055
IT-TrF,-900.4637297437109,-923.6997677926853,-879.0154430882668,22.342162352209243,45.82376,7.56089
JP-Api,-262.2892787055841,-282.39643023439794,-232.06585005540612,25.16529008949591,40.001358,140.93658
JP-Fhk,-170.17649718852712,-198.49606806739766,-151.1411621762541,23.677452945571773,35.443554,138.7647
JP-Fjy,-419.4322517678123,-438.01708634649265,-406.0419170812344,15.987584632629137,35.45454,138.76225
JP-Fmt,-45.01679945965712,-159.667996424832,15.75445114581943,87.71122378532573,35.638744,139.37975
JP-Kzw,-102.88823924303999,-162.4020830094857,-41.814619432662866,60.293731788411414,36.406788,138.57257
JP-MMF,-754.9711939254857,-797.9945944459885,-731.9635814995199,33.01550647323427,44.321884,142.26152
JP-Mse,-208.82345248602516,-221.2622170572343,-199.11750978219422,11.072353637520038,36.05393,140.02693
JP-NsC,-434.57039381768726,-453.72232502228945,-417.6133804005748,18.054472310857335,36.915054,139.93684
JP-NsM,-299.0193590194036,-316.44659383435635,-285.40056475322183,15.52301454056726,36.91604,139.936
JP-Nuf,-205.75454065344007,-247.22611188479996,-147.53955340799996,49.8432792384,35.152416,136.9719
JP-SMF,231.07132336344688,107.89911446409876,270.4509459327847,81.27591573434296,35.261528,137.07875
JP-Spp,266.7570689005951,205.24447157475333,311.9403766018821,53.347952513564394,42.986843,141.38533
JP-Srk,-1045.72123924032,-1077.1260406588797,-1011.5156254291201,32.805207614879805,40.565483,140.12779
JP-Ta2,-700.3985370959314,-764.6596439537828,-658.7023256255313,52.97865916412576,36.140038,137.37071
JP-Tak,-368.46201713685264,-402.3351607404982,-342.5168181515527,29.90917129447277,36.146168,137.42311
JP-Tef,24.628496973254645,4.728940115483592,42.44889699337185,18.859978438944125,45.05581,142.10712
JP-Tmd,197.08221619889486,183.669521161248,204.94505148085028,10.637765159801134,42.735912,141.52315
JP-Tmk,-311.58253393920006,-325.5128719488,-301.23254277504,12.140164586880019,42.739307,141.51483
JP-Toc,-604.50412165344,-625.29217746336,-568.21471251264,28.538732475360007,42.70973,141.5659
JP-Yms,-202.62486730743638,-241.07971348746096,-176.49334664522638,32.29318342111729,34.79028,135.84094
JP-Ynf,-463.2725225478857,-484.48060108457145,-433.8092508901714,25.33567509720001,26.751,128.21266
KE-Chk,97.72951034879998,92.2523323392,104.22833086079999,5.987999260799995,-3.6663,38.350185
KE-Kpt,-265.83642827999995,-279.59257447199997,-255.50876680531198,12.041903833343994,-1.6141866,37.13311
KE-Mkt,-389.91572650367993,-399.4082619148799,-377.29529485056,11.056483532159945,-3.425859,38.140663
KR-AdC,-438.33375866879993,-466.5334669919999,-418.47540935039996,24.029028820799965,36.50565,126.35909
KR-CRK,41.81157342720001,16.51295891931435,65.56123371702857,24.52413739885711,38.2013,127.2497
KR-CmF,-186.37112088576004,-207.13989159359997,-165.84660299520002,20.646644299199977,37.1599,127.65365
KR-GmR,-793.37449161216,-808.09651541376,-763.12530635904,22.48560452736001,35.74862,126.86432
KR-GmS,-516.4957161653759,-551.470647168,-489.8171181312,30.82676451840001,35.75089,126.81378
KR-HPK,-717.6718533542399,-743.4454757529599,-695.0392407993601,24.20311747679989,34.47722,126.48105
KR-HcM,-587.8397240294399,-655.2532294188479,-539.812554437952,57.720337490447946,37.61938,127.84571
KR-Hnm,145.83757443552003,17.414828930591987,214.12706722272003,98.35611914606402,34.5538,126.56992
KR-JjM,-654.750771397344,-673.6843447430399,-642.7384620531841,15.472941344927904,33.31798,126.56772
KR-Kw1,-383.62664896243194,-535.9718328168958,-237.38134344019204,149.2952446883519,37.74843,127.16261
KR-Kw2,216.07011880525437,144.34075983167997,250.415621853696,53.03743101100801,37.74869,127.14888
KR-Nj1,62.69408035199998,16.919109446399982,81.599122656,32.34000660480001,35.02753,126.82093
KR-Nj2,-0.5666117184000008,-35.66390549759996,5.261797843199988,20.462851670399974,35.0269,126.8219
KR-PcD,-296.82133027776,-497.59473225599993,-103.88163135167999,196.85655045215998,37.48184,128.51604
KR-SmM,-432.2250043330011,-470.2127854882012,-405.03606897402517,32.588358257088004,37.93894,126.95471
KR-UAO,4.971302553599999,-17.785335214079993,20.863746719999998,19.324540967039994,36.41682,128.79904
KR-WdE,-435.03754440959995,-506.1231305855999,-345.0332474496,80.54494156799993,34.35956,126.67779
ML-Kem,-479.86369982208,-499.30120486656,-449.71339439232,24.793905237119986,15.2875,-1.543056
MN-Hst,54.525096324864,47.38255996709377,61.58499055200001,7.101215292453119,47.59293,105.85497
MN-Kbu,-503.78496538751995,-528.569158238208,-483.954595029504,22.307281604352028,47.21397,108.737335
MN-Nkh,-86.896159081344,-90.28139109465599,-83.66464225152002,3.308374421567983,47.693592,107.48934
MX-Aog,36.629511795648014,-19.350316309248022,85.88893027881599,52.61962329403201,26.9968,-108.7892
MX-Tes,-81.73643618534399,-93.16257584659198,-72.13969367193599,10.511441087327995,27.8446,-109.2977
MY-LHP,-470.4403633385143,-766.0663402752,-342.82463901325707,211.62085063097146,4.201007,114.03908
NL-Hrw,-29.221273018697154,-69.96792814848003,-4.706002686445743,32.63096273101714,51.972466,5.641228
NL-Loo,-501.61572964673564,-514.7696673571886,-480.7588805639534,17.005393396617592,52.166447,5.74355
NL-Vkp,-57.036860012641746,-87.05700788664434,-30.588815843345472,28.234096021649435,51.980934,5.618825
NO-And,-19.406212900605244,-23.006409023067416,-16.335144541275415,3.3356322408960004,69.1422,16.01975
NO-Fns,-0.35483250527999743,-7.605316879488004,3.671144138879999,5.638230509184002,60.59384,7.5271025
NO-Hur,-28.440028454399986,-57.789386496000006,-3.5471224511999537,27.121132022400026,60.37163,11.07949
NZ-ADd,-140.91909305241597,-161.17729667020797,-130.83518551103998,15.171055579583992,-43.64405,172.35465
NZ-ADw,-162.50983365513596,-188.99163480038402,-141.41213185577143,23.789751472306293,-43.64935,172.34952
NZ-BFm,-468.95507870975996,-487.53845785728,-463.18886035199995,12.174798752640015,-43.593528,171.929611
NZ-BFu,-192.02673877631997,-203.13226655999998,-180.04369167360002,11.544287443199977,-43.591833,171.926833
NZ-Cla,-284.66626608,-318.344639616,-253.41995885702397,32.46234037948801,-43.78628,171.59558
NZ-Kop,-253.54277661599997,-270.970003549152,-234.48401238239998,18.242995583376015,-37.387875,175.55389
NZ-Lau,-32.369706597394284,-70.9896156916937,-7.698081064484544,31.64576731360458,-45.038904,169.681109
NZ-Oxf,-140.54662630195202,-166.709955921408,-127.24176370867198,19.734096106368014,-43.2609,172.21588
NZ-ScF,-316.58231901571196,-349.04327139648,-293.5413434592,27.750963968640008,-37.46,175.22
PA-SPn,-380.11162464,-462.54926154239996,-271.31153821056,95.61886166591998,9.31814,-79.6346
PA-SPs,466.08453423360004,392.08450704192,548.0329926528,77.97424280543999,9.31378,-79.63143
PE-QFR,-361.38463286399985,-478.9440527616,-312.43118262912003,83.25643506623999,-3.8344,-73.319
PR-xGU,-209.28225623039995,-224.313253115904,-183.81357289958402,20.249840108159987,17.9696,-66.8687
PR-xLA,269.7732480384,159.42364888032003,350.9653428864,95.77084700303998,18.0212,-67.0769
RU-Ch2,-91.82001111338056,-102.19753488392226,-86.27182910339656,7.962852890262852,68.61689,161.35089
RU-Che,-67.33028657087998,-78.41508238080002,-58.10566679424001,10.154707793280004,68.61304,161.34143
RU-Fy2,59.41142964646765,37.85202357757714,73.29383819154515,17.720907306984003,56.4476,32.90188
RU-Fy4,-121.66424852544002,-140.55616193472,-91.44556083072,24.555300552,56.4727,33.0413
RU-Fyo,85.45125866626555,64.86701708972765,98.77964815519496,16.956315532733655,56.46153,32.922085
SD-Dem,-98.53604830079999,-111.37158172224001,-92.48697787391998,9.442301924160013,13.2829,30.4783
SE-Deg,-52.582974562368,-53.782713009792,-51.19561330502399,1.2935498523840039,64.18203,19.55654
SE-HfM,-9.706789681919998,-17.869823156160002,1.8319617331200035,9.850892444640003,64.15955,19.551497
SE-Hmr,-40.35984497855999,-47.585759135039986,-29.839253385600003,8.873252874719991,64.15955,19.551497
SE-Htm,-75.22947425417141,-110.58284674252803,-48.6167648906057,30.983040925961166,56.09763,13.41897
SE-Nor,355.1974638467657,324.6691297988571,384.1417241946515,29.736297197897187,60.0865,17.479504
SE-Ros,-277.26572613451884,-311.49752650699884,-250.50148990271998,30.498018302139428,64.16522,19.79074
SE-Srj,-5.1977659392,-14.298371786879997,2.0291216325119974,8.163746709695998,64.17498,19.56381
SE-St1,-113.68648362182401,-134.0103485232,-97.80462021887999,18.10286415216001,68.35415,19.050333
SE-Sto,-51.44642881919998,-53.0536194144,-48.87239550912,2.0906119526400033,68.35594,19.045208
SE-Svb,-109.85134585839714,-122.95814035077818,-98.53322641343999,12.212456968669095,64.25611,19.7745
SN-Dhr,-191.14746065780074,-204.9292479525251,-181.96657273890327,11.48133760681091,15.40256,-15.43214
SN-Nkr,-311.2316240667429,-328.2889844982857,-302.74228920630856,12.773347645988565,14.49581,-16.45357
TH-Mae,-633.4879202829258,-668.4856184746286,-598.0775811251657,35.20401867473146,18.42264,99.72025
UK-AMo,-15.786354930895868,-23.541988562964843,-6.0431245260518764,8.749432018456483,55.792545,-3.2436917
UK-BnB,-100.83799280447998,-110.45453035449599,-94.96792200959999,7.743304172447999,54.82326,-6.66984
UK-CCr,-100.77852867840002,-106.71846716159996,-96.14488492799998,5.286791116799989,52.2542,-3.93357
UK-GaB,-80.26376341248,-83.51416939391997,-72.94404858623999,5.285060403839992,55.10994,-6.529928
UK-Gnn,-78.00610704768,-87.2517550464,-66.85821266112,10.19677119264,54.96185,-6.760763
UK-Gwr,-147.51830059776003,-157.18759924608,-136.82819832191996,10.179700462080021,54.85464,-5.988278
UK-HgF,151.92720961919997,139.59726572159997,168.85233043200003,14.627532355200032,52.552177,0.515057
UK-HpF,-252.08246960639997,-259.8684954624,-245.75327164799995,7.057611907200027,52.24809,-0.0498267
US-A03,-70.99109443337144,-94.73041069648457,-45.71863367698285,24.50588850975086,70.4953,-149.8823
US-A39,-33.746937983999985,-46.61742067199999,-21.498372311040022,12.559524180479983,36.3776,-96.069
US-ABa,-359.45060473728,-384.94197551232,-335.55829640831996,24.691839552000033,27.1301,-81.2011
US-ABb,-158.28953606784,-194.1265161792,-134.95784188031996,29.584337149440017,27.1346,-81.2031
US-ABc,-478.20485982528004,-498.84311922047993,-439.2674235244799,29.787847848000013,27.1633,-81.1873
US-ABd,-295.71361747775995,-326.812956028416,-273.3642054432,26.724375292608016,27.1699,-81.2152
US-ABe,-211.57338927744004,-262.4540816448,-184.83931302911992,38.80738430784004,27.1656,-81.2161
US-ADR,-3.5546299027199986,-5.944791070079999,-0.9739788948864001,2.4854060875967994,36.7653,-116.6933
US-AR1,55.128808820159996,25.921759591296,86.29833549599999,30.188287952352,36.4267,-99.42
US-AR2,-37.76028268464,-48.154356074880006,-28.824819910848,9.664768082016003,36.6358,-99.5975
US-ARM,-176.56720922877167,-186.32375993914715,-157.18031922362172,14.571720357762715,36.6058,-97.4888
US-ARb,42.15922940159997,35.34015484800001,60.84647372159999,12.75315943679999,35.5497,-98.0402
US-ARc,-12.140447961600017,-21.47156346239998,-9.169916947200015,6.150823257599983,35.5465,-98.04
US-Aud,148.89291666502555,132.88161134080886,166.03349602010616,16.57594233964865,31.5907,-110.5104
US-BRG,-108.07584433919999,-195.52144134528007,-52.29750801024,71.61196666752004,39.2167,-86.5406
US-BZB,5.509297427283112,-17.194896247193768,26.601833793076377,21.898365020135074,64.6955,-148.3208
US-BZF,64.14326152875131,35.310936193413625,81.23695959016663,22.963011698376505,64.7013,-148.3121
US-BZo,-46.869193543474296,-67.19982312754287,-29.907747863177146,18.64603763218286,64.6936,-148.33
US-Bar,-192.2570704346922,-254.84460179549535,-162.71391933868586,46.06534122840475,44.0646,-71.2881
US-Bi1,0.9447424510628792,-63.583974806399965,70.70707384703998,67.14552432671996,38.0992,-121.4993
US-Bi2,1633.06550196,1553.218666868571,1703.8718799819428,75.32660655668587,38.1091,-121.5351
US-CF1,-210.11682974688006,-225.037318389408,-200.14519847327995,12.446059958064026,46.7815,-117.0821
US-CF2,-186.59633321663998,-205.25176277568002,-169.38916991999992,17.931296427840053,46.784,-117.0908
US-CF3,-219.9454418304,-233.10832993920002,-214.5781996992,9.265065120000003,46.7551,-117.1261
US-CF4,-170.04183577919997,-181.52632526399998,-158.44374688319994,11.541289190400022,46.7518,-117.1285
US-CGG,69.96747028031999,2.714737628160023,101.42716637952,49.35621437567999,37.938,-121.9761
US-CMW,-281.00792063370403,-419.9355253493731,-189.34441061496176,115.29555736720567,31.6637,-110.1777
US-CRK,-137.3816800656,-162.52435728864003,-99.25614121766398,31.634108035488026,31.4629,-95.3415
US-CRT,-64.06447749120001,-88.4919316608,-48.405595852799976,20.043167904000015,41.6285,-83.3471
US-CdM,-159.58147697793794,-169.0529150542464,-152.19973424240638,8.42659040592001,37.5241,-109.7471
US-Ced,-99.47477537794285,-116.5282098813257,-84.29481851377369,16.116695683776,39.8379,-74.3791
US-ChR,-791.6265445973718,-924.0382625729629,-714.3081036151277,104.86507947891761,35.9311,-84.3324
US-Cop,-33.278224111487994,-36.73992857817599,-30.603013728191996,3.0684574249919976,38.09,-109.39
US-Cst,-472.05229425984,-488.3220088128,-453.476060070912,17.42297437094399,33.0442,-91.9204
US-DFC,-590.432445989321,-642.2599792518582,-566.9977574875062,37.63111088217602,43.3448,-89.7117
US-DPW,-157.05458578944,-219.5542541664,-89.76497471424001,64.89463972607999,28.0521,-81.4361
US-DS2,701.8226769600001,594.665732736,780.8200994015999,93.07718333279996,38.1375,-121.514
US-DS3,203.39275962239998,169.90681193280003,233.75075688,31.921972473599993,38.1235,-121.549
US-Dix,2.600047330560006,-18.52314455808,19.25470132415999,18.888922941119993,39.9712,-74.4346
US-Dk1,16.58443765412572,-47.05861459350857,72.93484088343773,59.996727738473155,35.9712,-79.0934
US-Dk2,-928.3378918130742,-986.1792950847084,-892.4611630299429,46.85906602738277,35.9736,-79.1004
US-Dk3,-1023.1466166769371,-1084.874691616457,-959.6235146749713,62.62558847074291,35.9782,-79.0942
US-Dmg,-763.3178159961601,-780.7149564768,-742.5414190540798,19.086768711360094,38.0015,-121.6691
US-EDN,-501.25744296493707,-512.2904089157486,-490.19523031789714,11.047589298925715,37.6156,-122.114
US-EKH,-198.71042871168,-207.46517734655995,-188.99392552703995,9.235625909760003,36.8094,-121.7523
US-EKP,-26.848843545600033,-67.98739969727998,9.592751462400003,38.79007557983999,36.8558,-121.7488
US-EML,-16.444608340446308,-27.935060295456868,-0.12977513953246955,13.9026425779622,63.8784,-149.2536
US-Elm,-4.83252674923924,-24.623576930962564,14.698014599553375,19.66079576525797,25.5519,-80.7826
US-Esm,-105.22605549102255,-157.8660921797806,-79.78258425823896,39.04175396077082,25.4379,-80.5946
US-EvM,-85.45918348800001,-90.0807600632544,-73.77608738592,8.152336338667205,25.3539,-80.381
US-Fmf,16.198149467519997,-13.954866649920003,30.130046701632,22.042456675776002,35.1426,-111.7273
US-Fuf,-44.48299191667199,-59.623343153280004,-13.366148397696005,23.128597377791998,35.089,-111.762
US-Fwf,71.007054153984,65.449098220032,73.33671545369855,3.943808616833273,35.4454,-111.7718
US-GLE,-5.390472515950037,-42.41927623172418,13.637990581838576,28.02863340678138,41.3665,-106.2399
US-HB1,-249.69136463999993,-413.27767297481137,-175.51596724333712,118.88085286573713,33.3455,-79.1957
US-HB2,-597.9185538294857,-660.100007292727,-554.1128301739885,52.99358855936924,33.3242,-79.244
US-HB3,-6.007735491840018,-20.23609649471999,17.72814993984,18.982123217279998,33.3482,-79.2322
US-HB4,-138.049589483712,-232.08351812928,-94.73089613932797,68.67631099497602,33.2015,-79.2975
US-HBK,-578.1816721110857,-618.1055267809372,-547.8804700070401,35.112528386948554,43.9397,-71.7181
US-HWB,-176.93069915519996,-425.65502519423995,-42.87745307520003,191.38878605951996,40.8608,-77.8488
US-Ha1,-303.81360740138524,-353.9757760611239,-249.96674642205468,52.004514819534606,42.5378,-72.1715
US-Hsm,366.959060508672,315.448375833216,379.40282879615995,31.977226481471973,38.2368,-122.0212
US-IAB,-166.31849054016004,-181.58684231232,-152.70243330815993,14.442204502080031,42.0001,-93.7016
US-IAC,-383.493439872,-397.9089726336,-372.91476753791994,12.49710254784003,41.9984,-93.7016
US-IAM,-586.8195995301119,-627.73123239936,-566.341429481856,30.694901458751986,41.9994,-93.7042
US-ICh,27.20287060831543,6.1844212760914345,37.07849316466286,15.447035944285712,68.6068,-149.2958
US-ICs,63.51063840388986,48.833105497284166,71.85247257121246,11.509683536964147,68.6058,-149.311
US-ICt,5.6527450239085635,-11.249789787648005,16.600652809673132,13.925221298660569,68.6063,-149.3041
US-Jo1,-147.7661266477262,-161.29403468628894,-139.52834208025317,10.882846303017885,32.582,-106.635
US-KFS,-137.33253276591904,-159.29802036642656,-123.79518434090059,17.751418012762983,39.0561,-95.1907
US-KLS,-204.18287528275198,-300.2724894239999,-50.070719249856,125.10088508707196,38.7745,-97.5684
US-KPL,-26.734641522912007,-34.0439825664,-16.535924314560003,8.754029125919997,60.5382,-150.5061
US-KS2,-333.55321756992,-375.05627052479997,-307.37316311712004,33.84155370383996,28.6086,-80.6715
US-Kon,-133.8469265980207,-154.30607406378655,-114.78668381715163,19.759695123317464,39.0824,-96.5603
US-LA3,-670.07275780032,-687.3176586816,-654.6264905088,16.345584086400038,29.4936,-89.9153
US-LS1,-114.83466128985599,-142.59555242150398,-100.95898072204801,20.818285849727985,31.5615,-110.1403
US-LS2,-302.48310532176004,-330.29100577151996,-277.09926989184,26.59586793983999,31.5659,-110.1344
US-MBP,-248.99170744788765,-259.53197587457265,-242.79898388093767,8.366495996817491,47.5051,-93.4893
US-MEF,-91.07812933056,-109.03347978624001,-75.52457532288,16.754452231680006,39.1006,-105.1024
US-MMS,-444.00390715135825,-467.20426751075934,-422.6959440512381,22.254161729760625,39.3232,-86.4133
US-MN1,-279.78754353881146,-293.5186839793233,-263.56691144542623,14.97588626694855,45.6168,-96.1269
US-MN2,-105.83140302905144,-119.58542277010972,-93.06433641620572,13.260543176951998,45.627,-96.1271
US-MN3,-399.9431228256,-413.74343584310395,-387.052508752704,13.345463545199976,45.6091,-96.1265
US-MOz,-382.2897640672255,-406.03428323004096,-369.87163109876565,18.081326065637654,38.7441,-92.2
US-Me3,-58.6013861376,-76.39897059072,-51.408887229504,12.495041680607997,44.3154,-121.6078
US-Me5,-200.98375577279995,-205.71837622271997,-197.21543992128,4.251468150719987,44.4372,-121.5668
US-Me6,-51.87179985301281,-92.91510005095382,-15.62744694336211,38.64382655379586,44.3232,-121.6044
US-Me7,455.74618792319995,446.022487584,460.2278093184,7.102660867200001,44.4534,-121.5619
US-Mo1,-382.43502359279995,-400.14201570624,-366.2659553760001,16.938030165119955,39.2298,-92.1167
US-Mo2,-35.672586549942864,-49.102459125942836,-25.078841049599994,12.011809038171421,38.9488,-91.9945
US-Mo3,-309.4406554896906,-322.6711342779565,-295.8624553439725,13.404339466992013,39.2322,-92.1493
US-Mpj,-90.06325470935576,-98.68385734138164,-84.50895704146305,7.087450149959295,34.4382,-106.2385
US-Myb,-312.55538596957183,-347.71382508327036,-285.41520657754035,31.14930925286501,38.0499,-121.765
US-NC1,19.658227533449143,-7.286484254350617,47.992595912763434,27.639540083557026,35.8118,-76.7119
US-NC2,-542.512023918486,-592.5268742942238,-504.6217420959408,43.95256609914151,35.803,-76.6685
US-NC3,246.23256622348796,194.5480324382537,270.8661674777966,38.15906751977144,35.799,-76.656
US-Ne1,-360.26576887211246,-385.3087558241102,-341.6601471785522,21.824304322779,41.1651,-96.4766
US-Ne2,-364.48526220252324,-388.8453504044091,-336.84074264825927,26.002303878074912,41.1649,-96.4701
US-Ne3,-247.17159476074892,-275.1327275283435,-229.62682512855054,22.752951199896472,41.1797,-96.4397
US-ONA,-336.38580207277715,-358.92100935853716,-321.2501865613714,18.83541139858289,27.3836,-81.9509
US-Oho,-848.884814942976,-869.773503402432,-829.0986626975657,20.337420352433128,41.5545,-83.8438
US-PLo,-176.5212372864,-183.97431504000002,-169.86676458240004,7.053775228799992,42.7496,-70.9157
US-Prr,18.02372102725682,2.2622479721766275,30.248766622768198,13.993259325295785,65.1237,-147.4876
US-RC1,-360.2135343967487,-379.8338436419327,-344.38018522176003,17.726829210086322,46.7837,-117.0777
US-RC2,-356.4535997606401,-375.46284113856,-335.87219078783994,19.795325175360034,46.7776,-117.0807
US-RC4,-355.55290673472,-418.78342993824,-308.711428291584,55.03600082332798,46.758,-116.949
US-RC5,-531.7999989983999,-568.59447014784,-485.15954897664005,41.71746058559995,47.01,-119.248
US-RGA,-317.9325190031999,-338.73402851136,-306.67845922559997,16.02778464288002,34.4159,-91.6733
US-RGB,-108.67361397120001,-129.61989177695997,-79.02057738239999,25.29965719727999,39.5782,-121.8579
US-RGF,-37.244660544000126,-69.58347897600012,-12.688244352000005,28.44761731200006,37.6995,-121.1369
US-RGW,-294.77066738688,-305.4047504117759,-282.25302336,11.575863525887968,33.6216,-91.4306
US-RGo,-163.32823217664,-187.79473192319998,-127.96393571712002,29.915398103039976,39.6805,-122.0026
US-RRC,323.5834306943999,263.24000780544,356.6875621824,46.72377718848,37.3344,-77.2065
US-Rls,-6.530067638783997,-55.70960448836571,20.133348964333717,37.92147672634972,43.1439,-116.7356
US-Rms,1.6202910239794264,-29.756709672685744,16.320536049785126,23.038622861235435,43.0645,-116.7486
US-Ro1,-143.03380244592697,-153.8926447791039,-136.3708310526168,8.760906863243548,44.7143,-93.0898
US-Ro2,-251.03028784402284,-267.03547876841145,-236.01951241714292,15.507983175634266,44.7288,-93.0888
US-Ro3,-184.25744759808003,-194.27141474208003,-175.85939509055999,9.20600982576002,44.7217,-93.0893
US-Ro4,-292.99251274637504,-305.0689550045498,-285.96811865698203,9.550418173783896,44.6781,-93.0723
US-Ro5,-220.602356251488,-230.70490759933716,-214.14971952929824,8.277594035019462,44.691,-93.0576
US-Ro6,-206.93988217499654,-218.32594213132185,-197.34862944198855,10.488656344666651,44.6946,-93.0578
US-Rpf,-0.2780063788082572,-21.720309025080248,13.763882977533893,17.74209600130707,65.1198,-147.429
US-Rwe,-82.05194067811199,-96.256380678912,-73.30130919417599,11.477535742368005,43.0653,-116.7591
US-Rwf,-44.56513954787659,-61.64652399017142,-30.83271048781714,15.40690675117714,43.1207,-116.7231
US-Rws,-67.13562077999997,-72.97509754800001,-57.98230293542401,7.496397306287999,43.1675,-116.7132
US-SD1,68.8496925888,38.340737510400025,85.07188166399995,23.36557207679996,41.2048,-86.0296
US-SD2,56.59839214847995,24.920358911999976,91.1631303936,33.12138574080001,41.1785,-85.9977
US-SHC,-68.77939355711999,-131.36188471488003,29.495220249599974,80.42855248224001,39.4315,-120.2398
US-SP1,-342.4733204221366,-391.8490648602874,-279.5338451924033,56.15760983394205,29.7381,-82.2188
US-SRC,-50.58889174310401,-75.17714478335999,-31.877256241036804,21.649944271161594,31.9083,-110.8395
US-SRG,-9.18078032346353,-37.146749722809886,20.08877042359058,28.617760073200234,31.7894,-110.8277
US-SRM,39.10236241741615,10.416075619133334,70.8671795408136,30.22555196084013,31.8214,-110.8661
US-SRS,-173.13396046996112,-207.05420661630168,-120.17434869257143,43.43992896186513,31.8173,-110.8508
US-SSH,-484.3444010717952,-521.904054888576,-423.5119544460096,49.19605022128317,40.6658,-77.9041
US-Seg,-12.772131641716012,-22.179019398669247,-6.026942872324979,8.076038263172133,34.3603,-106.7003
US-Ses,-1.350850986933036,-14.83765968535623,5.451304580061461,10.144482132708845,34.335,-106.7448
US-Slt,-95.87079846368229,-122.58955215456322,-72.14159819389793,25.223976980332644,39.9138,-74.596
US-Sne,125.70821523071997,100.72927376640001,229.758092794368,64.51440951398399,38.0369,-121.7547
US-StJ,-1.0094531903999986,-24.268092289920013,19.868817179519997,22.068454734720007,39.0882,-75.4372
US-TaS,-430.4689969489919,-461.97453195648,-391.710587904,35.13197202623999,25.1908,-80.6391
US-Ton,-20.979627869037436,-43.276224474590514,-0.8866177459475111,21.1948033643215,38.4309,-120.966
US-Tw3,-109.15458633964799,-179.17842406809604,-80.15376972556801,49.51232717126401,38.1152,-121.6469
US-Tw4,-424.14272356398544,-449.7939891248166,-400.1509639557817,24.82151258451745,38.1027,-121.6413
US-UC1,-815.3796828239999,-867.511164711744,-590.5597662028799,138.47569925443202,40.7536,-78.0056
US-UC2,-458.311293960192,-501.5258643179519,-393.14903351731203,54.18841540031994,40.7559,-77.9998
US-UMd,-403.3423944387952,-415.765370535091,-387.3741241890516,14.195623173019698,45.5625,-84.6975
US-UTV,-332.8610438592,-373.1327669376,-311.55304492799996,30.78986100480003,40.1266,-109.9546
US-UTW,-615.695827968,-655.3138918464,-573.4414595519999,40.93621614720007,39.4453,-110.7288
US-UiE,-403.46471875029937,-441.9227147755886,-370.2109376629028,35.855888556342904,40.0629,-88.2033
US-UiF,-740.261718728064,-782.93980687824,-676.539138250368,53.200334313936025,40.0665,-88.2015
US-UiG,-255.85073303040002,-305.60372003519996,-217.7227406592,43.94048968799997,40.0629,-88.2009
US-VT1,-162.59873022719995,-183.272015232,-132.52130167680002,25.37535677759999,40.4064,-87.5214
US-VT2,-168.33144003839996,-214.01022700799993,-123.34708926719998,45.33156887039998,40.4018,-87.5213
US-Var,48.08873406223121,9.36437469886232,70.18797557849261,30.411800439815146,38.4133,-120.9508
US-Vcm,-95.57908596898105,-120.27371465088277,-77.89521187210205,21.189251389390357,35.8885,-106.5322
US-Vcp,-306.768616250026,-341.1260226402441,-290.3209246593451,25.402548990449503,35.8641,-106.5965
US-WPT,201.39889275648,182.75540267519997,212.84392170239997,15.044259513599997,41.4646,-82.9962
US-WT1,-81.68109859584,-96.16453512883194,-74.40405631487998,10.880239406975981,34.3674,-101.8154
US-Wjs,-133.98937147273128,-139.70431019518693,-129.51217684465323,5.096066675266854,34.4258,-105.8617
US-Wkg,-5.627432643510858,-19.915885246680933,4.372303141881352,12.144094194281141,31.7365,-109.9419
US-ZF2,-124.9167125528064,-129.961731972096,-118.94808380774401,5.506824082175996,40.7939,-87.5355
US-xAB,-21.50785889280001,-91.90945705823998,29.483452137599983,60.69645459791998,45.7624,-122.3303
US-xAE,5.588852710464005,-0.5558579026559922,9.490485225599993,5.023171564127993,35.4106,-99.0588
US-xBA,22.683108072384,13.279390454591997,31.895797108032,9.308203326720001,71.2824,-156.6194
US-xBL,-288.9843435590399,-338.61186226367994,-252.331539984,43.140161139839975,39.0603,-78.0716
US-xBN,21.266824193856003,11.017058047487996,30.753601529759994,9.868271741135999,65.154,-147.5026
US-xBR,-218.78732525760006,-280.21008077567996,-180.12141761472,50.04433158047998,44.0639,-71.2873
US-xCL,-143.598663167616,-164.58728017535998,-134.88624149875196,14.85051933830401,33.4012,-97.57
US-xCP,56.67773287968001,52.12328438016,60.64596590688,4.26134076336,40.8155,-104.7456
US-xDC,51.33430695168,43.7751006912,57.20929895231998,6.7170991305599905,47.1617,-99.1066
US-xDJ,15.741417020140798,3.797357941440003,23.551496119295997,9.877069088927996,63.881100000000004,-145.7514
US-xDL,-455.7751462656,-470.8327744512,-435.42428981759997,17.70424231680002,32.5417,-87.8039
US-xDS,-117.2522761515648,-139.97044887840002,-103.49849050778879,18.235979185305617,28.125,-81.4362
US-xGR,353.30983674624,292.35322645631993,412.51185734630405,60.07931544499206,35.689,-83.5019
US-xHA,-381.38789132928,-399.38981980031997,-365.90135690304,16.744231448639994,42.5369,-72.1727
US-xHE,26.475768117503996,14.747947696511991,38.890844658432,12.071448480960004,63.8757,-149.2133
US-xJE,-67.92290873279997,-97.81327006848,-47.76900892991999,25.02213056928,31.1948,-84.4686
US-xJR,29.9078409867264,23.2098182898048,35.3167995635712,6.0534906368832,32.5907,-106.8425
US-xKA,-130.76976222144003,-143.75423949696003,-117.99226585728002,12.880986819840004,39.1104,-96.6129
US-xKZ,-168.00585522047996,-181.97921215295997,-155.67417710208,13.15251752543999,39.1008,-96.5631
US-xMB,38.251286551872,29.381225762304002,45.12707300275199,7.872923620223995,38.2483,-109.3883
US-xML,41.744732901119974,18.276377328000024,64.74965475456,23.236638713279987,37.3783,-80.5248
US-xNG,-12.473411970239995,-21.466958167871997,-5.122840146911994,8.172059010480002,46.7697,-100.9154
US-xNQ,7.0530147055872066,-7.793985475180794,18.2640984309504,13.029041953065597,40.1776,-112.4524
US-xPU,-432.94596773183997,-465.1888971455999,-417.48801706944005,23.850440038079938,19.5531,-155.3173
US-xRM,85.15919194847999,65.5193604985344,100.22873199494401,17.35468574820481,40.2759,-105.5459
US-xSB,-63.17729153279999,-73.88354433599999,-52.11782662175999,10.882858857119999,29.6893,-81.9934
US-xSC,-14.851629849600016,-57.18536495999997,5.668991711999993,31.427178335999983,38.8929,-78.1395
US-xSE,-417.42801626112004,-436.3387135505279,-398.46078938880004,18.938962080863945,38.8901,-76.56
US-xSJ,175.25134346111997,140.00466423744,201.855952122624,30.92564394259199,37.1088,-119.7323
US-xSL,117.34500557951998,110.2444546176,123.42564025920001,6.590592820800005,40.4619,-103.0293
US-xSP,-6.304812094079999,-24.794598495168017,3.3093263370239967,14.051962416096007,37.0334,-119.26220000000001
US-xSR,49.505250870432,38.457071535168,60.321089810880004,10.932009137856003,31.9107,-110.8355
US-xST,-343.771664523264,-351.59227253913593,-334.098272706048,8.746999916543956,45.5089,-89.5864
US-xTE,-218.80973387001598,-264.25421665055995,-194.61831941491195,34.817948617824,37.0058,-119.006
US-xTL,-19.786816062719996,-28.87248666297601,-10.248835049856,9.311825806560005,68.6611,-149.3705
US-xTR,-243.25804363967995,-263.53083049919996,-223.56574280063998,19.982543849279992,45.4937,-89.5857
US-xUK,-75.65284355328002,-96.2421028128,-48.978555026688,23.631773893056,39.0404,-95.1921
US-xUN,-333.245805537024,-339.351257320704,-322.32354824448,8.513854538112014,46.2339,-89.5373
US-xWD,30.214759276799995,22.850916773759984,36.003645037439995,6.5763641318400055,47.1282,-99.2414
US-xWR,-46.89370107072,-83.52541619424001,-20.093035623552005,31.716190285344002,45.8205,-121.9519
VU-Coc,-470.14662366720006,-537.644532358656,-433.3477197312,52.148406313727975,-15.444423,167.19131
ZA-BfK,-40.544132279328,-53.80934758271998,-27.382554920735995,13.213396330991992,-28.856483,24.83985
ZA-BfS,-226.28840797440003,-235.12034148768,-219.111456763584,8.00444236204801,-28.8906,24.86112
ZA-Spk,-287.5991707584001,-329.0415996672,-223.08911519615998,52.976242235520004,-28.70408,29.52614
ZA-Uby,-347.29051641408,-355.72643805888003,-342.571930252416,6.57725390323202,-27.3952,32.5889
ZM-Mon,58.14785942208001,20.594993644799985,75.78392528563201,27.594465820416012,-15.4391,23.2525
